paper_url,paper_name,paper_year,abstract,keywords,doi_url
https://pmc.ncbi.nlm.nih.gov/articles/PMC12531469/,Influence of Serum Vitamin D on Age‐Related Physiological Changes: A Cross‐Sectional Study in Middle‐Aged Adults,2025,,aging; anthropometry; phenotypic marker; vitamin D; walking speed; Research Article; Research Article,https://doi.org/10.1002/cph4.70047
https://pmc.ncbi.nlm.nih.gov/articles/PMC12533413/,Restoration of SIRT3 Expression in Aged Mice Alleviates UUO‐Induced Renal Fibrosis by Reducing GSK‐3β Hyperacetylation,2025,"Aging increases the vulnerability of kidneys to injury and impairs their regenerative capacity. SIRT3 expression declines with aging and is associated with multiple age‐related pathologies. The expression profile and functional role of SIRT3 in renal aging remain unclear. Here, SIRT3 expression in aging kidneys is assessed and analyzed for its promoter methylation patterns using methylation‐specific PCR (MSP). It is found that aging exacerbates UUO‐induced renal fibrosis, associated with downregulated SIRT3 expression. Mechanistically, age‐related SIRT3 downregulation is mediated by hypermethylation of its promoter region. SIRT3 knockout exacerbated renal fibrosis in young mice subjected to UUO, whereas SIRT3 overexpression attenuated fibrosis in aged UUO mice. Integration of RNA‐seq and immunoprecipitation‐mass spectrometry (IP‐MS) analyses revealed that SIRT3 deficiency leads to hyperacetylation of GSK3β at lysine 15 (K15). This K15 hyperacetylation inhibited GSK3β activity, consequently stabilizing its substrate β‐catenin. Furthermore, self‐assembled PEG‐PCL‐PEG micelles are designed and synthesized to encapsulate hydrophobic honokiol (HKL). These micelles significantly enhanced the aqueous solubility and oral bioavailability of free HKL, maintained stable blood concentrations, and ultimately improved its anti‐fibrotic efficacy. These findings propose novel therapeutic strategies for managing renal fibrosis in the aging population and provide a foundation for developing new drugs and combination therapies.",aging; deacetylation; kidney fibrosis; micelles; obstructive nephropathy; SIRT3; Research Article; Research Article,https://doi.org/10.1002/advs.202417248
https://pmc.ncbi.nlm.nih.gov/articles/PMC12528481/,"Biological attributes of <italic toggle=""yes"">Hadronotus pubescens</italic> (Motschoulsky) (Hymenoptera: Scelionidae) reared on refrigerated eggs of <italic toggle=""yes"">Riptortus pedestris</italic> Fabricius (Hemiptera: Alydidae)",2025,"<italic toggle=""yes"">Hadronotus pubescens</italic> (Motschoulsky) (Hymenoptera, Scelionidae) is a solitary egg parasitoid that lays its eggs in the eggs of <italic toggle=""yes"">Riptortus pedestris</italic> Fabricius (Hemiptera: Alydidae), which is a major pest for legume crops in Korea, Japan, and Bangladesh. This study assessed the quality of refrigerated <italic toggle=""yes"">R. pedestris</italic> eggs in relation to host-accepting behaviors and biological characteristics, including parasitism rate, development duration, emergence rate, sex ratio, and longevity. The hatchability of the refrigerated eggs was evaluated. <italic toggle=""yes"">R. pedestris</italic> eggs that were refrigerated for over 30 days failed to hatch entirely. The refrigeration influences the average duration of each host acceptance behavior (i.e., drumming, drilling, oviposition, and marking) on host eggs. The number of parasitized host eggs per female, the male proportion, and the emergence rate of <italic toggle=""yes"">H. pubescens</italic> were unaffected by chilling for up to 30 days in comparison to fresh eggs. Moreover, the refrigerated host eggs did not influence the reproduction of the emerged adult parasitoids or the growth of their offspring. The longevity of <italic toggle=""yes"">H. pubescens</italic> was not influenced by the refrigeration of <italic toggle=""yes"">R. pedestris</italic> eggs. The refrigeration of host eggs for up to 30 days did not adversely affect any biological features of the second generation of <italic toggle=""yes"">H. pubescens</italic>. So, keeping <italic toggle=""yes"">H. pubescens</italic> eggs in the fridge can be a good way to produce a lot of the parasitoid, and the host eggs that are no longer alive after being stored in the cold can be used in the field to increase parasitism.","<italic toggle=""yes"">Riptortus pedestris</italic>; <italic toggle=""yes"">Hadronotus pubescens</italic>; Cold storage; Broad-headed bug; Mass rearing; Lablab bean; Biological techniques; Ecology; Article",https://doi.org/10.1038/s41598-025-18638-y
https://pmc.ncbi.nlm.nih.gov/articles/PMC12535130/,Targeting PURPL RNA enabled rejuvenation of senescence cells via epigenetic reprogramming,2025,"Cellular senescence is a fundamental driver of ageing and age-related diseases, characterized by irreversible growth arrest and profound epigenetic alterations. While long non-coding RNAs (lncRNAs) have emerged as key regulators of senescence, their potential for senescent cell rejuvenation remains unexplored. Here, we identify the ageing-associated lncRNA PURPL as an epigenetic regulator that controls cellular rejuvenation through H3K9me3-mediated transcriptional silencing. CRISPRi-mediated PURPL depletion produces striking rejuvenation effects, resulting in restored youthful cell morphology, as well as suppression of senescence markers such as p21 and SA-β-gal. Conversely, PURPL overexpression accelerates cellular senescence, recapitulating the transcriptional and phenotypic hallmarks of ageing. Mechanistically, nuclear-localized PURPL regulates H3K9me3 deposition at 411 genomic loci including SERPINE1 (PAI-1) and EGR1, which are key senescence drivers. PURPL-mediated H3K9me3 loss at these loci derepresses their transcription, establishing a pro-senescence gene expression program. These findings reveal that PURPL is an epigenetic modulator of senescence and highlight its potential as a therapeutic target for age-related pathologies.",Cellular senescence; Long non-coding RNA; PURPL; Histone modification; H3K9me3; Research,https://doi.org/10.1186/s12967-025-07208-5
https://pmc.ncbi.nlm.nih.gov/articles/PMC12537270/,Exercise-induced angiogenesis and lymphangiogenesis: A potential therapeutic tool to fight aging and disease,2025,"Aging is an inevitable, physiological process of the human body, leading to deterioration in bodily function and increased susceptibility to various diseases. Effective endogenous therapeutic strategies for anti-aging and related diseases remain limited. Exercise confers multifaceted benefits to physical health by augmenting osteogenic and myogenic processes, enhancing cardiovascular and nervous system function, and attenuating chronic inflammation. Angiogenesis and lymphangiogenesis play pivotal roles in anti-aging, tissue repair, and immune response modulation, underscoring their potential as therapeutic targets for age-related diseases. Modulating angiogenic and lymphangiogenic pathways may provide a promising strategy for mitigating vascular decline and immune system dysfunction associated with aging. Exercise-induced endogenous angiogenesis and lymphangiogenesis can exert beneficial effects on physiological function, thereby representing a potential therapeutic paradigm for combating age-related decline and diseases. This review offers a thorough summary of the present knowledge regarding angiogenesis and lymphangiogenesis induced by exercise, encompassing the underlying mechanisms and the effects in different organs. In addition, it explores the potential of physical activity as a non-pharmacological intervention for anti-aging strategies and disease management, offering novel insights into the intersection of physical activity, aging, and disease progression.",Exercise; Angiogenesis; Lymphangiogenesis; Aging; Disease; Review Article,https://doi.org/10.1097/CM9.0000000000003831
https://pmc.ncbi.nlm.nih.gov/articles/PMC12529463/,"Altered Coding of Environmental Boundaries in Human Aging: An <styled-content style=""fixed-case"" toggle=""no"">fMRI</styled-content> Study",2025,"Aging is associated with changes in spatial memory and navigation, yet the mechanisms underlying these changes are not yet fully understood. Environmental boundaries are among the most salient and reliable spatial cues, supporting both spatial memory and orientation. Here, we investigated how aging affects the use and the neural representation of boundary information during a virtual object location memory task. Healthy young and older adults navigated a square virtual environment while undergoing functional magnetic resonance imaging, allowing us to assess moment‐to‐moment encoding of distance to environmental boundaries in the entorhinal cortex and subiculum. Behaviorally, both age groups showed more accurate memory for objects located near boundaries, but this effect was amplified in older adults, whose spatial precision declined more steeply with increasing distance from boundaries. Older adults also exhibited a stronger bias to recall objects closer to boundaries. Analysis of navigation behavior revealed that older adults followed boundary‐oriented paths regardless of target location, whereas young adults flexibly adapted their navigation based on spatial context. Neurally, older adults—but not young adults—showed significant blood‐oxygen‐level‐dependent modulation by boundary distance in the entorhinal cortex and subiculum, with activity decreasing as participants moved farther from boundaries. This effect was most pronounced in low‐performing older adults and was associated with stronger behavioral boundary bias, suggesting a maladaptive reliance on proximity‐based cues. Together, our results provide converging behavioral and neural evidence that aging alters the use and representation of boundary information, with downstream effects on spatial memory. Altered boundary processing may represent a key mechanism contributing to age‐related declines in spatial cognition.",Research Article; Research Article,https://doi.org/10.1002/hipo.70044
https://pmc.ncbi.nlm.nih.gov/articles/PMC12530453/,An Accessible Multifunctional System to Support Safe and Independent Aging in Place: Iterative Development and Qualitative Analysis,2025,,"gerontology; aging in place; older adults; informal caregivers; mobile apps; self-determination theory; iterative design; qualitative text analysis; Aging in Place; Usability and Technology Use Studies with Elder Subjects; Design and Usability of Consumer Health Tech and Home Monitoring Devices; Supporting Informal Care and Caregivers; Attitudes, Beliefs, and Health Behaviours in Human Factors Research; User Needs and Competencies; Mental Health Issues in Adolescence; Mental Health Issues in Elderly Patients and Geriatric Psychiatry; Original Paper",https://doi.org/10.2196/72579
https://pmc.ncbi.nlm.nih.gov/articles/PMC12534153/,Longitudinal Associations Between Depression Symptoms and Cognitive Functions in Chinese Older Adults: A Cross-Lagged Panel Network Analysis,2025,,cognitive function; cross-lagged panel network; depression symptom; longitudinal; older adults; Research Article,https://doi.org/10.1155/da/3984020
https://pmc.ncbi.nlm.nih.gov/articles/PMC12530284/,No Evidence That Life History Strategies Shape Within‐Body Mosaics of Ageing,2025,"Tissues across the body may age at different rates, which creates within‐body mosaic ageing. Life history strategies shape ageing patterns at the inter‐ and intra‐specific level, but the impact of life history strategies on mosaic‐ageing patterns <italic toggle=""no"">within</italic> individuals remains unknown. Reproductive tissues in individuals selected to prioritise reproduction may age faster than somatic tissues because of increased ‘wear and tear’. Alternatively, individuals that prioritise reproduction may specially protect reproductive tissues at the expense of somatic tissues to allow for increased reproductive function. Here, we used Japanese quail (<styled-content style=""fixed-case"" toggle=""no"">
<italic toggle=""no"">Coturnix japonica</italic>
</styled-content>) artificially selected for increased versus reduced reproductive investment (egg size) to test how reproductive strategies modulate within‐body variation in ageing patterns, by measuring telomere length as an ageing biomarker in blood cells, spleen and reproductive tissue (oviduct and testis). Although there were absolute, sex‐specific differences in telomere length across tissue types, we did not find evidence that an individual's reproductive strategy shapes within‐body mosaics of ageing: patterns of relative telomere length in somatic and reproductive tissues were similar in individuals selected for high and low reproductive investment, respectively (i.e., no significant selection regime × tissue type interaction), and consistent strong positive correlations in telomere lengths among blood cells, spleen and reproductive tissue were observed within individuals across reproductive investment selection regimes. Our results suggest that an individual's life history strategy does not affect tissue‐specific ageing rates or that ‘wear and tear’ and ‘special protection’ mechanisms might act simultaneously and cancel each other out.",asynchronous ageing; differential ageing; disposable soma theory of ageing; pace of life; sexual dimorphism; telomere shortening and attrition; Original Article; ORIGINAL ARTICLE,https://doi.org/10.1111/mec.70040
https://pmc.ncbi.nlm.nih.gov/articles/PMC12535002/,Proteomic landscape of multidimensional aging phenotypes,2025,,Proteome; Aging; Mendelian randomization; Metabolome; Genetics; Research,https://doi.org/10.1186/s13073-025-01558-x
https://pmc.ncbi.nlm.nih.gov/articles/PMC12528173/,Kefir and healthy aging: revealing thematic gaps through AI-assisted screening and semantic evidence mapping,2025,"Kefir, fermented milk rich in probiotics, has attracted growing attention for its potential anti-aging effects. Yet, studies specifically addressing kefir in the context of aging remain limited and scattered across diverse biological fields. To overcome this fragmentation, we applied an integrative approach that combines a cutting-edge AI-assisted algorithm for evidence screening with a Python-based semantic clustering pipeline. This allowed us to systematically map and classify the existing literature into four functional domains of aging: changes in body composition, energy balance, homeostatic signaling networks, and neurodegeneration. The resulting evidence map revealed a marked thematic imbalance, with most studies concentrated in mechanistic pathways such as inflammation and oxidative stress, and far fewer addressing neurocognitive or metabolic outcomes. This asymmetry suggests a structural bias in current research priorities and highlights the need to expand kefir-related studies toward more clinically relevant aging endpoints. By merging AI with domain-specific linguistic tools, our study provides a reproducible and data-driven strategy to uncover thematic blind spots and guide future investigations into kefir’s anti-aging potential.",kefir; probiotcs; aging; systematic evidence mapping; microbiota; gut-brain axes; multisystem health effects; systematic review; Aging,https://doi.org/10.3389/fragi.2025.1628474
https://pmc.ncbi.nlm.nih.gov/articles/PMC12536935/,"Genetic perturbation of cellular homeostasis regulates integrated stress response signaling to control <italic toggle=""yes"">Drosophila</italic> hematopoiesis",2025,"Aging results in a decline in cellular and molecular functions. One of the hallmarks of aging is stem cell exhaustion, which impacts self-renewal and differentiation. We employ the <italic toggle=""yes"">Drosophila</italic> larval lymph gland (LG) to investigate the impact of genetic perturbation of cellular homeostasis on hematopoiesis. The LG consists of a posterior signaling center (PSC) – a stem cell niche that maintains medullary zone (MZ) prohemocytes, whereas the cortical zone (CZ) consists of differentiated hemocytes. We employed over-activation of Toll or Imd pathway to disrupt cellular homeostasis, whereas we over-expressed Foxo or Atg8 to balance it. Genetic perturbation of cellular homeostasis displays hallmarks of aging. Induction of Toll or Imd pathway locally and systemically leads to a decreased niche size and increased differentiation, whereas Foxo or Atg8 over-expression shows an opposite trend. We showed that the integrated stress response (ISR) pathway is induced upon Toll or Imd over-activation and LGs with ISR perturbation show increased hemocyte differentiation. Genetic epistasis shows that ectopic over-expression of ISR components upon Imd activation can rescue hematopoietic defects. Overall, our study explores how genetic perturbation of cellular homeostasis can impact hematopoiesis. Our research has implications in understanding how abrogation of cellular homeostatic mechanisms may lead to onset of malignancies.","Homeostasis; Stem cells; Signaling; Hematopoiesis; <italic toggle=""yes"">Drosophila</italic>; Research Article",https://doi.org/10.1242/bio.062046
https://pmc.ncbi.nlm.nih.gov/articles/PMC12527168/,"Convergent evolution of H4K16ac-mediated dosage compensation in the ZW species <italic toggle=""yes"">Artemia franciscana</italic>",2025,"Sex chromosomes impact chromatin organization and histone modification dynamics differently between males and females, particularly those involved in dosage compensation (DC). The evolutionary diversity, as well as the tissue- and age-dependent variations of DC mechanisms are incompletely understood. Here, we investigate the occurrence of histone H4 lysine 16 acetylation (H4K16ac), previously known for its role in sex chromosome DC in the male-heterogametic fruit fly <italic toggle=""yes"">Drosophila melanogaster</italic> and the green anole lizard <italic toggle=""yes"">Anolis carolinensis</italic>. By sampling multiple arthropods, we find the convergent evolution of H4K16ac for DC in a female-heterogametic (ZW) species, the crustacean <italic toggle=""yes"">Artemia franciscana</italic>. CUT&Tag analysis demonstrates that H4K16ac is confined to the non-recombining stratum of the Z chromosome in females. H4K16ac-mediated DC is established during embryogenesis. In aged individuals, we observe an overall decline in nuclear organization, disrupted H4K16ac territories and increased variability in local acetylation levels on the female Z chromosome. Our findings shed light on the evolutionary diversity of DC across species and raise the possibility of sex-specific histone acetylation contributing to male-female differences in lifespan.",Research Article; Research and Analysis Methods; Research and Analysis Methods; Research and Analysis Methods; Biology and Life Sciences; Biology and Life Sciences; Biology and Life Sciences; Biology and Life Sciences; Biology and Life Sciences; Biology and Life Sciences; Biology and Life Sciences; Biology and Life Sciences; Biology and Life Sciences; Biology and Life Sciences; Biology and Life Sciences,https://doi.org/10.1371/journal.pgen.1011895
https://pmc.ncbi.nlm.nih.gov/articles/PMC12524503/,From Diabetes to Degenerative Diseases: The Multifaceted Action of Metformin,2025,"Metformin, an oral antihyperglycemic drug, represents the cornerstone of pharmacological treatment for type 2 diabetes mellitus (T2DM). Its primary glucose-lowering effects are well established, predominantly mediated through the activation of AMP-activated protein kinase (AMPK). This activation leads to a reduction in hepatic glucose production (primarily by inhibiting gluconeogenesis and glycogenolysis) and an increase in peripheral glucose uptake and utilization. Beyond its direct impact on glucose metabolism, metformin also improves insulin sensitivity and has beneficial effects on lipid profiles. Increasingly, research shows that metformin has pleiotropic effects. In addition to its recognized antihyperglycemic action, metformin is emerging as a regulator of cellular processes implicated in aging. Indeed, emerging evidence suggests a potential role of metformin in modulating pathways associated with longevity and ameliorating the symptoms of age-related diseases, including neurodegenerative disorders (such as Alzheimer’s and Parkinson’s diseases), cardiovascular diseases, age-related macular degeneration, and osteoporosis. The proposed mechanisms for these broader effects involve AMPK activation, modulation of the mTOR pathway, reduction of oxidative stress, and promotion of autophagy. After exploring the established role of metformin in T2D, this review provides a comprehensive investigation of its promising applications in the context of age-related diseases, offering valuable insights into its multifaceted therapeutic potential beyond glycemic control.",metformin; diabetes mellitus; age-related disorders; Alzheimer’s disease; Parkinson’s disease; osteoporosis; Review,https://doi.org/10.3390/ijms26199748
https://pmc.ncbi.nlm.nih.gov/articles/PMC12536479/,Emerging roles of primary cilia in the pathogenesis of amyotrophic lateral sclerosis,2025,"Amyotrophic lateral sclerosis (ALS) is a progressive neurodegenerative disease primarily affecting motor neurons, for which effective disease-modifying therapies remain elusive. Primary cilia are solitary microtubule-based organelles critical for signal transduction and have recently been implicated in ALS pathogenesis. In this review, we provide a basic overview of the structure, dynamics, and functions of primary cilia, particularly in the brain. We highlight accumulating evidence from ALS models showing altered ciliary structure and function and explore how mutations in ALS-associated genes such as <italic toggle=""yes"">NEK1</italic>, <italic toggle=""yes"">C21orf2</italic>, and <italic toggle=""yes"">C9orf72</italic> disrupt ciliogenesis and ciliary signaling. Moreover, we examine the interplays between primary cilia dysfunction and known ALS-related mechanisms, including loss of proteostasis, abnormal RNA metabolism, microtubule dysfunction, neuroinflammation, and mitochondrial dysfunction. Collectively, the evidence suggests a bidirectional relationship in which ciliary impairment and ALS pathomechanisms reinforce one another in a vicious cycle. We further discuss emerging therapeutic strategies targeting ciliary function, as well as the potential for primary cilia as novel clinical applications. Our review highlights primary cilia as a previously underappreciated yet potentially important component of ALS biology, offering novel insights into disease mechanisms and future therapeutic development.",amyotrophic lateral sclerosis; primary cilia; ciliopathy; aging; NEK1; C21orf2; C9orf72; neurodegeneration; Neuroscience,https://doi.org/10.3389/fnins.2025.1688839
https://pmc.ncbi.nlm.nih.gov/articles/PMC12524801/,Molecular Landscape of Prostate Cancer Across Age Groups: Impact on Prognosis and Treatment Outcomes,2025,"Prostate cancer (PC) has long been considered a disease of older men. Still, a significant and concerning rise in diagnoses among younger men has revealed a biologically distinct and more aggressive clinical entity: early-onset prostate cancer (EO-PC). This comprehensive review synthesizes the molecular and clinical evidence to demonstrate that PC is not a single disease, but a collection of distinct entities delineated by patient age. EO-PC is characterized by a strong genetic component, unique fusion events like <italic toggle=""yes"">TMPRSS2-ERG</italic>, and a highly plastic phenotype driven by intense Notch signaling and a hybrid epithelial-to-mesenchymal transition. In stark contrast, late-onset prostate cancer (LO-PC) is defined by a higher mutational burden, an epigenetic “field defect” that accumulates with age, and a predominantly immunosuppressive tumor microenvironment. These profound biological differences have significant implications for diagnosis, prognosis, and therapeutic strategies. Traditional prognostic tools, such as the Gleason score, are often insufficient to capture the full spectrum of risk in younger men. The divergent molecular landscapes of EO-PC and LO-PC necessitate a fundamental shift from a standard approach to an age-aware precision medicine framework. This review highlights key therapeutic targets and underscores the critical need for a new paradigm in PC management to improve patient outcomes.",neoplasm grading; precision medicine; tumor microenvironment; prostatic neoplasms; early-onset prostate cancer; late-onset prostate cancer; aged; Review,https://doi.org/10.3390/ijms26199777
https://pmc.ncbi.nlm.nih.gov/articles/PMC12524782/,Bottom-up engineering of the nucleus pulposus using a photocrosslinkable decellularized matrix hydrogel attenuates inflammaging and enhances microtissue-mediated regeneration,2025,"Degenerative disc disease (DDD), characterized by the pathological deterioration of nucleus pulposus (NP) tissue, affects millions globally. Tissue engineering strategies offer potential to create tissue-engineered NP (TE-NP) analogs to address DDD. However, traditional ""top-down' approaches face challenges in achieving uniform cell distribution and replicating the intradiscal extracellular matrix (ECM) environment. In contrast, a ""bottom-up' strategy utilizing microscale seed units represents a promising alternative. This study introduces an innovative ""bottom-up' approach for constructing TE-NP, leveraging bioreactor-cultivated NP microtissues (NP-MTs) as seed units and a novel methacrylate-modified decellularized nucleus pulposus matrix (DNPM-MA) hydrogel as a supporting biomaterial. NP-MTs cultivated under low-magnitude hydrostatic pressure exhibit nascent ECM surroundings adapting well to the intradiscal microenvironment. The DNPM-MA hydrogel, with its compositional and mechanical attributes, supports the growth, migration, proliferation, and ECM synthesis of NP-MTs, making it an ideal biomaterial for long-term cultivation. The combination of NP-MTs and the DNPM-MA hydrogel yielded superior tissue regeneration outcomes both in vitro and in vivo. Transcriptome and molecular assessments revealed a correlation between the biological properties of the DNPM-MA hydrogel and the attenuation of inflammaging within encapsulated NP-MTs. Overall, this innovative ""bottom-up' constructed TE-NP exhibits superior regenerative potential and is a promising tissue engineering strategy for treating DDD.",Nucleus pulposus progenitor cells (NPPCs); Photocrosslinkable hydrogel; Microtissue; Tissue engineered nucleus pulposus (TE-NP); Inflammaging; Full Length Article,https://doi.org/10.1016/j.mtbio.2025.102347
https://pmc.ncbi.nlm.nih.gov/articles/PMC12529554/,A long-term culture model for investigating senescence-associated dysregulation in macrophages,2025,"Macrophage senescence is increasingly recognized as a key contributor to immune dysfunction during aging and chronic inflammation. Here, we developed a reproducible long-term <italic toggle=""yes"">in vitro</italic> culture model to investigate the senescence’s phenotypic and functional consequences in human macrophages. Monocyte-derived macrophages (MDMs) were cultured for 7, 14, or 21 days and assessed for canonical senescence markers and immune function. While macrophages at day 7 exhibited minimal expression of β-galactosidase, H2AXpS139, and CDKN2A (p16INK4a), these markers were significantly upregulated at days 14 and 21, indicating progressive acquisition of a senescent phenotype. Cell viability remained above 95% across all time points, confirming the system’s stability. High-dimensional flow cytometry and unsupervised clustering revealed marked phenotypic remodeling over time, shifting from anti-inflammatory CD163<sup>+</sup>/CD206<sup>+</sup> profiles to proinflammatory CD14<sup>+</sup>/CD64<sup>+</sup>/TLR2<sup>+</sup> populations. Five distinct macrophage subpopulations were identified, each with dynamic temporal distribution and unique marker expression, highlighting a loss of plasticity and emergence of senescence-associated states. Functionally, day 7 macrophages produced a diverse cytokine panel responding to lipopolysaccharide (LPS), including IL-2, IL-12p70, IL-4, IL-5, TNF-α, GM-CSF, IFN-γ, and IL-10. In contrast, macrophages at days 14 and 21 displayed a markedly restricted cytokine profile, retaining the secretion of cytokines but significantly downregulating the secretion of Th1-type cytokines. This long-term culture model constitutes a robust, physiologically relevant tool to study immune aging, senescence-driven immune reprogramming, and inflammation in macrophages with the potential for the preclinical evaluation of therapeutic strategies to ameliorate inflammaging and restore immune competence.",senescence; macrophages; immune dysregulation; inflammation; M1 polarization; spectral flow cytometry; Immunology,https://doi.org/10.3389/fimmu.2025.1661497
https://pmc.ncbi.nlm.nih.gov/articles/PMC12532706/,Upregulation of adenosine A<sub>2A</sub> receptor in astrocytes is sufficient to trigger hippocampal multicellular dysfunctions and memory deficits,2025,"Adenosine is an ubiquitous neuromodulator that ensures cerebral homeostasis. It exerts numerous functions through the activation of G-protein-coupled adenosine receptors (ARs), in particular A<sub>1</sub> (A<sub>1</sub>R) and A<sub>2A</sub> (A<sub>2A</sub>R) receptors. Interestingly, A<sub>2A</sub>R levels are upregulated in cortical and hippocampal regions in several pathological conditions such as Alzheimer’s disease, tauopathies or epilepsia. Such abnormal upregulations have been particularly reported in astrocytes, glial cells that play a key role in regulating synaptic plasticity. However, the overall impact and the underlying mechanisms associated with increased A<sub>2A</sub>R in astrocytes remain poorly understood. In the present study, we induced the upregulation of A<sub>2A</sub>R in hippocampal astrocytes using dedicated AAVs and comprehensively evaluated the functional consequences in 4 months-old C57Bl6/J mice. Our results show that A<sub>2A</sub>R upregulation primarily promotes alterations of astrocyte reactivity, morphology and transcriptome, with a link to aging-like phenotype as well as secondary impairments of neuronal excitability and microglial phenotype. These changes driven by a restricted A<sub>2A</sub>R upregulation in hippocampal astrocytes were sufficient to induce impairments of short-term spatial memory and spatial learning. This study highlights the impact of astrocytic A<sub>2A</sub>R upregulation, as seen in various neurological conditions, on the development of a detrimental multicellular response associated with memory alterations and provides an additional proof-of-concept for the value of targeting this receptor in different neurodegenerative conditions.",Neuroscience; Diseases; Article,https://doi.org/10.1038/s41380-025-03115-9
https://pmc.ncbi.nlm.nih.gov/articles/PMC12526049/,Therapy-induced senescent glioblastoma cells sustain a procancer immune microenvironment by activating DDX58-mediated STAT1 signaling,2025,,Glioblastoma; Senescence; TAM; Immune microenvironment; DDX58; STAT1; Basic and Translational Investigations; AcademicSubjects/MED00300; AcademicSubjects/MED00310,https://doi.org/10.1093/neuonc/noaf107
https://pmc.ncbi.nlm.nih.gov/articles/PMC12517307/,"<italic toggle=""yes"">Lactobacillus amylovorus</italic> KU4 inhibits adipocyte senescence in aged mice through necdin regulation of p53 activity",2025,"Previously, we reported that <italic toggle=""yes"">Lactobacillus amylovorus</italic> KU4 (LKU4) ameliorates diet-induced metabolic disorders by regulating adipose tissue (AT) physiology. Since metabolic disorders and age-related pathological conditions mutually exacerbate each other, this study hypothesizes that LKU4 may protect against adipose senescence during aging. Thus, this study demonstrates that LKU4 administration suppresses age-related metabolic dysfunction and aging phenotypes in AT of 24-month-old mice. Furthermore, LKU4 suppressed the expression of senescence marker genes, including <italic toggle=""yes"">p53</italic>, in the AT of these mice in parallel with the upregulation of <italic toggle=""yes"">necdin</italic> (<italic toggle=""yes"">NDN</italic>). Particularly, the effect of LKU4 on the expression of these genes was enhanced in adipocytes compared to stromal vascular fraction (SVF) cells. Mechanistically, NDN mediates the LKU4-induced suppression of <italic toggle=""yes"">p53</italic> transcriptional activity by blocking the p53–p300 interaction, thereby inhibiting p53 acetylation. Both LKU4 and NDN consistently reduced the senescence-associated secretory phenotype (SASP) in the AT of aged mice and senescent 3T3-L1 adipocytes. Furthermore, <italic toggle=""yes"">ex vivo</italic> NDN silencing in the AT of D-galactose-induced aging mice abolished LKU4 protection against p53-induced adipose senescence, reducing adipogenesis and mitochondrial dysfunction in primary adipocytes. These findings demonstrate that LKU4 inhibits age-induced adipocyte senescence by modulating the p53–p300 interaction through NDN, thereby protecting against age-associated metabolic disorders.",Lactobacillus amylovorus KU4; adipocyte senescence; necdin; p53; aging; Research Paper,https://doi.org/10.18632/aging.206314
https://pmc.ncbi.nlm.nih.gov/articles/PMC12517210/,Mitochondrial proteins as biomarkers of cellular senescence and age-associated diseases,2025,"Research in the field of mitochondrial biomarkers plays an important role in understanding the processes of cellular aging. Mitochondria are not only the energy centers of the cell, but also key regulators of signaling within the cell. They significantly affect the life and function of the cell. The aging process of cells is associated with various factors, including DNA damage, disruption of the cell cycle, changes in mitochondria, and problems with signal transmission.

Mitochondrial dysfunction is a major contributor to cellular and organismal aging. As we age, there is an accumulation of dysfunctional mitochondria, leading to decreased efficiency of oxidative phosphorylation and increased production of reactive oxygen species.

This review focuses on the main mitochondrial markers involved in the mechanisms of cell aging: DRP1, Prohibitin, Parkin, PINK1, MFF, VDAC, TOM. These signaling molecules are involved in mitochondrial fission and the mechanisms of mitochondria-dependent apoptosis, in the regulation of mitochondrial respiratory activity, ensuring the stability of the organization and copying of mitochondrial DNA, protecting cells from oxidative stress, in the process of autophagy of damaged mitochondria, in protective mechanisms during stress-induced mitochondrial dysfunction.

Analysis of mitochondrial markers can provide valuable information about the state of cells and their functional significance at various stages of aging, which could promote our understanding of cellular aging mechanisms and developing corrective methods. These insights highlight mitochondrial proteins as potential therapeutic targets to combat age-related diseases.",mitochondria; mitochondrial proteins; biomarkers; cellular senescence; age-associated diseases; Review,https://doi.org/10.18632/aging.206305
https://pmc.ncbi.nlm.nih.gov/articles/PMC12524674/,Critical Requirement of Senescence-Associated CCN3 Expression in CD44-Positive Stem Cells for Osteoarthritis Progression,2025,"Osteoarthritis (OA) is a degenerative joint disease characterized by progressive cartilage breakdown, synovial inflammation, and subchondral bone remodeling. Previous studies have shown that cellular communication network factor 3 (CCN3) expression increases with age in cartilage, and its overexpression promotes OA-like changes by inducing senescence-associated secretory phenotypes. This study aimed to investigate the effect of <italic toggle=""yes"">Ccn3</italic> knockout (KO) on OA development using a murine OA model. Destabilization of the medial meniscus (DMM) surgery was performed in wild-type (WT) and <italic toggle=""yes"">Ccn3</italic>-KO mice. Histological scoring and staining were used to assess cartilage degeneration and proteoglycan loss. Gene and protein expressions of catabolic enzyme (<italic toggle=""yes"">Mmp9</italic>), hypertrophic chondrocyte marker (<italic toggle=""yes"">Col10a1</italic>), senescence marker, and cyclin-dependent kinase inhibitor 1A (<italic toggle=""yes"">Cdkn1a</italic>) were evaluated. Single-cell RNA sequencing (scRNA-seq) data from WT and <italic toggle=""yes"">Sox9</italic>-deficient cartilage were reanalyzed to identify <italic toggle=""yes"">Ccn3</italic><sup>+</sup> progenitor populations. Immunofluorescence staining assessed CD44 and Ki67 expression in articular cartilage. The effects of <italic toggle=""yes"">Ccn3</italic> knockdown on IL-1β-induced <italic toggle=""yes"">Mmp13</italic> and <italic toggle=""yes"">Adamts5</italic> expression in chondrocytes were examined <italic toggle=""yes"">in vitro</italic>. <italic toggle=""yes"">Ccn3</italic> KO mice exhibited reduced cartilage degradation and catabolic gene expression compared with WT mice post-DMM. scRNA-seq revealed enriched <italic toggle=""yes"">Ccn3</italic>-<italic toggle=""yes"">Cd44</italic> double-positive cells in osteoblast progenitor, synovial mesenchymal stem cell, and mesenchymal stem cell clusters. Immunofluorescence showed increased CCN3<sup>+</sup>/CD44<sup>+</sup> cells in femoral and tibial cartilage and meniscus. Ki67<sup>+</sup> cells were significantly increased in DMM-treated <italic toggle=""yes"">Ccn3</italic> KO cartilage, mostly CD44<sup>+</sup>. In vitro <italic toggle=""yes"">Ccn3</italic> knockdown attenuated IL-1β-induced <italic toggle=""yes"">Mmp13</italic> and <italic toggle=""yes"">Adamts5</italic> expressions in chondrocytes. <italic toggle=""yes"">Ccn3</italic> contributes to OA pathogenesis by promoting matrix degradation, inducing hypertrophic changes, and restricting progenitor cell proliferation, highlighting <italic toggle=""yes"">Ccn3</italic> as a potential therapeutic target for OA.",articular; cartilage; mesenchymal stem cells; nephroblastoma overexpressed protein; osteoarthritis; Article,https://doi.org/10.3390/ijms26199630
https://pmc.ncbi.nlm.nih.gov/articles/PMC12523719/,EPDR1 Links Fibroblast Dysfunction to Disease Severity in Idiopathic Pulmonary Fibrosis,2025,,EPDR1; idiopathic pulmonary fibrosis; lysosome; fibroblasts; autophagy; cellular senescence; Article,https://doi.org/10.3390/cells14191515
https://pmc.ncbi.nlm.nih.gov/articles/PMC12524155/,MM-129 Counteracts 5-Fluorouracil-Induced Cellular Senescence in Colon Cancer via SIRT1/STAT3 Signaling Pathway,2025,"Cellular senescence plays a critical role in tumorigenesis and is recognized as a hallmark of colorectal cancer (CRC). Emerging evidence suggests that 5-fluorouracil (5-FU)-induced senescence may contribute to chemoresistance and tumor recurrence. Here, we investigated the effect of 5-FU on colon cancer cell senescence and whether MM-129 (pyrazolo[4,3-e]tetrazolo[4,5-b][1,2,4]triazine sulfonamide) can antagonize this activity. Senescence was identified by the expression of senescence-associated β-galactosidase (SA-β-gal) and cyclin-dependent kinase inhibitor 1A (p21) using qPCR, microscopy, flow cytometry, and immunohistochemistry. We also measured interleukin 6 (IL-6) and tumor necrosis factor (TNF-α) as key SASP cytokines, along with E-cadherin (CDH1), a marker of epithelial integrity. The SIRT1/STAT3 pathway was evaluated to elucidate the mechanism of MM-129′s action. MM-129 counteracted 5-FU-induced senescence in colon cancer models, reducing p21 levels in zebrafish xenografts and the number of SA-β-gal-positive cells <italic toggle=""yes"">in vitro</italic> and in tumor tissues from DLD-1 and HT-29 mouse xenografts. MM-129 also inhibited senescence-associated responses by suppressing SASP cytokines (IL-6, TNF-α) and restoring E-cadherin (CDH1), and it modulated the SIRT1/STAT3 axis, which may underlie the observed senotherapeutic effects. In conclusion, MM-129 represents a novel senotherapeutic candidate. By modulating the SIRT1/STAT3 axis, it may suppress the SASP and weaken pro-survival signaling, thereby facilitating selective clearance of senescent cells. Integrating senotherapeutics with conventional cancer therapies may enhance efficacy and open new avenues for translational research.",colorectal cancer; cellular senescence; chemoresistance; MM-129; senescence-associated secretory phenotype; 5-fluorouracil; SIRT1/STAT3 signaling; senotherapeutic agent; Article,https://doi.org/10.3390/cells14191498
https://pmc.ncbi.nlm.nih.gov/articles/PMC12517213/,Depletion of the TRF1 telomere-binding protein leads to leaner mice with altered metabolic profiles,2025,"TRF1, a component of the telomere shelterin complex, plays crucial roles in telomere protection, telomere length regulation, and stemness. Here, we describe a previously unknown connection between TRF1 and metabolism. Telomere attrition has been linked to obesity. Our study reveals that <italic toggle=""yes"">Trf1</italic>-deficient mice exhibit a leaner phenotype, reduced adiposity, and improved glucose tolerance, even when subjected to a high-fat diet, independently of telomere shortening. These findings uncover a previously unknown role of TRF1 in regulating metabolism.",Trf1; metabolism; leaner; fat; telomeres; Research Paper,https://doi.org/10.18632/aging.206320
https://pmc.ncbi.nlm.nih.gov/articles/PMC12523526/,Tert-Butyl Hydroperoxide in Human Adult Mesenchymal Stem Cells Isolated from Dermis: A Stress-Induced Premature Senescence Model,2025,"Stem cell (SC)-based therapy exploits the ability of cells to migrate to damaged tissues and repair them. In this context, there is a strong interest in the use of mesenchymal stem cells (MSCs), multipotent SCs that are easy to obtain and are able to differentiate into various cell lineages. However, MSCs undergo cellular senescence during in vitro expansion, and may also become senescent in vivo, influenced by multiple molecular, cellular, and environmental interactions. Therefore, the development of in vitro cell models is crucial to study the mechanisms underlying senescence in MSCs. This study aimed to investigate the effects of tert-butyl hydroperoxide (t-BHP) as a senescence inducer in human dermal MSCs (hDMSCs), a promising tool for tissue repair. t-BHP induced a pro-senescent effect on hDMSCs greater than hydrogen peroxide (H<sub>2</sub>O<sub>2</sub>), as evidenced by ROS production, DNA damage, cell cycle arrest, inhibition of cell proliferation, changes in cellular and nuclear morphology, and cytoskeletal reorganization, as well as the increase in other senescence markers, including senescence-associated β-galactosidase (SA-β-Gal)-positive cells, and senescence-associated secretory phenotype (SASP). These results indicate that t-BHP could be a promising compound for inducing stress-induced premature senescence (SIPS) in hDMSCs, providing a valuable tool to investigate this process and evaluate the efficacy of senolytic compounds.",dermal mesenchymal stem cells; tert-butyl hydroperoxide; hydrogen peroxide; stress-induced premature senescence (SIPS); Article,https://doi.org/10.3390/cells14191563
https://pmc.ncbi.nlm.nih.gov/articles/PMC12524863/,"Phlorizin Ameliorates Amyloid-β Toxicity and Enhances Fatty Acid β-Oxidation in <italic toggle=""yes"">Caenorhabditis elegans</italic> via NHR-49-Dependent Pathway",2025,"Phlorizin (PHZ) is a glucoside of phloretin, belonging to the dihydrochalcone class within flavonoids; It is one of the active ingredients of the plant Cynomorium, and it has been shown that PHZ can regulate lipid metabolism disorders as well as having anti-aging properties. However, no studies have investigated whether PHZ ameliorates Aβ-induced toxicity in Alzheimer’s disease (AD) by regulating fatty acid β-oxidation. This study aims to investigate the effects of PHZ on the regulation of fatty acid β-oxidation and resistance to Aβ-associated toxicity on the AD <italic toggle=""yes"">Caenorhabditis elegans</italic> and the mechanisms of action. Wild-type N2 and AD model CL4176 <italic toggle=""yes"">C. elegans</italic> were used; lifespan, heat stress resistance, chronic paraquat stress, reactive oxygen species (ROS), behavioral performance, and lipofuscin accumulation assays were examined to evaluate the anti-aging effects; and non-esterified fatty acid (NEFA), triglyceride (TG) and lipidomic contents were quantified after PHZ treatment. The detection of genes related to fatty acid β-oxidation pathways was performed using qRT-PCR. <italic toggle=""yes"">nhr-49</italic> knockout mutant RB1716; and GFP-binding mutants PMD150 WBM170 were used to observe the effect of PHZ on NHR-49 pathways, and molecular docking studies were performed by combining PHZ with NHR-49 proteins. Results showed that PHZ improved worms’ survival and delayed senescence, as demonstrated by enhanced performance in lifespan, heat stress, ROS, and paraquat assays and chronic paraquat assays; PHZ also reduced lipid accumulation in worms, affected the unsaturated fatty acid pathway, and significantly increased the expression of fatty acid metabolism-related genes <italic toggle=""yes"">nhr-49</italic>, <italic toggle=""yes"">acs-2</italic>, and <italic toggle=""yes"">cpt-5</italic>, and can be tightly coupled to NHR-49 targets. PHZ may play an anti-Aβ toxicity role by regulating lipid metabolism disorders through the NHR-49—related pathway and anti-aging in AD worms.","Phlorizin; <italic toggle=""yes"">Caenorhabditis elegans</italic>; Alzheimer’s disease; fatty acid β-oxidation; lipid metabolism; Article",https://doi.org/10.3390/ijms26199303
https://pmc.ncbi.nlm.nih.gov/articles/PMC12521477/,Glucosamine mitigates hyperglycemic-induced oxidative stress via the SIRT1 pathway in human corneal epithelial cells,2025,"Hyperglycemia threatens vision via inducing irreversible morphologic and physiologic changes in the corneal epithelium. We aimed to investigate whether glucosamine (GlcN) is capable of countering the detrimental effects of high glucose (HG) levels on human corneal epithelial (HCE-T) cells. GlcN failed to attenuate the HG-associated cytotoxicity in HCE-T cells owing to its inherent cytotoxicity. Compared with the decrease in the pAKT/AKT and p-p38/p38 ratios, GlcN induced the KLF4 (Krüppel-like factor 4) and SIRT1 (Sirtuin-1) proteins. Furthermore, GlcN mitigated hyperglycemic-induced reactive oxygen species (ROS) and cellular senescence, and elevated the population of cells in the subG1 and S phases but reduced the population in the G1 phase. Hyperglycemia-induced KLF4 proteins and SIRT1 and fibronectin proteins were enhanced and suppressed by 10 mM GlcN, respectively. GlcN induced the expression of the tight junction protein claudin-1, which was otherwise suppressed in hyperglycemic conditions. Lastly, two SIRT1 inhibitors Ex-527 and INZ mitigated GlcN-induced claudin-1 expression and suppression of hyperglycemic-induced ROS generation. Our study may provide valuable insights into developing therapeutic strategies that utilize GlcN to rejuvenate the corneal epithelium in patients experiencing oxidative and senescent stresses due to poor glycemic control.",Glucosamine; Corneal epithelial cell; Oxidative stress; Cell senescence; SIRT1; Biochemistry; Cell biology; Diseases; Medical research; Molecular biology; Article,https://doi.org/10.1038/s41598-025-19766-1
https://pmc.ncbi.nlm.nih.gov/articles/PMC12530798/,Aging of the human eye lens: Epigenetic landscape and therapeutic targets in age-related cataracts (Review),2025,"Age-related cataracts (ARCs) are the predominant cause of blindness globally and are characterized by progressive opacification of the ocular lens. Although oxidative stress, ultraviolet radiation and metabolic dysfunction are well-documented etiological factors, growing evidence implicates epigenetic dysregulation as a critical pathogenic mechanism in ARCs. Epigenetics refers to heritable changes in gene expression that occur without alterations to the underlying DNA sequence. The primary epigenetic alterations include non-coding RNAs, DNA methylation, histone modifications, RNA modifications and chromatin remodelling. Epigenetic modifications dynamically regulate gene expression profiles in lens epithelial cells, modulating critical cellular processes such as proliferation, the oxidative stress response and DNA repair, all of which are essential for maintaining lens transparency. Epigenetic research offers novel insights into the molecular mechanisms underlying ARCs and may yield therapeutic strategies targeting dysregulated epigenetic pathways. The present review discusses current evidence on epigenetic mechanisms in ARC pathogenesis, delineating their roles in lens opacity development and highlighting potential targets for clinical intervention.",age-related cataract; epigenetics; non-coding RNA; DNA methylation; histone modification; N<sup>6</sup>-methyladenosine modification; Review,https://doi.org/10.3892/ijmm.2025.5657
https://pmc.ncbi.nlm.nih.gov/articles/PMC12491144/,Iron accumulation in hypothalamus promotes age-dependent obesity and metabolic dysfunction of male mice,2025,"With the progression of aging, age-dependent obesity and metabolic disorders have garnered increasing attention, yet their underlying mechanisms remain poorly understood. Dysregulation of iron homeostasis is strongly linked to aging; however, its role in age-dependent obesity remains unclear. As the hypothalamus, a key regulator of energy homeostasis, plays a pivotal role in metabolic regulation during aging, we investigated whether hypothalamic iron accumulation contributes to age-dependent obesity. We first observed elevated iron levels in the hypothalamus of aged mice, particularly in the arcuate nucleus. To test whether reducing iron could mitigate obesity, we intranasally administered the iron chelator deferiprone to aged mice and found that it effectively lowered hypothalamic iron levels and ameliorated metabolic function. Using a ferric ammonium citrate-induced iron overload cell model, we discovered that excess iron triggers mitochondrial dysfunction and oxidative stress, leading to ROS-dependent nuclear translocation of forkhead box protein O1 (FoxO1) and subsequent upregulation of AgRP expression. To confirm this mechanism in vivo, we generated agouti-related peptide (AgRP) neuron-specific transferrin receptor 1(Tfrc) knockout mice and found that reducing iron uptake in these neurons decreased ROS levels, inhibited FoxO1 nuclear translocation, and suppressed AgRP neuronal activity in aged mice. This intervention ultimately protected against age-related obesity and metabolic dysfunction. Our study identifies a critical iron accumulation–ROS–FoxO1–AgRP signaling axis in hypothalamic neurons as a key driver of age-dependent obesity. This study elucidates the broader implications of iron homeostasis dysregulation in aging-associated pathologies and offers novel perspectives for investigating age-dependent obesity.",Iron accumulation; Age-dependent obesity; Hypothalamus; AgRP neurons; Metabolic dysfunction; Research,https://doi.org/10.1186/s43556-025-00324-0
https://pmc.ncbi.nlm.nih.gov/articles/PMC12520776/,HMGB1 and mitochondrial dysfunction: a double-edged sword in ageing,2025,,HMGB1; ageing; mitochondrial dysfunction; Open Questions; Open Questions,https://doi.org/10.1098/rsob.240376
https://pmc.ncbi.nlm.nih.gov/articles/PMC12520978/,Assessing cerebral microvascular volumetric with high-resolution 4D cerebral blood volume MRI at 7 T,2025,"Arterial pulsation is crucial for promoting neurofluid circulation. Most previous studies quantified pulsatility via blood velocity-based indices in large arteries. Here we propose an innovative method to quantify the microvascular volumetric pulsatility index (mvPI) across cortical layers and white matter (WM) using high-resolution four-dimensional (4D) vascular space occupancy (VASO) and arterial spin labeling (ASL) magnetic resonance imaging (MRI) at 7 T with simultaneous pulse recording. We assessed aging-related changes in mvPI in 11 young (28.4 ± 5.8 years) and 12 older (60.2 ± 6.8 years) participants and compared mvPI with large artery pulsatility assessed by 4D-flow MRI. mvPI peaked in the pial surface (0.18 ± 0.04). Deep WM mvPI was significantly higher in older participants (<italic toggle=""yes"">P</italic> = 0.006) than young ones. Deep WM mvPI correlated with large artery velocity PI (<italic toggle=""yes"">r</italic> = 0.56, <italic toggle=""yes"">P</italic> = 0.0099). We performed test–retest scans, non-parametric reliability test and simulations to demonstrate the reproducibility and accuracy of the method. In conclusion, our non-invasive method enables in vivo fine-grained measurement of mvPI, with implications for glymphatic function, aging and neurodegenerative diseases.",Cerebrovascular disorders; Imaging; Predictive markers; Technical Report,https://doi.org/10.1038/s44161-025-00722-1
https://pmc.ncbi.nlm.nih.gov/articles/PMC12514818/,ROS-degradable hydrogel delivering LOXL2-LNPs rescues disc degeneration by synchronously suppressing cellular senescence and oxidative damage,2025,,Intervertebral disc degeneration; Senescence; Lysyl oxidase-like protein 2; Extracellular matrix; Notch signaling pathway; Research,https://doi.org/10.1186/s12951-025-03718-y
https://pmc.ncbi.nlm.nih.gov/articles/PMC12524565/,Transcriptomic Analysis of the Effects of Hydroxysafflor Yellow A on hUC-MSC Senescence via the ECM–Receptor Interaction Pathway,2025,"This study investigated the mechanism of hydroxysafflor yellow A (HSYA) on senescent human umbilical cord mesenchymal stem cells (hUC-MSCs) through transcriptome sequencing. HSYA treatment identified 2377 differentially expressed genes (DEGs). Gene Ontology (GO) and Kyoto Encyclopedia of Genes and Genomes (KEGG) analyses revealed that these DEGs were primarily enriched in cell adhesion regulation and the extracellular matrix (ECM)–receptor interaction pathway. Gene Set Enrichment Analysis (GSEA) and protein–protein interaction (PPI) network analysis corroborated the central role of ECM–receptor interaction signaling, and Key Driver Analysis (KDA) revealed 10 core regulatory genes (e.g., ID1, SMAD3, TGFB3). SA-β-gal staining showed that HSYA significantly reduced senescence-associated β-galactosidase activity. Flow cytometry showed no significant changes in cell cycle distribution. Western blot analysis indicated that HSYA treatment reduced the protein expression level of p16 without significantly altering p53 levels. Furthermore, HSYA significantly attenuated intracellular reactive oxygen species (ROS) accumulation. qPCR validation demonstrated that HSYA significantly upregulated ID1, GDF5, SMAD3, and TGFB3 while downregulating BMP4, TGFB2, and CCN2. These findings indicate that HSYA modulates genes associated with the ECM–receptor interaction pathway, potentially contributing to improved ECM homeostasis in senescent hUC-MSCs.",hydroxysafflor yellow A; hUC-MSCs; senescence; Article,https://doi.org/10.3390/ijms26199579
https://pmc.ncbi.nlm.nih.gov/articles/PMC12508679/,"Revitalising Aging Oocytes: Echinacoside Restores Mitochondrial Function and Cellular Homeostasis Through Targeting <styled-content style=""fixed-case"" toggle=""no"">GJA1</styled-content>/<styled-content style=""fixed-case"" toggle=""no"">SIRT1</styled-content> Pathway",2025,"As maternal age increases, the decline in oocyte quality emerges as a critical factor contributing to reduced reproductive capacity, highlighting the urgent need for effective strategies to combat oocyte aging. This study investigated the protective effects and underlying mechanisms of Echinacoside (ECH) on aging oocytes. ECH significantly improved cytoskeletal stability and chromosomal integrity, as demonstrated by restored spindle morphology and reinforced F‐actin structures, essential for meiotic progression. It also preserved mitochondrial function by restoring membrane potential and dynamics, reducing ROS levels, and downregulating the DNA damage marker γ‐H2AX, thereby alleviating oxidative stress and enhancing genomic stability. Furthermore, ECH promoted cellular homeostasis through modulation of lipid metabolism, autophagy and lysosomal function. Transcriptomic analyses identified GJA1 as a pivotal mediator of ECH's effects, validated through molecular docking and bio‐layer interferometry. Functional studies showed that inhibiting GJA1 significantly reduced ECH's ability to enhance first polar body extrusion rates, mitochondrial function and antioxidant capacity, validating the critical role of the GJA1/SIRT1 pathway in combating oocyte aging. This study provides novel insights into the mechanisms of oocyte rejuvenation and highlights ECH as a promising therapeutic candidate for addressing age‐related reproductive challenges.",cellular homeostasis; echinacoside; GJA1/SIRT1 pathway; mitochondrial function; oocyte aging; oxidative stress; Original Article; Original Article,https://doi.org/10.1111/cpr.70044
https://pmc.ncbi.nlm.nih.gov/articles/PMC12537194/,Immunotherapy and radiotherapy: An effective combination in cancer treatment,2025,"Immunotherapy has been widely used in cancer treatment in recent years and functions by stimulating the immune system to kill tumor cells. Radiation therapy (RT) uses radiation to induce DNA damage and kill tumor cells. However, this activates the body’s immune system, promoting the release of tumor-related antigens from inactive dendritic cells, which stimulates the recurrence and metastasis of tumors in immune system tissues. The combination of RT and immunotherapy has been increasingly evaluated in recent years, with studies confirming the synergistic effect of the two antitumor therapies. Particularly, the combination of RT by dose adjustment with different immunotherapies has positive implications on antitumor immunity as well as disease prognosis compared with respective monotherapies. This review summarizes the current research status, progress, and prospects of RT combined with immunotherapy in cancer treatment. It additionally discusses the prevalent concerns regarding the dose, time window, and toxicity of this combination therapy.",Immunotherapy; Radiotherapy; Cancer treatment; Checkpoint abscopal effect; Programmed death 1/programmed death-ligand 1; PD-1/PD-L1; CTLA-4; Review Article,https://doi.org/10.1097/CM9.0000000000003609
https://pmc.ncbi.nlm.nih.gov/articles/PMC12537240/,"
<italic toggle=""yes"">EP300</italic>-mediated lactylation leads to ulcerative colitis via CD86-positive plasmacytoid dendritic cells: A Mendelian randomization and mediation analysis",2025,"This study explores the potential mechanism between lactylation and ulcerative colitis (UC) using two-sample Mendelian randomization and multi-omics analysis. This study employed expression quantitative trait loci and protein quantitative trait loci as exposures, with UC from the Finnish database as the outcome, to conduct Mendelian randomization analysis on lactylation-related target genes, aiming to investigate the causal relationships between these exposures and the outcome. Sensitivity and pleiotropy tests, combined with colocalization analysis, are performed to identify the best target genes and ensure the robustness of the results. Finally, immune cells are included for mediation analysis between lactylation and UC to explore potential mechanisms of action. Through Mendelian randomization analysis combined with sensitivity and pleiotropy tests, 2 lactylation target genes were found to have a significant causal relationship with UC. Subsequent colocalization analysis confirmed <italic toggle=""yes"">EP300</italic> as a potential gene target. After including immune cells in the mediation analysis, it was discovered that there is a potential mechanism involving <italic toggle=""yes"">EP300</italic>, CD86<sup>+</sup> plasmacytoid dendritic cells (pDCs), and UC. There is a significant causal relationship between lactylation and UC. Furthermore, the lactylation-modified gene <italic toggle=""yes"">EP300</italic> may lead to UC occurrence by regulating CD86<sup>+</sup> pDCs.","CD86<sup>+</sup> plasmacytoid dendritic cells (pDCs); <italic toggle=""yes"">EP300</italic>; lactylation; ulcerative colitis; 4500; Research Article; Observational Study",https://doi.org/10.1097/MD.0000000000045210
https://pmc.ncbi.nlm.nih.gov/articles/PMC12537100/,Salvianolate injection ameliorates cardiomyopathy by regulating autophagic flux through miR-30a/becn1 axis in zebrafish,2024,,Salvianolate; Doxorubicin; Azithromycin; Cardiotoxicity; Autophagy; becn1; Cardiomyopathy; Original Article,https://doi.org/10.1097/CM9.0000000000003322
https://pmc.ncbi.nlm.nih.gov/articles/PMC12537203/,Devil or angel: A review of autophagy in ischemia–reperfusion injury,2025,"Ischemia–reperfusion injury (IRI) is a secondary injury that occurs after recanalization of the blood flow in ischemic tissues or organs. Autophagy is a lysosome-dependent cellular process that eliminates misfolded proteins and functionally impaired organelles to maintain intracellular homeostasis. Autophagy plays a pivotal role in IRI occurrence and development. Autophagy acts as a “double-edged sword” in this context, and its role (positive or negative) in IRI remains controversial, complicating efforts to target autophagy to alleviate IRI. In this review, we explore the role of autophagy in various IRI diseases with the aim of providing insights for research focused on mitigating IRI through autophagy regulation.",autophagy; cell death; ischemia–reperfusion injury; lysosome; oxidative stress; reactive oxygen species; 4700; Research Article; Narrative Review,https://doi.org/10.1097/MD.0000000000045330
https://pmc.ncbi.nlm.nih.gov/articles/PMC12536983/,p2rx3 Knockout Mice Have Altered Energy Metabolism in Hippocampal Neurons,NA,"
The hippocampus is a key component of the brain that is associated with the
formation of longterm memory, the energy metabolism of neurons playing a
pivotal role in its mechanisms. The P2X3 receptor in the hippocampus is
considered an attractive target when searching for novel biologically active
substances that could work to reduce anxiety, epileptic conditions, and improve
cognitive functions. In this work, the intensity of mitochondrial respiration,
the glycolytic capacity, and the energy phenotype of hippocampal neurons were
studied in <italic toggle=""yes"">p2rx3 </italic>knockout mice. The <italic toggle=""yes"">p2rx3
</italic>knockout mice were engineered by genome editing using the CRISPR/Cas9
system. The primary mixed culture of hippocampal neurons was derived from
two-day-old newborn mice with the <italic toggle=""yes"">p2rx3<sup>-/-</sup></italic>and
<italic toggle=""yes"">p2rx3<sup>+/-</sup></italic>genotypes. Mitochondrial respiration was
measured on a Seahorse Bioscience HS mini Cell Metabolism Analyzer (Agilent,
USA) using the appropriate kits for the Mitostress test, glycotest, and energy
phenotype assessment test. The transgenic mice with the
<italic toggle=""yes"">p2rx3<sup>-/-</sup></italic> genotype were characterized by an aerobic
type of mitochondrial respiration, an increase in ATP production by 84.4%
(<italic toggle=""yes"">p</italic> < 0.05), an increase in maximum respiration by 72.3%
(<italic toggle=""yes"">p</italic> < 0.05), and a 36% (<italic toggle=""yes"">p</italic> < 0.05)
increase in the respiratory reserve. Meanwhile, the spare respiratory capacity
of mitochondria, the rate of glycolysis, and the glycolytic capacity in these
mice were reduced by 36.6, 75.7 and 78.6% (<italic toggle=""yes"">p</italic> < 0.05),
respectively. Our findings indicate that mitochondria work at close to maximum
energy capacity. The <italic toggle=""yes"">p2rx3 </italic>knockout animals are a unique model
for the search for pharmacological targets that can help correct the energy
metabolism of brain cells and eliminate cognitive dysfunctions.
",p2rx3 gene; hippocampus; primary mixed neuronal culture; mitochondrial respiration; Research Article,https://doi.org/10.32607/actanaturae.27551
https://pmc.ncbi.nlm.nih.gov/articles/PMC12536610/,"<italic toggle=""yes"">Glycyrrhiza</italic>, a commonly used medicinal herb: Review of species classification, pharmacology, active ingredient biosynthesis, and synthetic biology",2024,,"<italic toggle=""yes"">Glycyrrhiza</italic>; Species classification; Pharmacology; Transcriptional regulation; Synthetic biology; Basic and Biological Science",https://doi.org/10.1016/j.jare.2024.11.019
https://pmc.ncbi.nlm.nih.gov/articles/PMC12537207/,The regulatory mechanisms of active ingredients in traditional Chinese medicine for inflammation in Parkinson disease: A review,2025,"Parkinson disease (PD) is the second most common neurodegenerative disorder worldwide, affecting countless patients. Inflammation is a major pathogenic factor in PD. The regulation of inflammation involves multiple processes, including glial cell activation, oxidative stress responses, gut–brain axis signaling, and associated molecular pathways. In recent years, some progress has been made in the study of anti-inflammatory therapies for PD; however, their therapeutic efficacy remains limited. Thus, exploring alternative pharmacological interventions may represent a promising direction for managing inflammation in PD. Traditional Chinese medicine (TCM) has been found to exert therapeutic effects on PD-related inflammation, suggesting that further development of TCM could be beneficial. Therefore, focusing on the discovery and development of TCM-based treatments is worth pursuing. This review summarizes the major active components that show efficacy against PD inflammation and outlines their underlying mechanisms, with the aim of providing new perspectives for identifying alternative therapeutic strategies.",herbal medicine; inflammatory factors; inflammatory pathways; microglia; neuroinflammation; Parkinson disease; 5300; Research Article; Narrative Review,https://doi.org/10.1097/MD.0000000000044392
https://pmc.ncbi.nlm.nih.gov/articles/PMC12536632/,Dual Stages of Alcohol-Related Cerebral White Matter Degeneration Reviewed: Early-Stage Stress/Neuroinflammation Versus Late-Stage Impaired Insulin/IGF Signaling Through Akt-mTOR–Review,2025,"Long-term effects of alcohol-related brain damage (ARBD) include neurocognitive and neurobehavioral dysfunctions with neurodegeneration. White matter (WM) is notably targeted across the lifespan yet relatively little is known about the stages, mechanisms, and consequences of myelin and axonal loss. In alcohol-related liver disease, early pathology is reversible, but with chronic heavy alcohol exposures, disease progresses with degeneration, and ultimately organ failure. Similarly, WM ARBD also develops in two broad stages. The early stages of WM ARBD are likely mediated by vascular dysfunction with tissue swelling, oligodendrocyte dysfunction, myelin loss, neuroinflammation, and oxidative stress. The chronic progressive stage is linked to metabolic dysfunction related to impairments in insulin and insulin-like growth factor signaling through Akt-mechanistic target of rapamycin (mTOR) pathways that mediate oligodendrocyte survival and function, myelin homeostasis, and blood-brain-barrier (BBB) integrity. We hypothesize that early-stage WM ARBD may be largely reversible by abstinence and anti-oxidant/anti-inflammatory measures, whereas late-stage ARBD requires strategies to restore WM/oligodendrocyte metabolic function via insulin sensitizer, antioxidant, anti-inflammatory, and myelin homeostasis/normalization support. Multi-pronged, overlapping but distinct therapeutic strategies are needed to reduce the impact and long-term health consequences of chronic progressive WM ARBD.",Alcohol; white matter; insulin signaling; mTOR; oligodendrocyte; Review Article; Review Article,https://doi.org/10.1080/17590914.2025.2573965
https://pmc.ncbi.nlm.nih.gov/articles/PMC12507393/,"Smoking Promotes <styled-content style=""fixed-case"" toggle=""no"">AT2</styled-content> Cell Senescence and Exacerbates Pulmonary Fibrosis by Downregulating <styled-content style=""fixed-case"" toggle=""no"">POT1</styled-content> via Integratively Inducing <styled-content style=""fixed-case"" toggle=""no"">CpG</styled-content> Methylation and <styled-content style=""fixed-case"" toggle=""no"">MECP2</styled-content>‐Mediated <styled-content style=""fixed-case"" toggle=""no"">FOXP2</styled-content> Transcriptional Binding Inhibition",2025,"Smoking is one of the most recognized risk factors for pulmonary fibrosis (PF). However, the underlying mechanism is not well understood. This study reveals smoking increases the risk of developing idiopathic PF (IPF) and that smoked IPF patients exhibit higher levels of senescence markers than non‐smoker IPF patients. Moreover, smoking enhances bleomycin (Bleo)‐induced PF, along with obvious senescence of type II alveolar (AT2) cells. RNA‐seq assay identifies cigarette downregulates protection of telomeres 1 (POT1), which is then validated to decrease in smoked PF patients and mice via upregulating the methyltransferase MECP2. Mechanistically, MECP2 binds to the DNA methyltransferases (DNMTs)‐induced methylated CpG island in the POT1 promoter, and smoking inhibits the transcriptional activity of the CpG island. The transcription factor FOXP2 could bind to this CpG island to promote POT1 transcription. However, this process is inhibited by forming a MECP2−FOXP2 complex, which blunts the FOXP2−POT1 DNA binding. siRNA‐mediated <italic toggle=""no"">POT1</italic> knockdown promoted AT2 cell senescence in a p‐ATM and p‐ATR‐dependent manner and secreted inflammatory and profibrotic factors, further promoting fibrotic response in fibroblasts. In vivo, delivery of the adeno‐associated virus 9‐POT1 (AAV9‐POT1) vector inhibits cigarette‐induced cell senescence and effectively alleviates PF in mice. These findings demonstrate that POT1 is an essential protector in PF by protecting against AT2 cell senescence.",cell senescence; CpG methylation; POT1; pulmonary fibrosis; smoking; Research Article; Research Article,https://doi.org/10.1111/acel.70174
https://pmc.ncbi.nlm.nih.gov/articles/PMC12485159/,Contribution of leukocyte telomere length to cardiovascular disease onset from genome-wide cross-trait analysis,2025,"Telomere shortening is a well-established marker of cellular aging and genomic instability. While the relationship between leukocyte telomere length and cardiovascular diseases has long been of interest, their genetic interplay remains incompletely understood. In this study, we observe substantial genetic overlap beyond genome-wide correlations and identify a potential causal relationship between leukocyte telomere length and coronary artery disease. Specifically, we discover 248 pleiotropic loci, 22 of which show strong evidence of colocalization. Some shared loci implicate multiple pleiotropic genes across different trait pairs, including <italic toggle=""yes"">ALDH2</italic>, <italic toggle=""yes"">ACAD10</italic>, <italic toggle=""yes"">TMEM116</italic>, <italic toggle=""yes"">SH2B3</italic> (all at 12q24.12), <italic toggle=""yes"">TMED6</italic> (16q22.1), <italic toggle=""yes"">SERPINF1</italic> (17p13.3), and <italic toggle=""yes"">XPO7</italic> (8p21.3). Functional analysis highlights key pathways involved in DNA biosynthesis and telomere maintenance. Notably, SH2B3 is validated through proteome-wide Mendelian randomization analysis, suggesting its potential as a therapeutic target. Here we report the shared genetic basis between leukocyte telomere length and cardiovascular diseases, providing valuable insights into future therapeutic developments.",Genetic linkage study; Cardiovascular genetics; Genotype; Article,https://doi.org/10.1038/s41467-025-63707-5
https://pmc.ncbi.nlm.nih.gov/articles/PMC12482832/,"Telomere-driven senescence accelerates tau pathology, neuroinflammation and neurodegeneration in a tauopathy mouse model",2025,"The connection between aging and neurodegenerative pathologies like Alzheimer’s disease (AD) has long been recognized, with senescent brain cells building up in the brains of AD patients. A causal link has been established between senescence and AD-related tauopathy, but the mechanisms underlying these pathological changes remain largely unknown. To unravel the precise role of cellular senescence in tau-mediated neuropathology, we crossed the Terc knockout (Terc<sup>−/−</sup>) mouse model of telomere-induced senescence with the P301S tauopathy model (PS19 line). Using brain sections and protein extracts, an array of biochemical and molecular techniques was applied to investigate the expression of tau-related neuropathological features within a senescent context. Our results showed that the brains of 6- and 9-month-old Terc<sup>−/−</sup> mice exhibit significant telomere attrition and signs of cellular senescence. Additionally, we found evidence that the introduction of a senescent phenotype in a tauopathy mouse model results in increased tau phosphorylation at key residues, particularly in the hippocampus. Over time, this leads to enhanced tau truncation and aggregation, accompanied by exacerbated astrocyte and microglial activation, as well as selective neuronal loss in vulnerable brain regions. Overall, these findings place senescence as a key upstream regulator of tau pathology and tau-related neurodegeneration, suggesting that targeting senescent cells and their detrimental effects may offer promising therapeutic strategies for AD and other related tauopathies.",Cellular senescence; Telomere shortening; Alzheimer’s disease; Tau pathology; Neuroinflammation; Neurodegeneration; Research,https://doi.org/10.1186/s40478-025-02118-5
https://pmc.ncbi.nlm.nih.gov/articles/PMC12456831/,Infection and telomere length: A systematic review,2025,,Research Article; Biology and Life Sciences; Biology and Life Sciences; Medicine and Health Sciences; Biology and Life Sciences; Biology and Life Sciences; Biology and life sciences; Biology and Life Sciences; Medicine and Health Sciences; Biology and Life Sciences; Biology and Life Sciences; Biology and Life Sciences; Biology and Life Sciences; Medicine and Health Sciences; Biology and Life Sciences; Medicine and Health Sciences; Medicine and Health Sciences; Research and Analysis Methods; Research and Analysis Methods,https://doi.org/10.1371/journal.pone.0333107
https://pmc.ncbi.nlm.nih.gov/articles/PMC12408736/,"Subtelomeric elements provide stability to short telomeres in telomerase-negative cells of the budding yeast <italic toggle=""yes"">Naumovozyma castellii</italic>",2025,"Telomerase plays an important role in sustaining eukaryotic linear chromosomes, as elongation of telomeres is needed to counterbalance the shortening occurring in each replication round. Nevertheless, in telomerase-deficient cells, Alternative Lengthening of Telomeres (ALT) pathways can maintain telomeres by employing recombination-based mechanisms. In the budding yeast <italic toggle=""yes"">Naumovozyma castellii</italic>, effective activation of the ALT pathway leads to bypass of senescence and supports long-term growth. We found that telomere structures in <italic toggle=""yes"">N. castellii</italic> ALT cells are stably maintained at a shortened uniform length over extensive numbers of generations. This is correlated to the spreading of a subtelomeric sequence, TelKO element, to all telomeres. Genome sequencing of the wild-type strain revealed variants of the TelKO element, differing in their lengths, and separate ALT strains are maintained by spreading of distinct TelKO element variants. Although short uniform telomere structures are predominant, sporadic telomere lengthening events occur by addition of long repeated arrays of TelKO elements. The telomere-binding protein Rap1 can bind to TelKO sequences in vitro, indicating a functional role of TelKO elements in providing stability to shortened ALT telomeres. Our results suggest that stable maintenance and telomere functionality may be achieved by incorporating the distal subtelomeric TelKO sequences into the telomeric chromatin cap.","Telomere; Genome integrity; Alternative lengthening of telomeres (ALT); Telomerase-independent telomere maintenance; Subtelomeres; Budding yeast<italic toggle=""yes""> Naumovozyma castellii</italic>; Original Article",https://doi.org/10.1007/s00294-025-01325-w
https://pmc.ncbi.nlm.nih.gov/articles/PMC12397162/,Exploring the mediating role of telomere length in the association between physical activity and bone mineral density,2025,,Bone mineral density; Physical activity; Telomere length; Osteoporosis; Biological aging; Research,https://doi.org/10.1007/s40520-025-03176-4
https://pmc.ncbi.nlm.nih.gov/articles/PMC12493700/,DNA damage-dependent mechanisms of ionizing radiation-induced cellular senescence,2025,"Cellular senescence can be broadly categorized into replicative senescence and stress-induced premature senescence. Replicative senescence mainly results from the progressive shortening of telomeres during successive cell divisions, eventually leading to the arrest of cell division and the onset of senescence. In contrast, stress-induced premature senescence is typically triggered by environmental factors, such as ionizing radiation (IR). While the DNA damage induced by IR has been extensively studied, the specific mechanisms by which IR induces cellular senescence <italic toggle=""yes"">via</italic> DNA damage remain incompletely understood. This review focuses on IR-induced cellular senescence, particularly in the context of DNA damage. Understanding these mechanisms provides insight into the long-term effects of radiation on cellular senescence and lays the groundwork for future research into the effects of radiation on aging processes.",Ionizing radiation (IR); DNA damage; Cellular senescence; DNA damage response (DDR); Biochemistry; Cell Biology; Molecular Biology,https://doi.org/10.7717/peerj.20087
https://pmc.ncbi.nlm.nih.gov/articles/PMC12533674/,"Associations of Midlife Leukocyte Telomere Length With Measures of Left Atrial Function in Community‐Dwelling Older Adults: The <styled-content style=""fixed-case"" toggle=""no"">ARIC</styled-content> Study",2025,,atrial fibrillation; atrial remodeling; biological aging; left atrial function; Aging; Epidemiology; Original Research; Original Research,https://doi.org/10.1161/JAHA.124.040459
https://pmc.ncbi.nlm.nih.gov/articles/PMC12294373/,"Molecular and Environmental Modulators of Aging: Interplay Between Inflammation, Epigenetics, and RNA Stability",2025,"Aging is a complex biological process characterized by the progressive accumulation of cellular and molecular damage, leading to functional decline and increased susceptibility to age-related diseases. Central to this process is cellular senescence, a state of irreversible cell cycle arrest that acts as both a protective mechanism against tumorigenesis and a contributor to tissue degeneration. Herein, we explore the genetic and molecular mechanisms underlying aging, with a focus on telomere dynamics, the <italic toggle=""yes"">Klotho</italic> gene, angiotensin-converting enzyme (ACE), and the NF-κB pathway. Telomeres, which serve as protective caps at chromosome ends, shorten with each cell division, leading to replicative senescence, while the enzyme telomerase plays a pivotal role in maintaining telomere length and cellular longevity. The <italic toggle=""yes"">Klotho</italic> gene encoding for an aging suppressor influences insulin/IGF-1 signaling and has antioxidant properties that protect against oxidative stress. ACE, through its dual role in regulating blood pressure and degrading amyloid-beta, impacts longevity and age-related pathologies. The NF-κB pathway drives chronic inflammation or “inflammaging,” contributing to the onset of age-related diseases. Understanding these pathways offers promising avenues for therapeutic interventions to extend health span and lifespan. Targeting mechanisms such as telomerase activation, <italic toggle=""yes"">Klotho</italic> supplementation, ACE inhibition, and NF-κB modulation hold potential for combating the detrimental effects of aging and promoting healthier aging in the population.","aging; longevity; cellular senescence; telomere dynamics; aging pathways; <italic toggle=""yes"">Klotho</italic> gene; ACE; NF-κB inflammation; Review",https://doi.org/10.3390/genes16070796
https://pmc.ncbi.nlm.nih.gov/articles/PMC12245194/,"Senescence caused by telomerase inactivation in myeloid, mesenchymal, and endothelial cells has distinct effects on cancer progression",2025,"The effects of cell senescence in individual cell populations of the tumor microenvironment (TME) on cancer progression remain unclear. Here, we investigated the effects of cell senescence caused by inactivation of the catalytic subunit of telomerase (Tert) in distinct TME components. We generated genetic <italic toggle=""yes"">Tert</italic> knockout (KO) mice driven by the <italic toggle=""yes"">LysM</italic> promoter in myeloid cells, by the <italic toggle=""yes"">Pdgfra or Pdgfrb</italic> promoter in mesenchymal cells, and by the <italic toggle=""yes"">Tie2e</italic> promoter in endothelial cells. We compared the effect of the <italic toggle=""yes"">Tert</italic> KOs in syngeneic models of orthotopically grafted E0771 breast adenocarcinoma, RM1 prostate adenocarcinoma, and KPC pancreatic adenocarcinoma. Tumors in <italic toggle=""yes"">LysM-Tert</italic>-KO, <italic toggle=""yes"">Pdgfra-Tert</italic>-KO, and <italic toggle=""yes"">Pdgfrb-Tert</italic>-KO mice displayed increased myofibrogenesis and desmoplasia. Tumors in <italic toggle=""yes"">Tie2e-Tert</italic>-KO mice displayed endothelial abnormality and the strongest reduction in tumor vascularization. This was linked with increased HIF1a protein nuclear localization, indicative of hypoxia, and the highest protein expression of the glycolytic marker GLUT1 in cancer cells. KPC tumors displayed reduced epithelial cytokeratin-19 protein expression and reduced tumor growth in all <italic toggle=""yes"">Tert</italic> KO models. However, liver metastases of KPC cells were only observed for <italic toggle=""yes"">Tie2e-Tert</italic>-KO mice. We conclude that senescence of distinct cells in the TME has different effects on cancer progression and that endothelial cell function preservation is important in metastasis suppression.",senescence; telomerase; myeloid; mesenchymal; endothelial; Research Paper,https://doi.org/10.18632/aging.206268
https://pmc.ncbi.nlm.nih.gov/articles/PMC12238310/,Telomere Shortening in Interstitial Lung Disease: Challenges and Promises,2025,"Interstitial lung disease (ILD) is a group of diseases involving diffuse pulmonary parenchymal lesions and alveolar inflammation and interstitial fibrosis. Telomeres are repetitive DNA sequences at the end of chromosomes to maintain structural integrity and telomerase can prevent telomere shortening. Telomerase abnormalities such as related gene mutations lead to decrease in telomerase activity and telomere shortening. It has been proven that telomere shortening and telomerase abnormalities are related to the occurrence and development of ILD. Telomere shortening occurs in different types of ILD patients and is associated with prognosis. Gene therapy targeting telomerase exhibits therapeutic potential. The paper elaborates on the progress of telomere shortening in the diagnosis, differential diagnosis, treatment, and prognosis of ILD in recent years, in order to demonstrate its potential and promises and to be helpful for clinical diagnosis and treatment.",connective tissue disease; interstitial lung disease; pulmonary fibrosis; telomerase; telomere; Mini Review; Mini Review,https://doi.org/10.1111/crj.70103
https://pmc.ncbi.nlm.nih.gov/articles/PMC12187912/,RNase H1 and Sen1 ensure that transient TERRA R-loops promote the repair of short telomeres,2025,"Telomere repeat-containing RNA (TERRA) is transcribed at telomeres and forms RNA–DNA hybrids. In budding yeast, the presence of RNA–DNA hybrids at short telomeres promotes homology-directed repair (HDR) and prevents accelerated replicative senescence. RNA–DNA hybrids at telomeres have also been demonstrated to prevent 5′end resection, an essential step for HDR. In accordance, we now demonstrate that, not only the presence, but also the removal, of RNA–DNA hybrids drives HDR at shortened telomeres during replicative senescence. Although RNase H2 is absent from short telomeres, it is quickly compensated for by the recruitment of RNase H1 and Sen1. The recruitment of RNase H1 is essential to allow for the loading of Rad51, consistent with the notion that RNA–DNA hybrids prevent Exo1-mediated end resection. In the absence of RNase H1 or Sen1 function, yeast cultures prematurely enter replicative senescence in the absence of telomerase. Furthermore, the delayed senescence phenotype observed when RNase H2 is deleted, depends on the presence of RNase H1 and Sen1. This study demonstrates the importance of transient RNA–DNA hybrids at short telomeres to regulate senescence.","RNA–DNA Hybrid; R-loop; RNase H1; Telomere; Senescence; Chromatin, Transcription & Genomics; DNA Replication, Recombination & Repair; Report",https://doi.org/10.1038/s44319-025-00469-7
https://pmc.ncbi.nlm.nih.gov/articles/PMC12423533/,"Telomere biology disorder associated lung disease- case report of a <italic toggle=""yes"">TERT</italic> gene variant as the cause of pleuroparenchymal fibroelastosis",2025,,hereditary interstitial lung disease; pleuroparenchymal fibroelastosis; telomere biology disorder; telomeropathy; TERT; Case Report,https://doi.org/10.1177/14799731251370357
https://pmc.ncbi.nlm.nih.gov/articles/PMC12219836/,TERT PfeRNA regulates telomere length during cellular senescence of normal human bronchial epithelial cells,2025,"Telomeres progressively shorten with each cell division in human somatic cells, but the mechanisms governing telomere length remain incompletely understood. Although telomerase reverse transcriptase (TERT) is central to telomere maintenance, the discrepancy between TERT level and telomere length highlights the unidentified molecules that regulate TERT’s functional activities. Here, we identify novel TERT-associated protein functional effector sncRNAs (TpfeRNAs) that modulate telomerase activity and telomere length during cellular senescence of normal human bronchial epithelial (NHBE) cells. We found that in senescent NHBE cells, telomerase activity, TERT mRNA levels, and telomere length were 60%, 2.7%, and 76% of those in proliferative cells, respectively. Using immunoprecipitation and TA cloning assays, we identified TpfeRNAa and TpfeRNAb, which were differentially expressed in proliferative and senescent NHBE cells. Blocking TpfeRNAb in senescent cells increased telomere length by 18% and boosted telomerase activity by tenfold, while ectopic expression of TpfeRNAb in proliferative decreased telomere length by 10%. These findings uncover TpfeRNAb as a key regulator of TERT activity to control telomere length, providing new insights into cellular senescence and aging-related diseases.",Cell biology; Molecular biology; Article,https://doi.org/10.1038/s41598-025-07106-2
https://pmc.ncbi.nlm.nih.gov/articles/PMC12196515/,Employing Nutrition to Delay Aging: A Plant-Based Telomere-Friendly Dietary Revolution,2025,"Telomere attrition is a hallmark of cellular aging, influenced by oxidative stress, chronic inflammation, and metabolic dysregulation. Emerging evidence suggests that dietary patterns rich in plant-based, minimally processed foods may influence telomere dynamics, potentially extending healthspan. This narrative review synthesizes current literature on the molecular mechanisms by which specific nutrients—such as antioxidants, polyphenols, omega-3 fatty acids, and methyl donors—affect telomere length and telomerase activity. Conversely, high consumption of ultra-processed foods (UPFs) has been associated with accelerated telomere shortening and dysfunction, likely due to increased oxidative stress, inflammation, and nutrient deficiencies. We propose a tiered dietary intervention model including preventive, therapeutic, and regenerative phases, tailored to individual aging trajectories and physiological statuses. This model emphasizes the consumption of whole plant foods, functional bioactives, and the reduction of UPFs to preserve telomere integrity. Implementing such dietary strategies may offer a viable approach to mitigate age-related cellular decline and promote healthy aging.",aging; diet; nutrition; plant; telomere; Review,https://doi.org/10.3390/nu17122004
https://pmc.ncbi.nlm.nih.gov/articles/PMC12238200/,Applications of CRISPR-Cas9 in mitigating cellular senescence and age-related disease progression,2025,"Aging is a multifaceted process influenced by many elements. During cell division, the repetitive DNA sequences at the ends of chromosomes called telomeres protect them from degradation. Telomeres shorten alongside each cell division, eventually contributing to cellular senescence and aging. Telomerase as an enzyme has a role in the maintenance of telomere length. Reduced function of telomerase is linked to acceleration of aging and age-related diseases. By affecting cellular function, mutations in particular genes can cause aging. Genes involved in DNA repair, cellular metabolism, and inflammation play the key roles in this process. Accumulated mutations result in cellular dysfunction and age-related diseases over time. Epigenetic changes are the modifications that impact gene expression without altering the DNA sequence. Lifestyle factors (diet, exercise, stress) and environmental influences (toxins, trauma) can cause epigenetic alterations. DNA methylation as well as histone modifications are examples of epigenetic alterations. They influence how cells work and are essential to the aging process. Understanding these molecular mechanisms is essential for developing interventions to promote healthy aging and prevent age-related diseases. This paper explores the potential of CRISPR/Cas9 as a gene-editing tool to target these mechanisms and mitigate age-related conditions, ultimately enhancing longevity and quality of life. ",Molecular and cellular mechanism; Aging; Gene editing; CRISPR-Cas9; Review,https://doi.org/10.1007/s10238-025-01771-3
https://pmc.ncbi.nlm.nih.gov/articles/PMC12390749/,The house mouse maintains constant telomere length throughout life,2025,"Telomeres protect the chromosome ends from deleterious DNA damage response and repair activities. In humans, telomerase maintains telomere length in germ and stem cells, but not in most somatic cells. Consequently, telomeres shorten with cell division and age, limiting cell proliferation and protecting against cancer. When telomeres become critically short, they may also cause senescence, inflammation, and organ failure, which are major drivers of aging. Therefore, maintaining an optimal, age-appropriate telomere length is crucial for healthy aging. In the house mouse, <italic toggle=""yes"">Mus musculus</italic>, telomerase is active in most somatic tissues, yet its long telomeres were thought to shorten rapidly with age. We have followed telomere length over age in blood and tail of wild-type <italic toggle=""yes"">M. musculus</italic> and in two engineered mouse strains with shorter telomeres (Telomouse and HHS mouse). We also measured the precise length of single telomeres in blood leukocytes of these mouse strains by a long-read nanopore sequencing method, <italic toggle=""yes"">NanoTelSeq</italic>. We show that telomeres in blood and tail of these three mouse strains do not shorten with age. We conclude that <italic toggle=""yes"">M. musculus</italic> maintains long telomeres in blood and tail throughout life, excluding the possibility that global telomere shortening in these tissues contribute to aging-associated phenotypes.","AcademicSubjects/SCI00010; Genome Integrity, Repair and Replication",https://doi.org/10.1093/nar/gkaf830
https://pmc.ncbi.nlm.nih.gov/articles/PMC12467961/,Mitochondrial Aging in the CNS: Unravelling Implications for Neurological Health and Disease,2025,"Mitochondrial aging plays a central role in the functional decline of the central nervous system (CNS), with profound consequences for neurological health. As the brain is one of the most energy-demanding organs, neurons are particularly susceptible to mitochondrial dysfunction that arises with aging. Key features of mitochondrial aging include impaired mitochondrial dynamics, reduced mitophagy, increased production of reactive oxygen species (ROS), and accumulation of mitochondrial DNA (mtDNA) mutations. These alterations dramatically compromise neuronal bioenergetics, disrupt synaptic integrity, and promote oxidative stress and neuroinflammation, paving the path for the development of neurodegenerative diseases. This review also examines the complex mechanisms driving mitochondrial aging in the central nervous system (CNS), including the disruption of mitochondrial-organelle communication, and explores how mitochondrial dysfunction contributes to neurodegenerative diseases, such as Alzheimer’s, Parkinson’s, Huntington’s, and amyotrophic lateral sclerosis. By synthesizing current evidence and identifying key knowledge gaps, we emphasize the urgent need for targeted strategies to restore mitochondrial function, maintain cognitive health, and delay or prevent age-related neurodegeneration.",aging; mitophagy; CNS; neurodegenerative diseases; Review,https://doi.org/10.3390/biom15091252
https://pmc.ncbi.nlm.nih.gov/articles/PMC12507414/,Dietary Citrate Restores Age‐Related Endothelial Cell Mitochondrial Dysfunction and Alleviates Atherosclerosis,2025,"Vascular aging increases the susceptibility to cardio‐cerebrovascular conditions, such as atherosclerotic diseases and hypertension, the leading causes of global disability and mortality. Dietary citrate extends the lifespan of <styled-content style=""fixed-case"" toggle=""no"">
<italic toggle=""no"">Drosophila melanogaster</italic>
</styled-content> and <styled-content style=""fixed-case"" toggle=""no"">
<italic toggle=""no"">Caenorhabditis elegans</italic>
</styled-content> as well as improves the memory of mice injured by a high‐fat diet (HFD); whether it alleviates vascular aging and age‐related vascular diseases; however, remains unknown. Here, we showed that dietary supplementation of citrate delayed vascular aging, as evidenced by maintaining the integrity of elastic fibers and decreasing the level of the aging‐related marker, CDKN1A (p21). Functionally, citrate improved the sensitivity to endothelial‐dependent vasodilators and lowered blood pressure, and in HFD‐fed <italic toggle=""no"">ApoE</italic>
<sup>
<italic toggle=""no"">−/−</italic>
</sup> mice, it reduced the size of atherosclerotic plaques, decreased the necrotic core area and vulnerability index in aortic root plaques. Additionally, citrate decreased the frailty index, increased bone density, and improved maximal grip strength and balance speed in both aged and HFD‐fed <italic toggle=""no"">ApoE</italic>
<sup>
<italic toggle=""no"">−/−</italic>
</sup> mice. Mechanistically, we showed that citrate exposure delayed human umbilical vein endothelial cell senescence with a decreased percentage of cells stained with senescence‐associated β‐galactosidase and p21 levels. Moreover, citrate activated AMPK‐related pathways and reversed senescence‐related mitochondrial dysfunction in basal respiration, maximal respiration, and ATP production and reduced the production of reactive oxygen species (ROS). The citrate‐promoted beneficial effects were abolished due to inactivated AMPK and the increased mitochondrial ROS. Thus, we demonstrate that dietary citrate delays vascular aging and alleviates age‐related vascular diseases by improving mitochondrial function via activation of AMPK‐related pathways. Citrate may have potential clinical implications for interventions against vascular aging and age‐related vascular diseases.",atherosclerosis; citrate; hypertension; mitochondrion; vascular aging; Research Article; Research Article,https://doi.org/10.1111/acel.70213
https://pmc.ncbi.nlm.nih.gov/articles/PMC12508687/,Elucidating the Role and Mechanism of Alpha‐Enolase in Senescent Amelioration via Metabolic Reprogramming,2025,"Senescent cells are characterised by increased glycolysis dependence. Normalisation of glycolysis metabolism is essential for senescence amelioration. However, the mechanism of proteins involved in cellular glycolysis metabolism has not been fully elucidated. Here, we identified a candidate compound, an oxazole analogue (KB2764), that can improve senescence. To elucidate the mechanism of the KB2764, we investigated the interacting proteins. KB2764 interacted with alpha‐enolase (ENO1) and pyruvate kinase M (PKM), ultimately allowing PKM to phosphorylate ENO1. KB2764 consequently increased mitochondrial ATP production and reduced reliance on glycolysis. Knockdown of the ENO1 experiment in senescent cells demonstrates that regulation of ENO1 activity is a prerequisite for recovery of mitochondrial function. Furthermore, the action of KB2764 extends its application to extend the lifespan of <styled-content style=""fixed-case"" toggle=""no"">
<italic toggle=""no"">Caenorhabditis elegans</italic>
</styled-content>. Taken together, our findings reveal a novel mechanism by which senescence is ameliorated through metabolic reprogramming and mitochondrial functional recovery via KB2764‐mediated regulation of ENO1 protein activity.","alpha‐enolase; <styled-content style=""fixed-case"" toggle=""no"">
<italic toggle=""no"">Caenorhabditis elegans</italic>
</styled-content>; metabolic reprogramming; senescence amelioration; Original Article; Original Article",https://doi.org/10.1111/cpr.70049
https://pmc.ncbi.nlm.nih.gov/articles/PMC12463664/,Age-associated nicotinamide adenine dinucleotide decline drives CAR-T cell failure,2025,"Chimeric antigen receptor (CAR) T cell therapy is one of the most promising cancer treatments. However, different hurdles are limiting its application and efficacy. In this context, how aging influences CAR-T cell outcomes is largely unknown. Here we show that CAR-T cells generated from aged female mice present a mitochondrial dysfunction derived from nicotinamide adenine dinucleotide (NAD) depletion that leads to poor stem-like properties and limited functionality in vivo. Moreover, human data analysis revealed that both age and NAD metabolism determine the responsiveness to CAR-T cell therapy. Targeting NAD pathways, we were able to recover the mitochondrial fitness and functionality of CAR-T cells derived from older adults. Altogether, our study demonstrates that aging is a limiting factor to successful CAR-T cell responses. Repairing metabolic and functional obstacles derived from age, such as NAD decline, is a promising strategy to improve current and future CAR-T cell therapies.",Cancer immunotherapy; Metabolism; Cancer; Article,https://doi.org/10.1038/s43018-025-00982-7
https://pmc.ncbi.nlm.nih.gov/articles/PMC12490256/,"Cardiovascular inflammaging: Mechanisms, consequences, and therapeutic perspectives",2025,"Both aging and systemic inflammation are major risk factors for cardiovascular disease. This review summarizes the interrelationship of aging and inflammation—known as inflammaging—and the consequences for cardiovascular health. We discuss mechanisms including epigenetic modification, mitochondrial dysfunction, cellular senescence, and gut dysbiosis, many of which are themselves interrelated. Increasing understanding of inflammaging provides an array of biomarkers, some of which are now recommended in international guidelines. We also discuss therapeutic strategies aiming to modify the process of inflammaging and improve cardiovascular disease outcomes, either with immunomodulating agents or with therapies targeted at specific mechanisms, such as senolytics, telomerase activators, and pre- and probiotic supplementation. We conclude that inflammaging is a key part of cardiovascular aging and provides encouraging opportunities for new therapies.",inflammation; inflammaging; cardiovascular disease; senescence; mitochondrial dysfunction; Review,https://doi.org/10.1016/j.xcrm.2025.102264
https://pmc.ncbi.nlm.nih.gov/articles/PMC12532312/,"Linking mitochondria, fatty acids, and hematopoietic stem cell expansion during infection: implications for aging and metabolic diseases",2025,"In steady state, hematopoietic stem cells (HSCs) reside quiescently in their hypoxic niche with minimal mitochondrial activity, maintaining characteristically low levels of reactive oxygen species (ROS) and instead favoring glycolysis to meet their low energy requirements. However, stress, such as acute infection, triggers a state of emergency hematopoiesis during which HSCs expand more rapidly to produce up to 10-fold more downstream differentiated immune cells. To cope with this demand, HSCs increase their energy production by switching from low ATP-yielding glycolysis to high ATP-yielding mitochondrial oxidative phosphorylation. It is this metabolic switch that enables rapid HSC expansion and differentiation into downstream progeny to increase the immune cell pool and effectively clear the infection. This metabolic switch relies on the sufficient availability of healthy mitochondria as well as fuel in the form of free fatty acids to drive the necessary production of cellular components. This concise review aims to focus on how HSCs increase their mitochondrial content and fuel ATP production via fatty acid oxidation and the impact of HSC dysfunction during aging and other metabolic diseases.",acute myelogenous leukemia; adult hematopoietic stem cells; bone marrow; stem cell expansion; adipose; Concise Review – Invited; AcademicSubjects/SCI00960,https://doi.org/10.1093/stmcls/sxaf053
https://pmc.ncbi.nlm.nih.gov/articles/PMC12536799/,Prevalence and risk factors of sarcopenia and effect of sarcopenia on functional status and falls incidents among the elderly in Selangor,2025,,Prevalence; Risk factors; Functional status; Falls; Sarcopenia; Elderly; Epidemiology; Geriatrics; Public Health; Rehabilitation,https://doi.org/10.7717/peerj.20175
https://pmc.ncbi.nlm.nih.gov/articles/PMC12536236/,"Hypertension and Cerebral Small Vessel Disease: A Review of the Pathophysiology, Progression, and Prevention",2025,"Chronic hypertension often leads to cerebral small vessel disease (CSVD), a condition marked by cumulative damage to the small arteries and arterioles within the brain. Radiologically, CSVD is associated with white matter hyperintensities, lacunar infarcts, and cerebral microbleeds. Clinically, it often presents with cognitive dysfunction, gait abnormalities, and an elevated risk of stroke. Histopathological changes in CSVD due to hypertension include thickening of arteriolar walls, breakdown of the blood-brain barrier, and chronic cerebral ischemia. CSVD is commonly seen in patients with long-standing hypertension, but it is not systematically screened for and is often undiagnosed. Few risk stratification models are incorporated in the outpatient management of hypertensive patients. The primary management strategy for CSVD is stringent control of blood pressure, but the precise target levels and preferred antihypertensive medications to prevent disease progression are not well-defined. Early identification of patients at risk for developing CSVD with ambulatory blood pressure monitoring, cognitive assessment, and brain imaging before the development of functional impairment may be a strategy to consider. In the future, we anticipate a more interdisciplinary care model for CSVD to help delineate the therapeutic window for treatment. Longitudinal studies that evaluate the inclusion of CSVD in the management of hypertension in standard practice will be important to incorporate.",cerebral small vessel disease; cognitive decline; hypertension; microvascular ischemia; stroke prevention; white matter lesions; Neurology; Cardiology; Public Health,https://doi.org/10.7759/cureus.92760
https://pmc.ncbi.nlm.nih.gov/articles/PMC12536125/,A review of studies on vascular dementia and iron metabolism,2025,"Vascular dementia (VaD) is recognized as the second most prevalent form of dementia after Alzheimer's disease, with its pathogenesis intricately associated with cerebrovascular pathologies, including chronic hypoperfusion, oxidative stress, and neuroinflammation. Recent studies have highlighted dysregulated iron metabolism as a pivotal factor in the pathogenesis of VaD; however, the precise mechanisms and therapeutic implications of this dysregulation remain insufficiently elucidated. In this article, we synthesize clinical and basic research to systematically explore the interaction between iron metabolism and VaD. Aberrant iron metabolism contributes to neuronal damage by exacerbating oxidative stress, lipid peroxidation, and ferroptosis, while cerebrovascular injuries, such as blood–brain barrier disruption and chronic inflammation, further compromise iron metabolism, thereby perpetuating a detrimental cycle. From a diagnostic standpoint, imaging modalities such as susceptibility-weighted imaging, alongside biomarkers like ferritin and soluble transferrin receptors, serve as effective instruments for detecting iron-related pathologies in VaD. At the therapeutic level, the use of chelating agents such as deferoxamine and deferiprone, in combination with antioxidants and innovative nanomaterials, has exhibited neuroprotective effects in animal models by alleviating iron-induced oxidative damage. Nevertheless, further validation is required to establish their clinical efficacy and safety. This is a narrative review. This article investigates the influence and significance of iron metabolism in the pathophysiology of VaD and explores potential therapeutic targets associated with iron metabolism, offering implications for future clinical applications.",Vascular dementia; iron metabolism; oxidative stress; iron chelators; ferroptosis; antioxidant; Review,https://doi.org/10.1177/00368504251387230
https://pmc.ncbi.nlm.nih.gov/articles/PMC12480509/,Multivalent binding of the tardigrade Dsup protein to chromatin promotes yeast survival and longevity upon exposure to oxidative damage,2025,"Tardigrades are remarkable in their ability to survive extreme environments. The damage suppressor (Dsup) protein is thought to contribute to their extreme resistance to reactive oxygen species (ROS) generated by irradiation. Here we show that expression of <italic toggle=""yes"">Ramazzottius varieornatus</italic> Dsup in <italic toggle=""yes"">Saccharomyces cerevisiae</italic> reduces oxidative DNA damage and extends lifespan in response to chronic oxidative genotoxicity. Dsup uses multiple modes of engagement with the nucleosomal H2A/H2B acidic patch, H3/H4 histone tails and DNA to bind across the yeast genome without bias. Effective chromatin binding and genome protection requires the Dsup HMGN-like motif and C-terminal sequences. These findings give precedent and mechanistic understanding for engineering an organism by physically shielding its genome to promote survival and longevity in the face of oxidative damage.",Double-strand DNA breaks; Mechanisms of disease; Epigenetics; Article,https://doi.org/10.1038/s41467-025-63652-3
https://pmc.ncbi.nlm.nih.gov/articles/PMC12321429/,"
<italic toggle=""yes"">E2f1</italic> Overexpression Reduces Aging-Associated DNA Damage in Cultured Cerebral Endothelial Cells and Improves Cognitive Performance in Aged Mice",2025,"As we age, cerebral endothelial cells (CECs) are less efficient in maintaining genome integrity and accumulate DNA damage. DNA damage in the brain endothelium can lead to the impairment of the blood–brain barrier (BBB), which is a major factor in brain dysfunction and dementia. Thus, identifying factors that regulate DNA repair in the brain endothelium can prevent brain dysfunction associated with aging. E2F1 is a transcription factor that regulates the expression of genes associated with DNA repair, among other functions. We hypothesize that E2F1 is downregulated in the brain vasculature of mice with aging and that E2F1 upregulation can improve cognitive function. We found that in the brain endothelium, E2F1 was significantly less phosphorylated, which is associated with its transcriptional activity, in the brain vasculature of aged mice and cultured CEC derived from aged mice compared with those from young mice. We found that <italic toggle=""yes"">E2f1</italic> overexpression reduced DNA damage in cultured CEC, and targeting the brain vasculature to overexpress <italic toggle=""yes"">E2f1</italic> improved cognition and increased the expression of genes associated with BBB integrity in aged mice. From RNA sequencing data from cultured CEC, we found that <italic toggle=""yes"">E2f1</italic> overexpression significantly upregulated <italic toggle=""yes"">Acod1</italic>, which codes for aconitate decarboxylase-1 (ACOD1), an enzyme that produces itaconate. We also found that 4-octyl itaconate (4-OI), a derivative of itaconate, reduced DNA damage, promoted cell proliferation, and restored endothelial barrier function from oxidative stress in cultured CEC. Thus, our study identifies the E2F1-ACOD1 axis as a molecular pathway that can protect the brain endothelium from oxidative stress and aging.",aging; cognition; DNA damage; E2F1; endothelial cells; itaconate; Research Article,https://doi.org/10.1155/omcl/3242282
https://pmc.ncbi.nlm.nih.gov/articles/PMC12451963/,Progress in the study of the role of C5a-induced tubular cell senescence in the progression of diabetic kidney disease,2025,,Complement system; C5a; diabetic kidney disease; cellular senescence; RTEC; Review Article; Nephrology,https://doi.org/10.1080/07853890.2025.2561232
https://pmc.ncbi.nlm.nih.gov/articles/PMC12322015/,"Hallmarks of cellular senescence: biology, mechanisms, regulations",2025,"Cellular senescence is a process in which the cell cycle becomes permanently arrested, thereby inhibiting cell division, proliferation and growth. Various cellular stresses, such as DNA damage, telomere shortening and oxidative stress, can trigger cellular senescence. Physiologically, cellular senescence contributes to tissue development, repair and critical biological processes such as embryogenesis, whereas, pathologically, it plays a key role in diverse disease subsets. To this end, elucidating the underlying mechanisms and molecular regulation of senescence is crucial. Here, in this Review, we explore recent key findings on cellular senescence in experimental and human disease models, focusing on its molecular mechanisms, regulation and future research directions to advance the field and facilitate therapeutic translation.",Senescence; Diseases; Review Article,https://doi.org/10.1038/s12276-025-01480-7
https://pmc.ncbi.nlm.nih.gov/articles/PMC12422792/,Bleomycin promotes cellular senescence and activation of the cGAS-STING pathway without direct effect on fibrosis in an idiopathic pulmonary fibrosis model,2025,"Bleomycin is an effective anticancer agent that causes drug-induced interstitial pneumonia (IP). Medical history is a risk factor for adverse effects, particularly a history of IP and age-related fibrosis. Anti-cancer drugs for lung cancer with idiopathic pulmonary fibrosis (IPF) often aggravate pulmonary fibrosis. Thus, we examined the pathological effects of bleomycin, an anticancer drug, in precision-cut lung slices (PCLS) of lungs with usual interstitial pneumonia (UIP). We found that the lungs of mice with induced UIP (iUIP), which exhibit a pathology similar to that of IPF, underwent accelerated senescence. Treatment of iUIP PCLS with bleomycin reduced the nuclear membrane component lamin B1 and nuclear DNA with γH2AX leaked into the cytoplasm. This perinuclear DNA may activate NF-κB through the cyclic GMP-AMP synthase-stimulator of interferon genes (cGAS-STING) pathway. As a result, the unresolved DNA damage associated with the failure of DNA repair and senescence progression is more advanced in these cells. However, <italic toggle=""yes"">Col1a1</italic> and <italic toggle=""yes"">Acta2</italic> expression was not induced in either bleomycin-treated normal or iUIP PCLS, suggesting that there was no direct fibrotic effect on the lungs. We concluded that lungs with iUIP exhibited accelerated senescence following bleomycin treatment, leading to cell death.",bleomycin; cGAS-STING; idiopathic pulmonary fibrosis (IPF); precision-cut lung slices (PCLS); senescence; Research Paper,https://doi.org/10.18632/aging.206312
https://pmc.ncbi.nlm.nih.gov/articles/PMC12443595/,Induced somatic mutation accumulation during skeletal muscle regeneration reduces muscle strength,2025,"Aging is associated with a progressive decline in tissue function and regenerative capacity, partly due to genomic instability, one of the hallmarks of aging<sup><xref ref-type=""bibr"" rid=""CR1"">1</xref>,<xref ref-type=""bibr"" rid=""CR2"">2</xref></sup>. Genomic instability encompasses DNA damage and the accumulation of somatic mutations in post-zygotic cells, yet the specific impact of these mutations on age-related tissue dysfunction remains poorly understood. To address this, we developed a mouse model in which genomic instability was induced specifically in muscle progenitor cells<sup><xref ref-type=""bibr"" rid=""CR3"">3</xref></sup> through targeted deletion of the <italic toggle=""yes"">Msh2</italic> (ref. <sup><xref ref-type=""bibr"" rid=""CR4"">4</xref></sup>) and <italic toggle=""yes"">Blm</italic><sup><xref ref-type=""bibr"" rid=""CR5"">5</xref></sup> genes. This allowed us to assess how elevated DNA damage and somatic mutations, from single-nucleotide variants (SNVs) to structural variants, affect muscle regeneration following injury. These mice exhibited impaired muscle regeneration, characterized by smaller muscle fibers, reduced muscle mass gain and decreased grip strength. Importantly, similar muscle deficits were observed in a second mouse model where somatic mutations were elevated with less substantial DNA damage. These findings provide evidence that the accumulation of somatic mutations can potentially compromise the function of somatic cells, contributing to the aging phenotype in skeletal muscle.",Diseases; Ageing; Experimental models of disease; DNA mismatch repair; Genomic instability; Letter,https://doi.org/10.1038/s43587-025-00941-y
https://pmc.ncbi.nlm.nih.gov/articles/PMC12270418/,TNF-α induces premature senescence in tendon stem cells via the NF-κB and p53/p21/cyclin E/CDK2 signaling pathways,2025,"Achilles tendinitis (AT) is a complex disorder that affects tendon tissue and often responds poorly to non-steroidal anti-inflammatory drugs. Tumor necrosis factor-α (TNF-α), a proinflammatory cytokine involved in cell death and immune regulation, serves a central role in AT progression. The present study investigated the effects of TNF-α on tendon stem cells (TSCs) and evaluated potential therapeutic strategies for AT. TNF-α-induced changes in TSCs were determined by investigating markers of cellular senescence, reactive oxygen species (ROS) activity, DNA damage and the expression of key transcription factors, including NF-κB (phosphorylated-p65, p65), p53, p21, cyclin E and CDK2. To determine whether TNF-α-induced senescence could be reversed, TSCs were treated with etanercept, a TNF-α-specific inhibitor. TNF-α stimulation induced significant senescence in TSCs, as evidenced by increased ROS production, DNA damage and altered expression of senescence-associated transcription factors. TNF-α activated the NF-κB and p53/p21/cyclin E/CDK2 signaling pathways, promoting TSC senescence. Etanercept treatment effectively reversed these effects, decreasing TSC senescence, suppressing inflammatory cell infiltration, decreasing TNF-α protein expression and mitigating collagen fiber degradation. TNF-α promotes TSCs senescence through specific signaling pathways and etanercept can counteract these deleterious effects. These results provide insights into the pathogenesis of AT and highlight TNF-α inhibition as a promising therapeutic approach. Targeting TNF-α may offer a novel treatment strategy for individuals with AT.",tendon stem cell; tumor necrosis factor-α; senescence; Achilles tendinitis; DNA damage; Articles,https://doi.org/10.3892/ijmm.2025.5581
https://pmc.ncbi.nlm.nih.gov/articles/PMC12266768/,"Dietary Restriction Mitigates Vascular Aging, Modulates the <styled-content style=""fixed-case"" toggle=""no"">cGAS</styled-content>‐<styled-content style=""fixed-case"" toggle=""no"">STING</styled-content> Pathway and Reverses Macrophage‐Like <styled-content style=""fixed-case"" toggle=""no"">VSMC</styled-content> Phenotypes in Progeroid <styled-content style=""fixed-case"" toggle=""no"">DNA</styled-content>‐Repair‐Deficient <styled-content style=""fixed-case"" toggle=""no"">Ercc1<sup>Δ</sup>
</styled-content>
<sup>/−</sup> Mice",2025,"Aging is a major risk factor for cardiovascular diseases, and the accumulation of DNA damage significantly contributes to the aging process. This study aimed to identify the underlying molecular mechanisms of vascular aging in DNA‐repair‐deficient progeroid <italic toggle=""no"">Ercc1</italic>
<sup>
<italic toggle=""no"">Δ/−</italic>
</sup> mice and to explore the therapeutic effect of dietary restriction (DR). RNA sequencing analysis revealed that DR reversed gene expression of vascular aging processes, including extracellular matrix remodeling, in the <italic toggle=""no"">Ercc1</italic>
<sup>
<italic toggle=""no"">Δ/−</italic>
</sup> aorta. Notably, this analysis indicated the presence of macrophage‐like vascular smooth muscle cells (VSMCs) and suggested cGAS‐STING pathway activation. The presence of macrophage‐like VSMCs and increased STING1 expression were confirmed in <italic toggle=""no"">Ercc1</italic>
<sup>
<italic toggle=""no"">Δ/−</italic>
</sup> aortic tissue and were both reduced by DR. In vitro, cisplatin‐induced DNA damage activated the cGAS‐STING pathway in <italic toggle=""no"">Ercc1</italic>
<sup>
<italic toggle=""no"">Δ/−</italic>
</sup> VSMCs but not in wildtype VSMCs. These findings identify the involvement of the cGAS‐STING pathway in DNA damage‐driven vascular aging and underscore the therapeutic benefits of DR for vascular aging. Furthermore, upstream regulator analysis revealed compounds that may replicate the beneficial effects of DR, providing promising leads for further investigation.",cGAS‐STING; dietary restriction; DNA damage; Ercc1; intervention; macrophage‐like VSMCs; vascular aging; Research Article; Research Article,https://doi.org/10.1111/acel.70062
https://pmc.ncbi.nlm.nih.gov/articles/PMC12531784/,Sleep disorders in hepatocellular carcinoma,2025,"As one of the most prevalent malignant tumors, hepatocellular carcinoma (HCC) represents a major global public health burden. Traditionally, HCC pathogenesis has been attributed to chronic liver diseases (viral hepatitis, cirrhosis) and aflatoxin exposure. However, with evolving lifestyles and environmental changes, sleep disorders have become increasingly prevalent. Emerging evidence suggest that sleep disorders may contribute to hepatocarcinogenesis through multiple mechanisms, including immunity environment disorder, oxidative stress, metabolic dysregulation, disruption of gut microbiota, and circadian rhythm disruption, thereby influencing disease progression and patient prognosis. This review summarizes epidemiological evidence on the relationship between sleep disorders and HCC incidence, explores the underlying mechanisms through which sleep disorders contribute to HCC, and discusses clinical challenges and potential intervention strategies. Our objective is to provide novel insights into HCC prevention and therapeutic approaches.",Sleep disorders; Circadian rhythm; Clock gene; Hepatocellular carcinoma; Risk factors; Prevention strategies; Review,https://doi.org/10.4251/wjgo.v17.i10.110503
https://pmc.ncbi.nlm.nih.gov/articles/PMC12531494/,Cardiovascular Information and Health Engineering Medicine,2025,"Cardiovascular diseases (CVDs) persistently impose a substantial global health burden, highlighting the necessity for innovative approaches to their prevention, diagnosis, and treatment. This paper accentuates the close correlation between vascular health and CVDs. To address unmet clinical demands for the early and efficient management of CVDs, we emphasize the potential of engineering medicine and propose the concept of cardiovascular information and health engineering medicine (CVIHEM), delineating its objectives and framework for collecting, analyzing, and translating multidimensional vascular data into practical strategies. By systematically and efficiently acquiring and translating vascular information through multidisciplinary collaboration, CVIHEM enhances our understanding of the vascular network and provides innovative strategies for promoting vascular health. This approach encompasses a range of applications, such as artificial intelligence-driven decision-making, targeted therapy, and vascular health management, ultimately improving vascular health and clinical outcomes.",Review Article; Health Science,https://doi.org/10.34133/research.0956
https://pmc.ncbi.nlm.nih.gov/articles/PMC12529618/,Revealing the landscape of targeting mitochondrial functions and behaviors to overcome cancer chemoresistance,2025,"With the rapid progression of chemotherapies, the occurrence of chemoresistance is becoming a major obstacle in contemporary cancer treatment. As essential organelles, mitochondria perform diverse functions to provide ATP and various intermediates to modulate biosynthetic and bioenergetic processes, which are indispensable to cell survival. Recently, mitochondria have increasingly intrigued researchers for their unique influence on chemoresistance. This review explores the intricate relationship between mitochondria and chemoresistance. We delve into the complex roles that mitochondria play in chemoresistance, focusing on the aberrant alterations in mitochondrial behaviors and interactions with other organelles. We also review the subsequent impact of mitochondrial changes on cellular functions, such as metabolic reprogramming and the dysregulation of cell death. By presenting a retrospective analysis of previous research and elucidating the underlying mechanisms, we aim to reveal the potential of enhancing the efficacy of chemotherapies and overcoming cancer chemoresistance by targeting mitochondria. Hopefully, this review will provide directions for future research and the development of more viable drugs, ultimately improving the prognosis of cancer patients.",Mitochondria; Cancer; Chemotherapy; Drug resistance; Review,https://doi.org/10.1016/j.jncc.2025.02.007
https://pmc.ncbi.nlm.nih.gov/articles/PMC12535686/,Electromagnetic Cell Current Modulation As Adjunctive Therapy in HIV: A Review,2025,"Despite the success of antiretroviral therapy (ART), people living with HIV continue to face challenges such as chronic immune activation, oxidative stress, mitochondrial dysfunction, and latent reservoirs that prevent complete immune restoration or cure. These persistent gaps highlight the research problem: the need for safe and effective adjunctive strategies that go beyond viral suppression. The objective of this review is to critically evaluate Electromagnetic Cell Current Modulation (ECCM) as a potential adjunctive therapy in HIV, integrating mechanistic evidence, preclinical data, and emerging clinical insights. Using a narrative synthesis approach, the review examines studies across cellular, animal, and early patient-level investigations, and compares ECCM with other adjunctive modalities. Key findings suggest that ECCM may modulate cytokine signaling, enhance mitochondrial activity, reduce inflammation, and potentially influence viral latency. Small pilot studies have reported improvements in CD4 counts, symptom burden, and quality of life. The implications are substantial: if validated, ECCM could complement ART by targeting host-level dysfunctions that drive morbidity. The conclusion emphasizes the urgent need for standardized protocols, rigorous animal studies, and controlled clinical trials to determine the safety, efficacy, and scalability of this treatment. Although still early in development, ECCM offers a scientifically plausible and clinically relevant avenue for future HIV care innovation.",adjunctive therapy; electromagnetic cell current modulation; hiv reservoirs; immune restoration; mitochondrial function; Integrative/Complementary Medicine; HIV/AIDS; Pathology,https://doi.org/10.7759/cureus.92697
https://pmc.ncbi.nlm.nih.gov/articles/PMC12533639/,Extrachromosomal circular DNA promotes inflammation and hepatocellular carcinoma development,2025,"Two decades after the initial report on increased micronuclei in human chronic liver disease (CLD) and hepatocellular carcinoma (HCC), their role in HCC development is still poorly understood. Here, we show that micronuclei in hepatocytes trigger a hepatic immune response and promote HCC development via an increased level of extrachromosomal circular DNA (eccDNA). Livers of a CLD model (<italic toggle=""yes"">Mcl1</italic><sup>Δhep</sup> mice) show increased micronuclei and eccDNA levels. Circular sequencing confirms higher eccDNA levels in micronuclei compared to primary nuclei. The nuclei-segregated DNA fiber (NuSeF) assay we developed demonstrates that micronuclei are more susceptible to replication stress, exhibiting increased replication fork slowing. Comparing different murine liver disease models reveals that high eccDNA correlates with an increased tumor incidence. eccDNA is a strong immunostimulant and promotes a cross-talk between hepatocytes and immune cells through the cGAS-STING pathway. Deletion of <italic toggle=""yes"">Sting1</italic> in <italic toggle=""yes"">Mcl1</italic><sup>Δhep</sup> mice reduces immune cell chemotaxis and tumor incidence. Our findings suggest that eccDNA from micronuclei mediates inflammation-driven liver carcinogenesis in CLD.",Research Article; Biomedicine and Life Sciences; SciAdv r-articles; Cancer; Immunology; Cancer,https://doi.org/10.1126/sciadv.adw0272
https://pmc.ncbi.nlm.nih.gov/articles/PMC12533385/,NamiRNA‐Enhancer Network: The Changing Era Challenge and Chance of miRNA,2025,"MicroRNAs (miRNAs) systematically orchestrate multiple biological processes via gene regulation in various organisms. Conventionally, miRNAs bind to untranslated regions of mRNAs to modulate gene silencing in the cytoplasm. Recent studies have revealed that a subset of miRNAs located in the nucleus can efficiently activate gene transcription by targeting enhancers, named as Nuclear Activating miRNAs (NamiRNAs). The fundamental principle of this regulatory pattern is that NamiRNAs as “wedges” open double strands of genomic DNA and provide the prerequisite for RNA polymerase II‐mediated transcription. Specifically, NamiRNAs bind to their target enhancers and form the hybrids of miRNAs and single‐stranded DNA, which are recognized by Argonaute 2 (AGO2) to maintain the single‐stranded state. Meanwhile, AGO2 protects these miRNA‐DNA hybrids from RNase H‐mediated degradation to maintain their stability. Additionally, NamiRNAs induce H3K27ac enrichment at target enhancers and put them into an active state conducive to gene activation. Notably, similar to NamiRNAs, Human Identical Sequences as exogenous small RNAs as critical pathogenic factors for RNA viruses, facilitate infectious disease progression. Collectively, this review systematically elucidates the theory of NamiRNA‐Enhancer‐mediated Gene Activation in combination with corresponding evidence, summarizes the functions and challenges of NamiRNAs, and discusses their potential in fundamental research and clinical applications.",enhancer; human identical sequences; NamiRNAs; small nucleotide drugs; transcriptional activation; Review; Review,https://doi.org/10.1002/advs.202506830
https://pmc.ncbi.nlm.nih.gov/articles/PMC12517867/,Accelerated biological aging and homeostatic dysregulation in diabetic kidney disease: Evidence from NHANES and Mendelian randomization,2025,"Accelerated biological aging may drive diabetic kidney disease (DKD) pathogenesis, but comprehensive evidence integrating observational and causal approaches remains limited. This study integrated cross-sectional analyses of 2418 diabetic adults (National Health and Nutrition Examination Survey 1999–2010) with bidirectional Mendelian randomization (MR). Associations between homeostatic dysregulation (HD), biological age acceleration (Klemera–Doubal method residual) (BioAgeAccel), and Phenotypic age acceleration (PhenoAgeAccel) with DKD were assessed using weighted logistic regression, restricted cubic splines, receiver operating characteristic curve analysis and mediation. Two-sample MR utilized genetic instruments for BioAgeAccel and PhenoAgeAccel with FinnGen DKD data (3283 cases/181,704 controls). Significant nonlinear threshold effects were observed: DKD risk increased markedly at BioAgeAccel > 2.13 years and HD > 3.16 units, while PhenoAgeAccel exhibited a linear dose-response relationship. Accelerated biological aging status (BioAgeAccel > 0) substantially increased DKD odds (OR = 3.25, 95% CI: 2.52–4.18), as did PhenoAgeAccel > 0 (OR = 1.44, 95% CI: 1.13–1.84). Similarly, highest-quartile HD conferred elevated risk (Q4 OR = 2.85, 95% CI: 1.87–4.36). Associations remained consistent across subgroups stratified by age, sex, body mass index, income, comorbidities, and lifestyle factors, though effect modification occurred with stroke history (BioAgeAccel/PhenoAgeAccel) and ethnicity/age (HD). Urinary albumin-to-creatinine ratio mediated 89% to 93% of associations between all aging metrics and DKD. Discriminatory accuracy was highest for HD (area under the curve (AUC) = 0.678, 95% CI: 0.654–0.703) versus BioAgeAccel (AUC = 0.660, 95% CI: 0.637–0.682) and PhenoAgeAccel (AUC = 0.562, 95% CI: 0.539–0.586). MR confirmed a causal effect of PhenoAgeAccel on DKD (IVW OR = 1.078, 95% CI: 1.029–1.129, <italic toggle=""yes"">P</italic> = .0014) but not BioAgeAccel. Accelerated biological aging independently predicts DKD risk, with PhenoAgeAccel demonstrating causal effects. HD emerges as a potent clinical predictor, while albuminuria mediates most aging-related renal damage. These findings advocate integrating biological aging assessment into DKD risk stratification frameworks.",biological age acceleration; diabetic kidney disease; mediation analysis; Mendelian randomization; NHANES; 5200; Research Article; Observational Study,https://doi.org/10.1097/MD.0000000000045166
https://pmc.ncbi.nlm.nih.gov/articles/PMC12525435/,Rheumatoid Arthritis and Osteoporosis as Prototypes of Immunosenescence in Osteoimmunology: Molecular Pathways of Inflammaging and Targeted Therapies,2025,"Immunosenescence refers to the set of immunoendocrinological alterations underlying the progressive decline in innate and adaptive immune function that occurs with aging. It is closely linked to the concept of inflammaging, a state of low-grade chronic systemic inflammation that contributes to age-related diseases. In the elderly, key features of diseases such as rheumatoid arthritis, particularly in its elderly onset form, and senile osteoporosis are characterized by a decline in sex hormones and the immunoregulatory IL-2; an increase in serum autoantibodies and pro-inflammatory mediators such as TNF-α, IL-6; and upregulation of bone-related factors RANKL, DKK1, and sclerostin, including the dysregulation of the IL-33/IL-31 axis. The aim of this review is to examine the key molecular pathways of immunosenescence in osteoimmunology, as well as the potential for therapeutic modulation of inflammaging through biologic and target synthetic disease-modifying antirheumatic drugs, denosumab and romosozumab, with particular attention to their management in elderly patients.",immunosenescence; inflammaging; osteoimmunology; rheumatoid arthritis; senile osteoporosis; gerontorheumatology; elderly; biological therapies; Review,https://doi.org/10.3390/ijms26199268
https://pmc.ncbi.nlm.nih.gov/articles/PMC12517966/,U-shaped association between HDL-C and epigenetic age acceleration: A cross-sectional analysis from NHANES 1999–2002,2025,"Notwithstanding extensive cardiovascular lipid investigations, the potential correlations between high-density lipoprotein cholesterol (HDL-C) and biological aging processes remain largely uncharted and inconclusive. HDL-C, with its established anti-inflammatory and antioxidant properties, may play important roles in aging-related mechanisms. Our investigative cross-sectional analysis explores the correlations between HDL-C levels and epigenetic age progression, utilizing the innovative GrimAge2 biomarker to unravel complex aging dynamics. We analyzed 2529 adults from the 1999 to 2002 National Health and Nutrition Examination Survey to examine associations between HDL-C levels and epigenetic age acceleration. We used multivariate linear regression with 3 progressive adjustment models to assess linear associations, and applied restricted cubic splines and threshold regression to evaluate nonlinear relationships. Comprehensive adjustment for demographic, metabolic, inflammatory, and lifestyle factors ensured the statistical rigor and interpretative precision of our findings. Multivariate regression analysis showed associations between HDL-C levels and epigenetic age acceleration. In the fully adjusted model, participants in the high HDL-C group demonstrated statistically significant aging deceleration relative to the reference group (β = −0.75, 95% confidence interval [CI]: −1.38 to −0.13; trend test <italic toggle=""yes"">P</italic> = .0205). Nonlinear threshold modeling revealed a U-shaped association with a critical transition point at 78 mg/dL. Below the threshold, incremental HDL-C elevations correlated with aging deceleration (β = −0.03, 95% CI: −0.04 to −0.01), while beyond this point, further increases were associated with aging acceleration (β = 0.07, 95% CI: 0.03–0.12). The nonlinear model provided significantly better fit than the linear model (<italic toggle=""yes"">P</italic> < .001). Our study reveals a nuanced biphasic association between HDL-C concentrations and epigenetic aging dynamics. Evidence indicates that HDL-C levels at both extremes might potentially modulate biological aging processes. These critical observations underscore the importance of precise HDL-C metabolic regulation and necessitate comprehensive longitudinal and mechanistic investigations to elucidate the intricate interactions between lipid metabolism and aging processes.",epigenetic age acceleration; GrimAge2; HDL-C; NHANES; U-shaped association; 4400; Research Article; Observational Study,https://doi.org/10.1097/MD.0000000000044887
https://pmc.ncbi.nlm.nih.gov/articles/PMC12495807/,Exploring causal relationships between epigenetic age acceleration and Alzheimer’s disease: a bidirectional Mendelian randomization study,2025,,Alzheimer’s disease; Genome wide association study; Epigenetic age acceleration; Mendelian randomization; Epigenetic clocks; Research,https://doi.org/10.1186/s13148-025-01976-z
https://pmc.ncbi.nlm.nih.gov/articles/PMC12536625/,Identification of blood-derived DNA methylation biomarkers of glaucoma and intraocular pressure measurements in three European ancestry cohorts including the Canadian longitudinal study on aging,2025,"Glaucoma is a major cause of blindness globally and its prevalence rises with age. This study explored systemic blood-derived DNA methylation epigenetic biomarkers for association with glaucoma and intraocular pressure (IOP). Blood-derived DNA methylation (DNAm) was analyzed in 1,201 European participants from the Canadian Longitudinal Study on Aging (CLSA; Illumina EPIC v1 array) and 843 European participants from TwinsUK (450k array). An Epigenome-Wide Association Study (EWAS) for glaucoma and IOP was conducted, adjusting for age, sex, tobacco smoking, and leukocyte cell types. DNAm-based EpiScores estimates for 108 plasma protein levels were evaluated for associations with glaucoma and IOP. Additionally, ‘biological’ age acceleration, estimated using five established DNAm ‘clocks,’ was assessed for glaucoma and IOP and replicated in The Health and Retirement Study (HRS; <italic toggle=""yes"">n</italic> = 3,453). EWAS analyses of glaucoma and IOP in individual cohorts did not identify genome-wide significant associations. However, a combined EWAS for overlapping probes in both cohorts identified two epigenome-wide significant CpGs: cg03498697 in the <italic toggle=""yes"">FRMD3</italic> promoter (<italic toggle=""yes"">p</italic> = 6.86x10<sup>−8</sup>) and cg06044751 intronically within <italic toggle=""yes"">PALLD</italic> (<italic toggle=""yes"">p</italic> = 1.76x10<sup>−7</sup>). EpiScore analysis revealed one IOP Bonferroni-significant association with TNFRSF1B levels in the meta-analysis of both cohorts (<italic toggle=""yes"">p</italic> = 1.31x10<sup>−4</sup>). DNAm ‘clock’ analysis in the HRS identified a GrimAge-positive age acceleration associated with glaucoma (<italic toggle=""yes"">p</italic> = 0.01). This study identified significant epigenetic blood-derived biomarkers that are associated with glaucoma and IOP. These findings warrant replication in larger and more diverse populations as well as via longitudinal analysis to assess their robustness and potential predictive power.",Glaucoma; intraocular pressure; Epigenetics; DNA methylation; biomarkers; CLSA; Research Article; Research Article,https://doi.org/10.1080/15592294.2025.2566496
https://pmc.ncbi.nlm.nih.gov/articles/PMC12534708/,Scalable screening of ternary-code DNA methylation dynamics associated with human traits,2025,"Epigenome-wide association studies (EWASs) are transforming our understanding of the interplay between epigenetics and complex human traits. We introduce the methylation screening array (MSA) to enable scalable and quantitative screening of trait-associated DNA cytosine modifications in large human populations. The MSA integrates EWASs and cell-type-linked methylation signatures, covering diverse traits and diseases. Using the MSA to profile the ternary-code DNA methylations—dissecting 5-methylcytosine (5mC), 5-hydroxymethylcytosine (5hmC), and unmodified cytosine—revealed a previously unappreciated role of 5hmC in mediating human trait associations and epigenetic clocks. We demonstrated that 5hmCs complement 5mCs in defining epigenetic cell identities. In-depth analyses highlighted the cell-type context of EWAS and genome-wide association study (GWAS) hits. Targeting aging, we uncovered shared and tissue-specific 5hmC aging dynamics and tissue-specific rates of mitotic hyper- and hypomethylation. These findings chart a landscape of the complex interplay of the two forms of cytosine modifications in diverse human tissues and their roles in health and disease.",DNA methylation; epigenetics; epigenome-wide association study; 5-hydroxymethylation; epigenetic clock; Infinium array; Article,https://doi.org/10.1016/j.xgen.2025.100929
https://pmc.ncbi.nlm.nih.gov/articles/PMC12512134/,Privacy-preserving federated unsupervised domain adaptation with application to age prediction from DNA methylation data,2025,,Original Paper; AcademicSubjects/SCI01060,https://doi.org/10.1093/bioinformatics/btaf465
https://pmc.ncbi.nlm.nih.gov/articles/PMC12507418/,Proteomic Signatures of Epigenetic Age in African Green Monkey Cerebrospinal Fluid and Plasma,2025,"Strategies to slow the aging process or mitigate its consequences on health rely on the validation of minimally‐invasive biomarkers of aging that can be used to track aging and test the effectiveness of antiaging interventions. Study of aging in a nonhuman primate species offers a robust translational approach to achieving these aims, avoiding wide differences in genetics and environmental exposures that confound human aging studies. As epigenetic age appears to predict biological aging, biomarkers linked to epigenetic aging should be especially valuable in identifying individual differences in aging progression and documenting the impact of antiaging strategies. Proteins are the final effectors in most signaling pathways, indicating that alteration in levels of circulating proteins potentially offers an informative and valuable quantitative index of aging. Accordingly, a proteomic analysis was conducted on matching CSF and plasma samples collected from a large group of African green monkeys, with epigenetic ages ranging from young to old as determined by differential methylation of blood DNA. In addition to analyzing the data with linear statistical models, a gradient boosting machine learning technique was employed to identify not only individual CSF and plasma proteins that correlated with aging progression but also groups of proteins that could be used as predictors of global aging and of specialized aspects of aging such as inflammation. Overall, this study identified new CSF and plasma protein targets for understanding aging biology, together with identifying biomarkers to track changes in the rate of biological aging in a translationally relevant nonhuman primate model.",aging; blood; CSF; epigenetics; nonhuman primate; proteomics; vervet monkey; Research Article; Research Article,https://doi.org/10.1111/acel.70168
https://pmc.ncbi.nlm.nih.gov/articles/PMC12536360/,"Melatonin mitigates ovarian aging through regulation of the YTHDF2/m
<sup>6</sup>A/UBE3C axis
",2025,"Ovarian aging is a natural process characterized by a decline in both the quantity and quality of oocytes, which subsequently leads to diminished fertility, particularly in women over the age of 35. Given the societal trend toward postponing childbirth, it is imperative to understand the molecular mechanisms that underpin ovarian aging to address infertility issues. Melatonin (MT) is recognized for its therapeutic potential in mitigating ovarian aging; however, the specific epigenetic mechanisms involved, particularly concerning m
<sup>6</sup>A methylation, remain inadequately defined. Our investigation demonstrates that MT mitigates ovarian aging in murine models, significantly decreasing m
<sup>6</sup>A methylation levels.
<italic toggle=""yes"">In vitro</italic> analyses of ovarian granulosa (KGN) cells reveals a marked increase in YTHDF2 expression, with differentially methylated genes being notably enriched in the polyubiquitination pathway. Further examination shows that YTHDF2 enhances the expression of the E3 ligase UBE3C by modulating the m
<sup>6</sup>A methylation of
<italic toggle=""yes"">UBE3C</italic> mRNA, thereby reducing the expression of the P53 senescence factor and alleviating the effects of ovarian aging.
","melatonin; m
<sup>6</sup>A; YTHDF2; ovarian aging; ubiquitination; UBE3C; Research Article",https://doi.org/10.3724/abbs.2025090
https://pmc.ncbi.nlm.nih.gov/articles/PMC12523528/,"Exercise, Epigenetics, and Body Composition: Molecular Connections",2025,"Exercise plays a crucial role in promoting overall health by activating molecular pathways that contribute to the prevention and management of chronic diseases, slowing epigenetic aging, improving body composition, and reducing the risk of obesity. In skeletal muscle, these benefits are largely mediated by exercise-induced transcriptional and epigenetic responses. Recent advances in epigenetics have intensified interest in understanding how physical activity influences long-term health and body composition at the molecular level. Epigenetic modifications, which regulate gene expression without altering the DNA sequence, are key mechanisms in this process. Emerging research has provided deeper insights into the processes such as DNA methylation, histone modification, and non-coding RNAs, and their connection to exercise. While numerous studies have demonstrated the influence of exercise on the epigenome, fewer have directly examined how these molecular changes relate to alterations in fat mass, lean body mass, and other components of body composition. This comprehensive review synthesizes the current evidence on the interplay between exercise, epigenetic regulation, and body composition, with a focus on adolescents and adults. We highlight key genes involved in metabolism, fat storage, muscle development, and epigenetic aging, and explore how their regulation may contribute to individual variability in exercise response. Understanding these molecular pathways may provide valuable insights for optimizing exercise interventions aimed at improving health outcomes across the lifespan.",epigenetics; exercise; skeletal muscle; body composition; DNA methylation; histone modifications; non-coding RNAs; Review,https://doi.org/10.3390/cells14191553
https://pmc.ncbi.nlm.nih.gov/articles/PMC12507406/,Epigenetic Age Monitoring in Professional Soccer Players for Tracking Recovery and the Effects of Strenuous Exercise,2025,"Elite sports have become increasingly professionalized and personalized, with soccer players facing a high number of games per season. This trend presents significant challenges in optimizing training for peak performance and requires rigorous monitoring of athletes to prevent overload and reduce injury risks. The emerging field of epigenetic clocks offers promising new pathways for developing useful biomarkers that enhance training management. This study investigates the effects of intense physical activity on epigenetic age markers in professional soccer players across multiple games and during a championship season. We analyzed DNA methylation data from saliva samples collected before and after physical activity. Vigorous physical activity was found to rejuvenate epigenetic clocks, with significant decreases in DNAmGrimAge2 and DNAmFitAge observed immediately after games. Among player subgroups, midfielders exhibited the most substantial epigenetic rejuvenation effect following games. Additionally, the study suggests a potential link between DNA methylation patterns and injury occurrence. Overall, our study suggests that DNA methylation‐based biomarkers may have applications in monitoring athlete performance and managing physical stress.",C‐reactive protein; exercise; FitAge; GrimAge2; soccer; sports injury; Research Article; Research Article,https://doi.org/10.1111/acel.70182
https://pmc.ncbi.nlm.nih.gov/articles/PMC12535759/,Decoding Glycosylation in Neurodegenerative Diseases: Mechanistic Insights and Therapeutic Opportunities,2025,"Glycosylation is a highly dynamic and complex post‐translational modification that plays a pivotal role in regulating protein folding, trafficking, stability, and function. Accumulating evidence indicates that aberrant glycosylation is intimately involved in the pathogenesis of multiple neurodegenerative diseases, including Alzheimer's disease (AD), Parkinson's disease (PD), Huntington's disease (HD), and amyotrophic lateral sclerosis (ALS). This review provides a comprehensive overview of the molecular mechanisms by which the two predominant forms of glycosylation, N‐glycosylation and O‐GlcNAcylation, contribute to protein misfolding, synaptic dysfunction, neuroinflammation, and impaired stress responses in the diseased nervous system. We further explore the diagnostic potential of glycosylation biomarkers and emerging therapeutic strategies targeting glycosylation pathways. Special emphasis has been placed on recent advances in glycomic technologies, artificial intelligence‐driven analytics, and nanocarrier‐based drug delivery platforms. By integrating mechanistic insights with translational applications, this review highlights glycosylation as both a pathological driver and a promising therapeutic target in neurodegenerative disorders.",glycosylation; neurodegenerative diseases; neuroinflammation; post‐translational modification; therapeutic strategies; Review Article; Review Article,https://doi.org/10.1096/fj.202502809R
https://pmc.ncbi.nlm.nih.gov/articles/PMC12532575/,REV-ERBα regulates brain NAD<sup>+</sup> levels and tauopathy via an NFIL3–CD38 axis,2025,"Nicotinamide adenine dinucleotide (NAD<sup>+</sup>) is a critical metabolic co-enzyme implicated in brain aging, and augmenting NAD<sup>+</sup> levels in the aging brain is an attractive therapeutic strategy for neurodegeneration. However, the molecular mechanisms of brain NAD<sup>+</sup> regulation are incompletely understood. In cardiac tissue, the circadian nuclear receptor REV-ERBα has been shown to regulate NAD<sup>+</sup> via control of the NAD<sup>+</sup>-producing enzyme NAMPT. Here we show that REV-ERBα controls brain NAD<sup>+</sup> levels through a distinct pathway involving NFIL3-dependent suppression of the NAD<sup>+</sup>-consuming enzyme CD38, particularly in astrocytes. REV-ERBα deletion does not affect NAMPT expression in the brain and has an opposite effect on NAD<sup>+</sup> levels as in the heart. Astrocytic REV-ERBα deletion augments brain NAD<sup>+</sup> and prevents tauopathy in P301S mice. Our data reveal that REV-ERBα regulates NAD<sup>+</sup> in a tissue-specific manner via opposing regulation of NAMPT versus CD38 and define an astrocyte REV-ERBα–NFIL3–CD38 pathway controlling brain NAD<sup>+</sup> metabolism and neurodegeneration.",Alzheimer's disease; Circadian mechanisms; Astrocyte; Ageing; Article,https://doi.org/10.1038/s43587-025-00950-x
https://pmc.ncbi.nlm.nih.gov/articles/PMC12530494/,"Insights into WDR5: unveiling its functions, regulation, and impact on skeletal muscle",2025,"WD40-repeat-containing protein 5 (WDR5) is a highly conserved multifunctional scaffold protein with a toroidal structure, facilitating interactions with numerous partners through its WDR5-binding motif (WBM) and WDR5-interacting (WIN) sites. It plays a critical role in histone modifications, including H3K4 methylation (H3K4me), histone acetylation, and deacetylation, influencing stem cell maintenance and differentiation. Recent studies highlight its involvement in muscle homeostasis, particularly in skeletal muscle progenitor cells, where it regulates PAX7-driven myogenic factor expression. Additionally, WDR5 governs epigenetic programs in smooth muscle by modulating H3K4me marks on lineage-specific genes. Despite extensive research on its role in cancer and chromatin remodeling, its broader physiological functions remain underexplored. This review examines WDR5’s regulatory mechanisms, including its modulation by long non-coding RNAs (lncRNAs), post-translational modifications (PTMs), and microproteins, while emphasizing its relevance to muscle biology. Understanding WDR5’s interactome and regulatory networks could provide novel insights into muscle regeneration, stem cell dynamics, and potential therapeutic strategies for muscular disorders and regenerative medicine.",WDR5; histone modifications; epigenetics; chromatin remodeling; muscle regeneration; Review Article; Review Article,https://doi.org/10.1080/15592294.2025.2573998
https://pmc.ncbi.nlm.nih.gov/articles/PMC12533564/,Palmitoyltransferase ZDHHC19 regulates histone-to-protamine exchange during spermiogenesis in mice,2025,"Spermiogenesis, the final phrase of spermatogenesis, involves replacing histones by protamines, a process known as histone-to-protamine exchange, which is crucial for chromatin condensation. While this exchange is essential, the precise mechanisms remain incompletely understood. In this study, we discovered that the palmitoyltransferase ZDHHC19 functions as a key regulator of mouse spermiogenesis. Loss of <italic toggle=""yes"">Zdhhc19</italic> leads to male infertility and abnormal sperm morphology. <italic toggle=""yes"">Zdhhc19</italic>-deficient sperm exhibit impaired histone-to-protamine exchange, leading to retention of histones and misdistribution of protamines. Similarly, the palmitoyltransferase catalytic site mutant <italic toggle=""yes"">Zdhhc19</italic> C142S knock-in mice show reduced fertility, sperm abnormalities, and histone retention. Mechanistically, ZDHHC19 mediates histone H3 palmitoylation at cysteine-110, weakening H3-H4 interactions and increasing chromatin accessibility. Palmitoylation of H3 facilitates histone-to-protamine exchange. This study highlights the essential role of ZDHHC19’s palmitoyl-transferase activity in histone-to-protamine exchange during spermiogenesis and underscores the broader role of histone palmitoylation in chromatin remodeling.",Research Article; Biomedicine and Life Sciences; SciAdv r-articles; Developmental Biology; Molecular Biology; Developmental Biology,https://doi.org/10.1126/sciadv.adv5189
https://pmc.ncbi.nlm.nih.gov/articles/PMC12532318/,Optical correction in excised cataractous crystalline lenses by using wavefront shaping techniques,2025,"Cataracts significantly degrade retinal image quality by scattering light within the crystalline lens. In this work, we apply wavefront shaping techniques to optimize the point spread function (PSF) formed through excised human lenses at advanced cataract stages, enabling improved image formation on the retinal plane. We employed both phase and binary amplitude modulation strategies with matched degrees of freedom for fair comparison. We analyze the isoplanatic patch size and demonstrate that concatenating multiple optimized PSFs can extend the effective imaging area. These results show the potential of wavefront shaping as a non-invasive, purely optical strategy for correcting cataract-induced image blur in the eye.",Article,https://doi.org/10.1364/BOE.571198
https://pmc.ncbi.nlm.nih.gov/articles/PMC12533437/,Synaptic dysfunction and glial activation markers throughout aging and early neurodegeneration: a longitudinal CSF biomarker-based study,2025,,Microglia; Synaptic function; Aging; Neurodegeneration; TREM2; Research,https://doi.org/10.1186/s13024-025-00901-5
https://pmc.ncbi.nlm.nih.gov/articles/PMC12532377/,"Disease–disease interactions: molecular links of neurodegenerative diseases with cancer, viral infections, and type 2 diabetes",2025,"Neurodegenerative disorders, notably Alzheimer’s and Parkinson’s diseases, are unified by progressive neuronal loss and aberrant protein aggregation. Growing evidence indicates that these conditions are linked to cancer, infectious diseases, and type 2 diabetes through convergent molecular processes. In this review, we examine the mechanistic foundations of these links, focusing on shared features such as protein misfolding and aggregation, chronic inflammation, and dysregulated signalling pathways. We integrate cellular, animal, and human data to illustrate how pathogenic proteins may influence one another through cross-seeding and co-aggregation, and assess the implications of such interactions for disease susceptibility, progression, and treatment response. Understanding these underlying mechanisms may provide a conceptual framework for developing therapeutic approaches that target the molecular basis of multiple complex disorders.",Disease–disease interactions; Neurodegenerative diseases; Cancer; Infectious diseases; Diabetes; Underlying mechanisms; Review,https://doi.org/10.1186/s40035-025-00507-3
https://pmc.ncbi.nlm.nih.gov/articles/PMC12531180/,"Mitochondrial dysfunction in age-related sarcopenia: mechanistic insights, diagnostic advances, and therapeutic prospects",2025,"Sarcopenia is a progressive age-related decline in skeletal muscle mass, strength, and function, representing a significant health burden in older adults. Diagnostic criteria have been established that integrate measures of muscle mass, strength, and physical performance [e.g., European Working Group on Sarcopenia in Older People 2010 (EWGSOP1) and 2019 (EWGSOP2) criteria]. Mechanistically, sarcopenia is driven by hormonal changes, chronic inflammation, cellular senescence, and, importantly, mitochondrial dysfunction. Age-related declines in sex hormones and activation of myostatin impair muscle regeneration and metabolism, while chronic low-grade inflammation disrupts protein synthesis and accelerates proteolysis via the ubiquitin–proteasome system (UPS) and autophagy–lysosome pathway (ALP). The accumulation of senescent cells and their secretory phenotype further exacerbates muscle degeneration and functional decline. Mitochondrial dysfunction plays a central role, characterized by impaired biogenesis, excessive reactive oxygen species (ROS) production, compromised autophagy/mitophagy, and accumulation of mitochondrial DNA (mtDNA) mutations. These defects collectively disrupt muscle energy homeostasis, promoting atrophy. The AMPK/SIRT1/PGC-1α and mTORC1 signaling pathways, along with PINK1/Parkin-mediated and receptor-dependent mitophagy, are essential for regulating mitochondrial biogenesis, protein synthesis, and mitochondrial quality control. Current and emerging therapeutic approaches include resistance and endurance exercise, nutritional and pharmacological agents targeting mitochondrial health, and hormonal modulation. Innovative treatments such as senolytics, exerkines, and gene therapies show promise but require further validation. Future advances in mechanistic understanding, diagnostics, and therapeutic strategies offer hope for mitigating sarcopenia and improving the quality of life in aging populations.",sarcopenia; muscle atrophy; aging; mitochondrial dysfunction; chronic inflammation; therapeutic strategies; Cell and Developmental Biology,https://doi.org/10.3389/fcell.2025.1590524
https://pmc.ncbi.nlm.nih.gov/articles/PMC12528097/,Role of lipocalin-2 in amyotrophic lateral sclerosis,2025,"Amyotrophic lateral sclerosis (ALS) is a progressive neurodegenerative disease characterized pathologically by degeneration of upper and lower motor neurons, ultimately leading to muscle weakness and respiratory failure. Lipocalin-2 (LCN2) is a secreted protein involved in lipid transport that plays a key role in inflammatory responses and the regulation of iron homeostasis. The role of LCN2 in ALS has attracted increasing attention, as significantly elevated LCN2 expression has been observed in the blood and postmortem tissues of ALS patients. Functionally, LCN2 participates in neuroinflammation, iron dysregulation, cell death, and peripheral immune immunity, proposing a central-peripheral linkage hypothesis mediated by LCN2. Clinically, LCN2 shows promise as both a biomarker and a therapeutic target, with multiple strategies demonstrating potential to mitigate ALS pathology. Moving forward, it is essential to integrate multi-omics to deeply decipher LCN2-mediated molecular networks, advance patient stratification, and accelerate its clinical translation.",amyotrophic lateral sclerosis; lipocalin-2; neutrophil gelatinase-associated lipocalin; neuroinflammation; iron metabolism; cell death; peripheral immunity; Aging Neuroscience,https://doi.org/10.3389/fnagi.2025.1672903
https://pmc.ncbi.nlm.nih.gov/articles/PMC12531808/,Diabetic bone fragility through advanced glycation end product-collagen axis: Mechanisms and therapy of sodium glucose cotransporter 2 inhibitors,2025,"Type 2 diabetes markedly elevates fracture risk despite normal or high bone mineral density, a paradox reflecting qualitative skeletal deficits rather than loss of mass. Chronic hyperglycemia fosters the accumulation of advanced glycation end products in bone; their nonenzymatic crosslinks stiffen type I collagen, impair mineralization, and erode mechanical strength. By engaging the receptor for advanced glycation end products, these adducts activate nuclear factorκB and mitogen-activated protein kinase cascades, amplifying oxidative stress, inflammation, osteoblast dysfunction, and osteoclastogenesis. This review synthesizes epidemiological data from type 1 and type 2 diabetes, highlights the limits of densitybased skeletal assessment, and details the molecular pathology of the glycation-collagen axis. It also appraises antiglycation therapies, including formation inhibitors, crosslink breakers and receptor antagonists, with a particular focus on sodium-glucose cotransporter 2 inhibitors that couple glycemic control with modulation of the glycation pathway. By integrating recent basic and clinical advances, we propose a mechanistic framework for diabetic bone disease and outline strategies to mitigate glycationdriven skeletal fragility.",Advanced glycation end products; Bone mineralization and microstructural heterogeneity; Bone mineral density; Diabetic bone fragility; High-resolution peripheral quantitative computed tomography; Nonenzymatic collagen cross-linking; Oxidative stress; Sodium-glucose cotransporter 2 inhibitors; Type I collagen; Review,https://doi.org/10.4239/wjd.v16.i10.111813
https://pmc.ncbi.nlm.nih.gov/articles/PMC12526406/,Repurposing Artemisinin-Based Drugs from Antimalarial to Pan-Therapeutic: Pharmacological Promise and Therapeutic Challenges,2025,"The sourcing of pharmaceutical agents from natural products remains a cornerstone of drug discovery. For millennia, herbal remedies have served as foundational therapeutic interventions, yet their mechanisms of action often remain elusive. Artemisinin (ART, or “Qinghaosu”) and its derivatives, collectively known as ARTs, exemplify this paradigm. Originating from traditional Chinese medicine, these well-established antimalarial compounds exhibit potent cytotoxicity, positioning them as promising anti-cancer agents. ARTs operate through multiple cancer cell-intrinsic mechanisms and demonstrate synergistic effects with conventional therapies, even against chemoresistant malignancies. Beyond oncology, the therapeutic portfolio of ART-based drugs is rapidly expanding. This review synthesizes recent advancements in the application of ARTs for treating various cancers, Alzheimer’s disease, and reproductive disorders. Furthermore, we explore the frontier of ART drug development, focusing on the rational design of ART-derived molecular hybrids and the engineering of nano-enabled delivery systems. These innovative strategies are pivotal for enhancing anti-cancer efficacy and achieving cancer-specific targeting. Ultimately, this work aims to guide the innovation of ART-based precision medicine, revitalizing the exploration and development of natural products in modern pharmacotherapy.",artemisinin; malignancy; neurodegenerative disease; reproductive disorder; drug delivery; Review,https://doi.org/10.2147/DDDT.S545163
https://pmc.ncbi.nlm.nih.gov/articles/PMC12524701/,"CRISPR and Artificial Intelligence in Neuroregeneration: Closed-Loop Strategies for Precision Medicine, Spinal Cord Repair, and Adaptive Neuro-Oncology",2025,"Repairing the central nervous system (CNS) remains one of the most difficult obstacles to overcome in translational neurosciences. This is due to intrinsic growth inhibitors, extracellular matrix issues, the glial scar–form barrier, chronic neuroinflammation, and epigenetic silencing. The purpose of this review is to bring together findings from recent developments in genome editing and computational approaches, which center around the possible convergence of clustered regularly interspaced short palindromic repeats (CRISPR) platforms and artificial intelligence (AI), towards precision neuroregeneration. We wished to outline possible ways in which CRISPR-based systems, including but not limited to Cas9 and Cas12 nucleases, RNA-targeting Cas13, base and prime editors, and transcriptional regulators such as CRISPRa/i, can be applied to potentially reactivate axon-growth programs, alter inhibitory extracellular signaling, reprogram or lineage transform glia to functional neurons, and block oncogenic pathways in glioblastoma. In addition, we wanted to highlight how AI approaches, such as single-cell multi-omics, radiogenomic prediction, development of digital twins, and design of adaptive clinical trials, will increasingly be positioned to act as system-level architects that allow translation of complex datasets into predictive and actionable therapeutic approaches. We examine convergence consumers in spinal cord injury and adaptive neuro-oncology and discuss expanse consumers in ischemic stroke, Alzheimer’s disease, Parkinson’s disease, and rare neurogenetic syndromes. Finally, we discuss the ethical and regulatory landscape around beyond off-target editing and genomic stability of CRISPR, algorithmic bias, explainability, and equitable access to advanced neurotherapies. Our intent was not to provide a comprehensive inventory of possibilities but rather to provide a conceptual tool where CRISPR acts as a molecular manipulator and AI as a computational integrator, converging to create pathways towards precision neuroregeneration, personalized medicine, and adaptive neurotherapeutics that are ethically sound.",CRISPR genome editing; artificial intelligence; precision neuroregeneration; spinal cord injury; glioblastoma; digital twins; translational neuroscience; personalized medicine; Review,https://doi.org/10.3390/ijms26199409
https://pmc.ncbi.nlm.nih.gov/articles/PMC12523741/,NAD<sup>+</sup> Homeostasis and Autophagy: Integrated Control Through Nutrient Signaling in Yeast and Mammals,2025,"Nicotinamide adenine dinucleotide (NAD<sup>+</sup>) is an essential metabolite facilitating redox and biochemical reactions in many cellular processes. Maintaining NAD<sup>+</sup> homeostasis is critical for proper cellular function, and abnormalities in NAD<sup>+</sup> metabolism have been associated with various human diseases. However, the mechanisms underlying its regulation and interconnection with nutrient-sensing pathways remain incompletely understood. Recent studies show that autophagy, a conserved catabolic pathway essential for cellular homeostasis, plays an important role in maintaining the NAD<sup>+</sup> pool. NAD<sup>+</sup> may also impact autophagy through its regulation of cellular metabolism and sirtuins, a family of NAD<sup>+</sup>-dependent deacetylases. Given the complexity of these pathways, their mechanistic interconnection is not fully understood. Here, we discuss studies examining the interactions of NAD<sup>+</sup> metabolism, autophagy, and nutrient-sensing pathways, with a focus on the budding yeast <italic toggle=""yes"">Saccharomyces cerevisiae</italic> and connections to mammalian systems. We also discuss the role of sirtuins in these pathways and the impacts of NAD<sup>+</sup> precursor supplementation. This review provides insights into how nutrient-sensing pathways may mediate the co-regulation of NAD<sup>+</sup>, autophagy, and cellular homeostasis. The studies discussed provide the basis for the development of future research directions that may inform potential therapeutic targets for human disorders associated with the dysregulation of NAD<sup>+</sup> metabolism and autophagy.",NAD<sup>+</sup>; autophagy; nutrient sensing; sirtuin; Review,https://doi.org/10.3390/cells14191495
https://pmc.ncbi.nlm.nih.gov/articles/PMC12533962/,Targeting macroautophagy to combat neurodegenerative disease: strategies and considerations,2025,"Upon demonstration that basal macroautophagy plays an essential role in maintaining protein homeostasis in the mammalian CNS, there has been excitement around modulating this form of autophagy as a therapeutic strategy to combat neurodegenerative disease. Nonetheless, the initial genetic studies that spawned this excitement did little to reveal the complex physiology of autophagy regulation in neural cells, or the predicament of compartment-specific events upon which these cells rely. Pursuit of therapeutic strategies further highlighted how this intricacy extends across the different organs of the body, raising question as to how we may harness the power of macroautophagy for good while minimizing the bad. Fortunately, since these early studies, the field has made significant gains toward understanding the molecular, cellular and physiological basis of macroautophagy. Together with technological advances, they have refueled the exploration into how this powerful pathway may provide the much-needed therapeutic advances for these yet untreatable diseases. In this review, we will contextualize the insights gained over the last decade with the traditional and novel strategies that have been explored to combat disease-associated events such as abnormal protein accumulation. In addition, we will discuss key considerations and strategies that can influence how a therapeutic approach might be designed.",Autophagy; selective autophagy; therapeutics; neurodegeneration; Review Article; Review,https://doi.org/10.1080/27694127.2025.2571940
https://pmc.ncbi.nlm.nih.gov/articles/PMC12534670/,Causal plasma metabolites for breast cancer risk: a two-sample Mendelian randomization study with colocalization evidence,2025,,Genome Wide Association Study (GWAS); Mendelian randomization (MR); Phenome-wide Mendelian randomization (PheWAS-MR); Colocalization; Breast cancer (BC); Analysis,https://doi.org/10.1007/s12672-025-03721-7
https://pmc.ncbi.nlm.nih.gov/articles/PMC12532930/,Targeting mitochondrial transporters and metabolic reprogramming for disease treatment,2025,"In the realm of cellular biochemistry, mitochondria have been increasingly recognized for their critical role in both cellular metabolism and the etiology of various diseases. Mitochondrial transporters (MTs) are essential for maintaining cellular energy dynamics and metabolic fluxes by facilitating the bidirectional transfer of metabolites across mitochondrial membranes. Dysregulation of these transporters, such as the mitochondrial pyruvate carrier (MPC), citrate carrier (SLC25A1), and voltage-dependent anion channel (VDAC), disrupts energy metabolism, redox balance, and cellular signaling, contributing to the pathogenesis of neurodegenerative diseases (NDDs), cardiovascular diseases (CVDs), type 2 diabetes (T2D), and cancer. In NDDs, impaired transporters exacerbate oxidative stress and neuronal death, while in CVDs, they lead to energy deficits and heart failure. In T2D, dysfunctional transporters like MPC and carnitine palmitoyltransferase (CPT) systems drive insulin resistance and metabolic dysregulation. In cancer, upregulated transporters such as citrate carrier (SLC25A1), and dicarboxylate carrier (SLC25A10) as well as metabolic shifts like the Warburg effect support tumor growth and survival. Targeting MTs and metabolic reprogramming (MR) offers significant therapeutic potential. Preclinical studies have demonstrated the efficacy of mitochondrial-targeted therapies (MTT), such as adenosine monophosphate-activated protein kinase (AMPK) activators and antioxidants, in restoring metabolic homeostasis and reducing disease pathology. In cancer, inhibitors of glutamine transporters and VDAC1 are being explored to disrupt tumor metabolism. Several therapies are advancing to clinical trials, including mitochondrial-targeted drugs for NDDs and metabolic modulators for T2D and cancer, highlighting their translational potential. Despite notable individual achievements and isolated reviews in this field, there remains a lack of comprehensive syntheses that integrate these advancements. This review seeks to combine the prevailing scientific evidence and outline prospective research trajectories. The gathered data robustly support the significant potential of targeting MTs as a groundbreaking approach in the treatment of complex diseases, with the potential to significantly improve health outcomes and mitigate disease progression.",Mitochondria; Mitochondrial transporters; Metabolic reprogramming; Cellular metabolism; Disease treatment; Review,https://doi.org/10.1186/s12967-025-06976-4
https://pmc.ncbi.nlm.nih.gov/articles/PMC12537234/,Molecular mechanism of HaiZao-YuHu decoction in breast cancer treatment via network pharmacology and molecular docking: Computational pharmacology,2025,,breast cancer; HaiZao-YuHu decoction; mechanism of action; molecular docking; network pharmacology; 5700; Research Article; Clinical Trial/Experimental Study,https://doi.org/10.1097/MD.0000000000044828
https://pmc.ncbi.nlm.nih.gov/articles/PMC12536353/,"CD226 identifies effector CD8<sup>+</sup> T cells during tuberculosis and costimulates recognition of <italic toggle=""yes"">Mycobacterium tuberculosis</italic>-infected macrophages",2025,"CD8<sup>+</sup> T cells defend against <italic toggle=""yes"">Mycobacterium tuberculosis</italic> (Mtb) infection but variably recognize Mtb-infected macrophages. To investigate how chronic infection affects the diversity of lung parenchymal CD8<sup>+</sup> T cells, we perform single-cell RNA sequencing (scRNA-seq) on cells from C57BL/6J mice infected for 6 and 41 weeks. We identify an effector lineage, including a cluster that expresses high levels of cytotoxic effectors and cytokines, and a dysfunctional lineage that transcriptionally resembles exhausted T cells. The most significantly differentially expressed gene between two distinct CD8<sup>+</sup> T cell lineages is <italic toggle=""yes"">Cd226</italic>. Mtb-infected interferon (IFN)γ-enhanced yellow fluorescent protein (EYFP) reporter mice reveal that IFNγ production is enriched in CD226<sup>+</sup>CD8<sup>+</sup> T cells, confirming these as functional T cells <italic toggle=""yes"">in vivo</italic>. Purified CD226<sup>+</sup> but not CD226<sup>−</sup> CD8<sup>+</sup> T cells recognize Mtb-infected macrophages, and CD226 blockade inhibits IFNγ and granzyme B production. Thus, efficient CD8<sup>+</sup> T cell recognition of Mtb-infected macrophages requires CD226 costimulation, and CD226 expression identifies CD8<sup>+</sup> T cells that recognize Mtb-infected macrophages.",Article,https://doi.org/10.1016/j.celrep.2025.116184
https://pmc.ncbi.nlm.nih.gov/articles/PMC12536457/,"Reduced expression of the PER2 protein contributes to β
<sub>1</sub>-AA-induced cardiac autophagy rhythm disorders
",2025,"Heart failure may be linked to fluctuations in the rhythm of autophagy in cardiomyocytes throughout the day. Circadian rhythms depend on the regulation of core biological clock proteins, with PER2 playing a crucial role. Our previous research confirmed that the presence of β
<sub>1</sub>-adrenergic receptor autoantibodies (β
<sub>1</sub>-AAs) could inhibit myocardial autophagy, leading to cell death and heart failure. However, it remains unclear whether β
<sub>1</sub>-AA induces cardiac autophagy rhythm disorders by affecting PER2 expression. In this study, we find that β
<sub>1</sub>-AA disrupts the autophagy rhythm in cardiomyocytes, which is primarily indicated by decreased expression of the autophagy marker protein LC3. β
<sub>1</sub>-AA disrupts the rhythmic expression of the PER2 protein in myocardial cells, which is manifested mainly by a decrease in PER2 protein expression. Metoprolol is used to verify that the β
<sub>1</sub>-adrenergic receptor contributes to the reduction in the Per2 protein caused by β
<sub>1</sub>-AA. Knockdown of
<italic toggle=""yes"">Per2</italic> with lentivirus reduces the inhibition of LC3 expression caused by β
<sub>1</sub>-AA, whereas overexpression of Per2 in cardiomyocytes using lentivirus significantly restores the β
<sub>1</sub>-AA-induced decrease in LC3 expression. Moreover, mTORC1 activation is found to participate in β
<sub>1</sub>-AA-induced autophagy inhibition in cardiomyocytes after pretreatment with the mTORC1 inhibitor rapamycin. Furthermore, the decreased expression of the PER2 protein caused by β
<sub>1</sub>-AA disrupts the myocardial autophagy rhythm by promoting mTORC1 activation through lentiviruses that knock down or overexpress the
<italic toggle=""yes"">Per2</italic> gene. This study provides an experimental basis for the precise treatment of cardiovascular diseases from the perspective of biological rhythm.
","β
<sub>1</sub>-AA; autophagy rhythm; biological clock; PER2; mTORC1; Research Article",https://doi.org/10.3724/abbs.2025023
https://pmc.ncbi.nlm.nih.gov/articles/PMC12518444/,Experts’ consensus on the management and treatment of individuals with X-linked hypophosphatemia across lifespan,2025,,Burosumab; Conventional treatment; FGF23; Osteomalacia; Rickets; XLH; Consensus Statement,https://doi.org/10.1007/s40618-025-02611-7
https://pmc.ncbi.nlm.nih.gov/articles/PMC12528134/,Immunoglobulin: unraveling its complex web in aging,2025,"Aging is a complex biological phenomenon, which involved in a large number of diseases such as cancer, neurodegeneration, and cardiovascular diseases. Understanding the mechanism of aging may facilitate the development of preventive strategies of age-related diseases. Immunoglobulin (Ig) includes proteins with antibody (Ab) activity or membrane-bound proteins that share a chemically analogous structure to Ab. Ig can recognize and neutralize numerous antigens, which constitutes the main characteristic of adaptive immunity. The quantity, glycosylation and function of Ig change with advancing age. Some Ig is found to be accumulated in aged tissues and appear to be regarded as a potential marker for aging, which indicates the critical role of Ig in aging. B cells are main producers of antibodies and undergo aging-related changes, leading to increased autoimmune responses and reduced vaccine responses. The immune dysregulation of B cells is also intensively involved in the alteration of Ig. In this review, we focus on the current research findings on Ig, discuss the relation between Ig and aging, highlight the complex interplay among B cell, gut microbiota, Ig, and aging, and explore potential therapeutic strategy. We hope this review may provide an insight for investigating the regulatory mechanism of Ig in aging, as well as for evaluating the therapeutic potential in treating age-related diseases.",immunoglobulin; aging; senescence; B cell; immunosenescence; age-related diseases; Immunology,https://doi.org/10.3389/fimmu.2025.1690018
https://pmc.ncbi.nlm.nih.gov/articles/PMC12507398/,Tissue‐Specific Effects of Dietary Protein on Cellular Senescence Are Mediated by Branched‐Chain Amino Acids,2025,"Dietary protein is a key regulator of healthy aging in both mice and humans. In mice, reducing dietary levels of the branched‐chain amino acids (BCAAs) recapitulates many of the benefits of a low protein diet; BCAA‐restricted diets extend lifespan, reduce frailty, and improve metabolic health, while BCAA supplementation shortens lifespan, promotes obesity, and impairs glycemic control. Recently, high protein diets have been shown to promote cellular senescence, a hallmark of aging implicated in many age‐related diseases, in the liver of mice. Here, we test the hypothesis that the effects of high protein diets on metabolic health and on cellular senescence are mediated by BCAAs. We find that reducing dietary levels of BCAAs protects male mice from the negative metabolic consequences of both normal and high protein diets. Further, we identify tissue‐specific effects of BCAAs on cellular senescence, with restriction of all three BCAAs—but not individual BCAAs—protecting from hepatic cellular senescence while potentiating cellular senescence in white adipose tissue. We also find that these effects are sex‐specific. We find that the effects of BCAAs on hepatic cellular senescence are cell‐autonomous, with lower levels of BCAAs protecting cultured cells from antimycin‐A induced senescence. Our results demonstrate a direct effect of a specific dietary component on a hallmark of aging and suggest that cellular senescence may be highly susceptible to dietary interventions.",Research Article; Research Article,https://doi.org/10.1111/acel.70176
https://pmc.ncbi.nlm.nih.gov/articles/PMC12525960/,"Sex-Specific Lifespan Extension and Anti-Obesogenic Effects of <italic toggle=""yes"">Salicornia europaea</italic> Extract Through Tor Signaling Modulation in <italic toggle=""yes"">Drosophila</italic>",2025,"<bold>Background/Objectives</bold>: Some marine plants and algae are known to exert health benefits. However, the long-term effects and underlying mechanisms of these health benefits are still poorly understood. For this reason, we have investigated an extract from the marsh samphire <italic toggle=""yes"">Salicornia europaea</italic> for its life-prolonging potential. <bold>Methods</bold>: We investigated the effect of an aqueous extract of <italic toggle=""yes"">Salicornia europaea</italic> (SEE) on the lifespan of several wild-type strains of <italic toggle=""yes"">Drosophila</italic>. In addition, we used deficient flies to elucidate the mechanism of the life-prolonging effects. Finally, we comprehensively phenotyped the treated animals. <bold>Results</bold>: Supplementing a standard diet with SEE extended the lifespan of different <italic toggle=""yes"">Drosophila</italic> laboratory strains by up to a third (37% in <italic toggle=""yes"">w</italic><sup>1118</sup> and 19% in <italic toggle=""yes"">yw</italic>). A total of 0.05% of SEE were ineffective, whereas 0.2% induced robust lifespan prolongation. This effect was strictly sex-specific, as the SEE application was completely ineffective in males, while prolonging life in females. We found that the body fat content of SEE-treated female flies was lower compared to controls. The extract also positively impacted the lifespan of flies fed a high-fat diet but not a high-sugar diet. SEE exhibited a lipase-inhibitory activity in vitro. Moreover, SEE counteracted aging-associated loss of intestinal barrier integrity. The sex-specific lifespan extensions induced by the SEE entirely depended on functional Tor signaling in the flies. Tissue-specific silencing of the Tor signaling pathway in different cellular compartments of the intestine reduced, but did not altogether abolish, the lifespan-prolonging effect in females. <bold>Conclusions</bold>: SEE is a promising candidate for a health-promoting intervention, as it induces lifespan-prolonging and anti-obesogenic effects in a sex-specific manner. These effects depend on functional Tor and partially on FoxO signaling. Future studies should identify the active compounds in the extract.","<italic toggle=""yes"">Salicornia</italic>; lifespan; <italic toggle=""yes"">Drosophila</italic>; Tor-signaling; extract; anti-obesogenic; Article",https://doi.org/10.3390/nu17193065
https://pmc.ncbi.nlm.nih.gov/articles/PMC12492616/,The impacts of different dietary restriction regimens on aging and longevity: from yeast to humans,2025,"Dietary restriction (DR) refers to a broad set of interventions that limit the intake of specific nutrients or overall food consumption, either in quantity or timing, without causing malnutrition. DR has long been considered the most robust intervention for increasing healthspan and lifespan. This includes, not exhaustively, caloric restriction (CR), protein restriction (PR), amino acid restriction (AAR), intermittent fasting (IF), and time-restricted fasting (TRF), each with overlapping but distinct metabolic and physiological effects. This brief review examines the current scientific understanding of how some of the most commonly employed DR regimens may impact metabolism, lifespan, and healthspan. Particular attention is given to the underlying biological mechanisms and supporting evidence derived from both human clinical studies and fundamental biological research conducted with model organisms ranging from yeast to non-human primates.",Dietary restriction; Caloric restriction; Protein restriction; Intermittent fasting; Time-restricted fasting; Longevity and aging; Metabolic reprogramming; Nutrient-sensing; Multiple model organisms; Anti-aging interventions; Review,https://doi.org/10.1186/s12929-025-01188-w
https://pmc.ncbi.nlm.nih.gov/articles/PMC12501111/,"Effects of graded calorie restriction: XXII. Impact of long-term graded calorie restriction on tissue partitioning, digestive efficiency, bone health, and coordination in male C57BL/6J mice",2025,"Calorie restriction (CR) is the reduction in calorie intake while avoiding malnutrition. CR increases longevity and attenuates the development of many age-related diseases, although some unfavorable responses have been reported. In response to CR, energy is withdrawn from tissues to correct the energy deficit. Changes in tissue mass over short-term, 3 months graded CR (STCR) were complex and while most tissues reduced size, some grew. Employing a graded long-term CR (LTCR) protocol in male C57BL/6J mice, tissue utilization, digestive efficiency, bone health and motor coordination was investigated. Mice were restricted by 10%-40% over 580 days/19 months and sacrificed at 24-month old. Control mice fed <italic toggle=""yes"">ad libitum</italic> in the 12-hr darkphase only (12AL) were regarded as 0CR. The patterns of tissue weights, digestive efficiency, and bone measurements across the levels of CR were consistent between the STCR and LTCR studies, highlighting shared similarities over both experiments. Notable differences were enhanced utilization of the reproductive accessory organs which could be linked to a shutdown of the reproductive axis; reduced utilization of the spleen, changes in the hierarchy of investment in the digestive organs which was not linked to digestive efficiency. The vital organs were protected from utilization, with preservation of the brain by CR, presumably linked to reduced neurodegeneration and sustained coordination. The favorable effects of LTCR on bone health contradict previous negative reports. Overall, morphological changes determined within 3 months of CR, persisted to 19 months. The pattern of tissue utilization may be critical to the beneficial effects of CR.",Calorie restriction; Bone health; Neurodegeneration; THE JOURNAL OF GERONTOLOGY: Biological Sciences; AcademicSubjects/MED00280; AcademicSubjects/SCI00960,https://doi.org/10.1093/gerona/glaf168
https://pmc.ncbi.nlm.nih.gov/articles/PMC12535864/,"Heat-Treated <italic toggle=""yes"">Lactiplantibacillus plantarum</italic> KM2 Fermentation Ameliorate Muscular Atrophy",2025,"Sarcopenia, a progressive loss of skeletal muscle mass and function, poses a significant health concern in aging populations and cancer patients. Despite ongoing pharmaceutical research, including drug repurposing strategies, no FDA-approved treatment is currently available for sarcopenia, highlighting the need for safer, food-derived interventions. This study evaluated the anti-aging and muscle-preserving effects of KLP_KM2, a postbiotic formulation derived from <italic toggle=""yes"">Lactiplantibacillus plantarum</italic> KM2, using <italic toggle=""yes"">Caenorhabditis elegans</italic> and C2C12 muscle cell models. In <italic toggle=""yes"">C. elegans</italic>, KLP_KM2 and its components significantly extended lifespan, reduced lipofuscin accumulation, enhanced pharyngeal pumping, and preserved coordinated movement patterns. These effects were accompanied by upregulation of longevity, immune/stress response, and muscle function-related genes. In C2C12 myotubes, KLP_KM2 treatment mitigated CT26-conditioned medium-induced muscle atrophy, restoring myotube diameter and length, increasing expression of myogenic markers (MyoD, myogenin, MHC I, MHC IIa), and downregulating atrophy markers (Atrogin-1, MuRF1). These findings suggest that KLP_KM2 may serve as a promising postbiotic intervention to support muscle health, prevent sarcopenia, and counteract cancer cachexia. Further <italic toggle=""yes"">in vivo</italic> mammalian studies and clinical trials are warranted to validate its therapeutic potential.","<italic toggle=""yes"">Lactiplantibacillus plantarum</italic> KM2; postbiotics; sarcopenia; <italic toggle=""yes"">C. elegans</italic>; cancer cachexia; Research article",https://doi.org/10.4014/jmb.2506.06042
https://pmc.ncbi.nlm.nih.gov/articles/PMC12507419/,"T‐<styled-content style=""fixed-case"" toggle=""no"">CLASS</styled-content>: An Online Tool for the Identification and Classification of Aging and Senescence Using Transcriptome Data",2025,"Transcriptome analysis has become increasingly utilized in aging research. However, the identification of the key molecular changes underlying aging processes and longevity‐promoting regimens from transcriptome data remains challenging. Here, we present Transcriptomic CLassification via Adaptive learning of Signature States (T‐CLASS), an online tool that identifies, from transcriptome data, gene sets of several hundred genes that provide an optimal representation of longevity and aging paradigms. We systematically evaluated the effectiveness of T‐CLASS with diverse datasets, including longevity‐promoting regimens in <styled-content style=""fixed-case"" toggle=""no"">
<italic toggle=""no"">Caenorhabditis elegans</italic>
</styled-content>, cellular senescence by different means in both cultured mouse primary cells and cultured human cells, and human sarcopenia. We found that T‐CLASS exhibited robust and high classification performance across datasets compared to preexisting machine/deep learning‐based gene selection tools. By focusing our further analysis on longevity‐promoting regimens in <styled-content style=""fixed-case"" toggle=""no"">
<italic toggle=""no"">C. elegans</italic>
</styled-content>, we showed that T‐CLASS successfully classified transcriptomic changes caused by ten lifespan‐extending small molecules, among which we experimentally validated the effect of rifampicin and atracurium as a proof of principle. Overall, T‐CLASS is an effective and practical tool for uncovering and classifying physiological changes caused by genetic and pharmacological interventions that affect aging.","aging; <styled-content style=""fixed-case"" toggle=""no"">
<italic toggle=""no"">C. elegans</italic>
</styled-content>; classification; longevity; transcriptome; web‐based tool; Research Article; Research Article",https://doi.org/10.1111/acel.70193
https://pmc.ncbi.nlm.nih.gov/articles/PMC12520855/,Pathophysiology of geriatric diseases in dogs and cats: a foundation for geriatric care,2025,,Aging; longevity; multimorbidity; frailty; geroscience; Narrative Review,https://doi.org/10.4142/jvs.25220
https://pmc.ncbi.nlm.nih.gov/articles/PMC12501032/,Comprehensive characterisation of age-related changes in cell subpopulations and tissue structural properties in secondary lymphoid organs,2025,"Population aging is an escalating global phenomenon, wherein age-related alterations in the human immune system exacerbate the susceptibility to diseases including infections and autoimmune disorders. Secondary lymphoid organs (SLOs) are key locations for the execution of immunological responses by mature immune cells; however, age-related changes in SLOs remain relatively understudied. To address this gap, this study employed comprehensive approaches including single-cell RNA sequencing (scRNA-seq) data analysis, immunofluorescence staining, flow cytometry, and morphological analysis, to clarify the age-related alterations in SLOs in mice. The results demonstrated that aging caused senescent immune cells to accumulate and subpopulations to reorganize, with a decrease in the proportion of naïve T cells, whilst an increase in regulatory T (Treg) cells, cytotoxic T lymphocytes (CTLs), and exhausted T (Tex) cells. Notably, CD4<sup>+</sup> and CD8<sup>+</sup> T cells exhibited distinct senescence patterns in Peyer’s patches, suggesting tissue-specific responses to aging, which may arise from differential exposure to gut microbiota. In addition to the alterations in immune cell populations, we also identified increased stromal cell senescence and altered distributions of marginal reticular cells and follicular dendritic cells, which may further contribute to age-related immune dysfunction. Finally, examining SLO structural features, including size, fibrosis, stiffness, and pigmentation, revealed degenerative changes that impair immune function. Collectively, this study will assist with the development of strategies aimed at delaying aging and treating age-related diseases.",Cell biology; Immunopathogenesis; Article,https://doi.org/10.1038/s41419-025-08007-y
https://pmc.ncbi.nlm.nih.gov/articles/PMC12494311/,Emerging basic science concepts in geriatric fracture fixation and patient recovery,2025,"In recent history, human life expectancy has increased significantly, resulting in a high burden of late-life morbidity and geriatric fractures. Changes to the body as a result of aging, such as degeneration of the bone marrow, osteoblast apoptosis, and a decline in hormone production, coupled with sarcopenia, are only a few factors that predispose the elderly to fractures. In addition, these factors further complicate surgical management, as they increase the risk of fixation failure, nonunion, malunion, and wound complications. As a result, the standards of geriatric fracture fixation must account for variables that are rarely included when planning for surgery in the younger population. Operative fixation should provide a stable limb to allow for early mobilization and weight bearing, lowering the risk of medical complications. Therefore, early mobility is of the utmost importance in the setting of most fragility fractures. However, early mobility in some, such as the pelvic fragility fracture, may lead to an increased risk for bleeding and death. Geriatric fractures carry significant morbidity, mortality, and financial risk, which indicates that there should be a continuing review and understanding of the multifactorial process leading toward and treatment strategies employed after geriatric fractures. The purpose of this review is to summarize the biology of aging, the causes, effects, and treatments of sarcopenia, the current fixation strategies of geriatric fractures, and the importance of mobility in the geriatric patient.","geriatric fracture; frailty; sarcopenia; osteoporosis; OTA Meeting Symposium; 2024 Basic Science Focus Forum Supplement, October 2025",https://doi.org/10.1097/OI9.0000000000000433
https://pmc.ncbi.nlm.nih.gov/articles/PMC12529628/,Community engagement studios to improve racial diversity and health equity in Parkinson’s,2025,,Community engagement; Parkinson’s disease; health disparity; research methods; community engagement studios; Research Article,https://doi.org/10.1017/cts.2025.10119
https://pmc.ncbi.nlm.nih.gov/articles/PMC12504011/,Routine Monitoring of CAR‐T‐Cells Expansion and Persistence in Patients With Aggressive Large B‐Cell Lymphoma by Flow Cytometry: A Single‐Center Experience,2025,"This retrospective, single‐center study evaluated routine flow cytometry (FC) monitoring of CAR‐T‐cells in 45 patients with aggressive large B‐cell lymphoma (LBCL). CAR‐T‐cells expansion was assessed from Day 0 to Month 12. Peak expansion occurred on Day 7 after axi‐cel (median 39.3% of total lymphocytes; 87 cells/mm<sup>3</sup>) and Day 10 for tisa‐cel (median 8.1%; 33.2 cells/mm<sup>3</sup>). Greater CAR‐T‐cells expansion was associated with immune‐related toxicity, with median peak levels reaching 52.8% in patients with grade 2 cytokine release syndrome (CRS) versus 6.6% in those without (<italic toggle=""yes"">p</italic> < 0.001) and 60.8% in patients with immune effector cell‐associated neurotoxicity syndrome (ICANS) versus 15.3% in those without (<italic toggle=""yes"">p</italic> < 0.001). Prolonged cytopenia was observed in 65% of patients and more frequently among those with greater CAR‐T‐cells expansion. This study highlights FC as a practical tool for monitoring CAR‐T‐cells dynamics in routine practice, with potential implications for early toxicity risk assessment and personalized supportive care.",CAR‐T cells; expansion kinetics; flow cytometry; large B‐cell lymphoma; persistence; Original Article; Original Article,https://doi.org/10.1002/hon.70139
https://pmc.ncbi.nlm.nih.gov/articles/PMC12494840/,Immune cells display an abnormal maturation and a proinflammatory profile in telomere biology disorders,2025,"<list list-type=""simple"" id=""ulist0010""><list-item id=""u0010""><label>•</label><p id=""p0010"">Patients with TBDs display decreased thymic output, abnormal maturation, skewed cell diversity, activation, and exhaustion of lymphocytes.</p></list-item><list-item id=""u0015""><label>•</label><p id=""p0015"">Unconventional T cells and monocytes show proinflammatory profiles that might contribute to the disease phenotype.</p></list-item></list>",Hematopoiesis and Stem Cells,https://doi.org/10.1182/bloodadvances.2025015976
https://pmc.ncbi.nlm.nih.gov/articles/PMC12502250/,Reversing coma by senolytics and stem cells: the future is now,2025,"Global cerebral ischemia (GCI) caused by impaired blood flow to the brain—typically following cardiac arrest or traumatic brain injury—remains the leading cause of coma and disorders of consciousness (DoC). In certain cases, the recovery potential of these patients may be significantly underestimated. Historically, these patients were often given little hope for recovery, particularly due to longstanding, outdated dogmatic views such as the presumed absence of adult neurogenesis. However, recent advances suggest that we have been discounting ongoing mental activity in comatose patients; additionally, emerging evidence shows that some patients in coma retain the capacity for communication through non-traditional means. The authors believe that the exponential progress in the field and the increase of our understanding in neurophysiology, regenerative medicine, and the biology of cellular senescence now makes it plausible to initiate experimental interventions that offer a realistic chance of reversing disorders of consciousness. The proposed strategy involves a two-step therapeutic paradigm: first the use of senolytic approaches to remove senescent cells and reduce neuroinflammatory burden (“clear the debris”); second, stimulation of neural regeneration through stem cell therapies, combined with electrophysiologic/pharmacological stimulation. The authors propose, that this integrated approach offers a novel treatment paradigm to address the previously insurmountable challenge of coma reversal.",Review,https://doi.org/10.1186/s12967-025-07099-6
https://pmc.ncbi.nlm.nih.gov/articles/PMC12507395/,TSP50 in Neural Stem Cells Regulates Aging‐Related Cognitive Decline and Neuroinflammation by Altering the Gut Microbiota,2025,"Aging is a process of gradual decline in physical and cognitive function and is a major risk factor for mortality. Despite the increasing number of relevant studies, the mechanisms regulating the aging process have not been fully elucidated. Genetic factors have long been recognized as key factors in controlling the rate of aging. Testes‐specific protease 50 (TSP50) has been shown to be involved in the regulation of embryonic development and intestinal homeostasis, but its role in the regulation of aging remains unclear. Here, we showed that TSP50 expression was reduced in the hippocampus of both aged humans and mice. TSP50 deficiency in neural stem cells (NSCs) drove accelerated aging in mice, characterized by exacerbated age‐related cognitive impairments and significantly elevated neuroinflammation. Notably, aged mice with NSCs‐specific knockout of TSP50 exhibited impaired intestinal mucosal barriers, dysbiosis of gut microbiota, and a marked reduction in the production of short‐chain fatty acids (SCFAs). Restoring gut microbial ecology using fecal microbiota transplantation (FMT) and overexpressing TSP50 successfully alleviated aging‐associated cognitive decline and neuroinflammation. Taken together, our study suggests that TSP50 plays a critical role in the aging process and identifies gut microbiota as a pivotal mediator of TSP50's influence on age‐related cognitive decline and neuroinflammation. These findings highlight the potential therapeutic value of targeting TSP50 and gut microbiota for aging, offering insights into aging mechanisms and interventions for aging‐related neurodegenerative diseases.",aging; gut microbiota; neuroinflammation; TSP50; Research Article; Research Article,https://doi.org/10.1111/acel.70188
https://pmc.ncbi.nlm.nih.gov/articles/PMC12512309/,ADSC-enriched adipose extract alleviates cartilage fibrosis in temporomandibular joint osteoarthritis by inhibiting chondrocyte senescence,2025,,Temporomandibular joint osteoarthritis; Cartilage; Adipose-derived mesenchymal stem cells; Fibrosis; Cellular senescence; Research,https://doi.org/10.1186/s12967-025-07108-8
https://pmc.ncbi.nlm.nih.gov/articles/PMC12504700/,Phenotype disruption of umbilical cord derived MSC by cyclic mechanical stretch and hyperoxia mediated by p21,2025,"Preclinical studies provided convincing evidence that umbilical cord derived mesenchymal stem cells (UC-MSC) prevent lung injury and promote lung regeneration. We hypothesized that cyclic mechanical stretch (CMS) and hyperoxia (HOX) during mechanical ventilation account for their limited therapeutic efficacy within the clinics. UC-MSC cultures were subjected to CMS and HOX and evaluated for proliferation, cell viability and further functional properties. Reversibility of the phenotype changes was evaluated after recovery in room air following these exposures. CMS and HOX compromised cell viability and proliferation, altered phenotypic characteristics, particularly PDGFRα expression, and induced cellular senescence in UC-MSC. Effects were most pronounced for CMS plus HOX. The alterations of UC-MSC were mediated by p21 accumulation. As inhibition of p21 aggravated cell death of UC-MSC, the results indicated a cell defense mechanism to ensure survival. This assumption was underpinned by the principal reversibility of the phenotype alterations and regrowth after removal of CMS and HOX. But prolonged strongest exposures resulted in definite phenotype changes. CMS and HOX have comparable effects on UC-MSC as described for lung resident MSC. Our results explain their timely limited presence in the diseased lung after therapeutic application. Future research should therefore focus on their repetitive application.",Lung disease; Mechanical ventilation; Hyperoxia; Mesenchymal stem cells; p21; Senescence; Mesenchymal stem cells; Respiratory tract diseases; Article,https://doi.org/10.1038/s41598-025-22330-6
https://pmc.ncbi.nlm.nih.gov/articles/PMC12505871/,Microenvironment-driven satellite cell regeneration and repair in aging-related sarcopenia: mechanisms and therapeutic frontiers,2025,"Sarcopenia, a progressive age-related decline in skeletal muscle mass and function, is closely linked to impaired regenerative capacity of satellite cells (SCs), also known as satellite cells. Age-dependent SCs dysfunction, driven by intrinsic senescence and niche dysregulation, disrupts activation, proliferation, and differentiation, thereby exacerbating regenerative deficits in sarcopenia. The SCs niche undergoes age-related remodeling, characterized by immune cell infiltration, ECM stiffening, and aberrant FAPs differentiation toward Fibro-Adipogenic lineages. Immune subsets orchestrate inflammation resolution and SCs activation during regeneration, while FAPs exhibit dual roles: transient pro-regenerative WISP1 secretion and chronic fibrotic conversion. Concurrently, vascular-neural networks sustain SCs quiescence and neuromuscular junction integrity, with age-related degradation of these systems exacerbating regenerative decline. Single-cell omics and 3D genomic studies have revealed heterotypic interactions and chromatin structural changes underlying SCs dysfunction in aging. Emerging therapeutic strategies targeting SCs rejuvenation and niche restoration—including metabolic regulation, endocrine interventions, and cell-based therapies—are complemented by advances in single-cell omics and 3D modeling technologies, which offer unprecedented opportunities to dissect niche complexity and identify novel therapeutic targets for sarcopenia. This review synthesizes recent advancements in understanding the role of SCs and their dynamic niche microenvironment in sarcopenia pathogenesis, exploring novel therapeutic strategies while underscoring the critical importance of deciphering their bidirectional interplay for developing effective interventions against age-related muscle loss.",Muscle stem cells (MuSCs); Satellite cells (SCs); Satellite cell niche; Fibro adipogenic precursors (FAPs); Extracellular matrix (ECM); Review,https://doi.org/10.1186/s13287-025-04481-5
https://pmc.ncbi.nlm.nih.gov/articles/PMC12515102/,Distinct roles for NF-κB in hematopoietic stem cells and the bone marrow milieu in promoting hematopoietic aging,2025,"Hematopoietic aging is characterized by chronic inflammation associated with myeloid bias, hematopoietic stem cell (HSC) accumulation, and functional HSC impairment. Yet it remains unclear how inflammation promotes aging phenotypes. Nuclear factor κB (NF-κB) both responds to and directs inflammation, and we present an experimental model of elevated NF-κB activity (“inhibitor of κB deficient” [IκB<sup>−</sup>]) to dissect its role in hematopoietic aging phenotypes. We find that while elevated NF-κB activity is not sufficient for HSC accumulation, HSC-autonomous NF-κB activity impairs their functionality, leading to reduced bone marrow reconstitution. In contrast, myeloid bias is driven by the IκB<sup>−</sup> proinflammatory bone marrow milieu, as observed functionally, epigenomically, and transcriptomically. A single-cell RNA sequencing (scRNA-seq) HSPC labeling framework enables comparisons with aged murine and human HSC datasets, documenting an association between HSC-intrinsic NF-κB activity and quiescence but not myeloid bias. These findings delineate separate regulatory mechanisms that underlie the three hallmarks of hematopoietic aging, suggesting that they are specifically and independently therapeutically targetable.",Article,https://doi.org/10.1016/j.celrep.2025.116193
https://pmc.ncbi.nlm.nih.gov/articles/PMC12531753/,Is Adipose Tissue Inflammation the Culprit of Obesity‐Associated Comorbidities?,2025,"In individuals with obesity, the onset of chronic comorbidities coincides with the excessive accumulation of adipose tissue in various tissue beds. As obesity progresses, adipose tissue becomes increasingly dysfunctional causing chronic low‐grade inflammation. Indeed, adipose tissue inflammation, which partially stems from macrophage infiltration and expression of macrophage‐derived cytokines, has local and systemic consequences on health and increases the likelihood of developing obesity‐associated comorbidities. In addition, cellular changes driven by macrophages may also further aggravate both adipose tissue dysfunction and inflammation, thus contributing to the onset and progression of several comorbidities including type 2 diabetes, cardiovascular diseases, nonalcoholic fatty liver disease, osteoarthritis, some cancers, and dementia. The purpose of this review is to discuss how adipose tissue inflammation relates and contributes to the pathogenesis of obesity‐associated comorbidities.",adipose tissue inflammation; adipose tissue remodeling; macrophages; obesity‐associated comorbidities; Review; REVIEW,https://doi.org/10.1111/obr.13956
https://pmc.ncbi.nlm.nih.gov/articles/PMC12532685/,"Probiotic-Reduced Inflammaging in Older Adults: A Randomized, Double-Blind, Placebo-Controlled Trial",2024,"The disparity between increased lifespan and healthy aging, marked by prevalent “inflammaging”, highlights the global challenge in care of older persons. This study explored the anti-inflammatory effects of <italic toggle=""yes"">Lactiplantibacillus plantarum</italic> HEAL9 (LpHEAL9), alone or combined with berries, on older volunteers with chronic low-grade inflammation (LGI). It was a randomized, double-blind, placebo-controlled trial, with a total of 66 volunteers (> 70 years old), randomly assigned, and equally distributed, to placebo, LpHEAL9 or LpHEAL9 + Berries group. After a 2-week run-in period, participants underwent a 4-week dietary intervention. Intake of LpHEAL9 showed a trend towards reduction in serum CRP but without reaching statistical significance. However, LpHEAL9 significantly decreased fecal calprotectin levels compared to placebo. LpHEAL9+Berries did not show any effect on inflammation. Both probiotic groups showed a trend in improving cognitive function albeit not reaching statistical significance. Our findings suggest that the probiotic strain <italic toggle=""yes"">L</italic>. <italic toggle=""yes"">plantarum</italic> HEAL9 has a modest impact on LGI in a healthy older population (ClinicalTrials.gov ID: <ext-link ext-link-type=""pmc:clinical-trial"" http://www.w3.org/1999/xlink href=""NCT02342496"">NCT02342496</ext-link>).","<italic toggle=""yes"">Lactiplantibacillus plantarum</italic> HEAL9; <italic toggle=""yes"">L</italic>. <italic toggle=""yes"">plantarum</italic>; Low-grade inflammation; Calprotectin; CRP; Older; Inflammaging; Research",https://doi.org/10.1007/s12602-024-10310-7
https://pmc.ncbi.nlm.nih.gov/articles/PMC12534346/,"Evaluating the use of rodents as in vitro, in vivo and ex vivo experimental models for the assessment of tyrosine kinase inhibitor-induced cardiotoxicity: a systematic review",2025,"Tyrosine kinase inhibitors (TKIs) are widely used in cancer therapy yet are strongly associated with acute and chronic cardiotoxicity in patients. There is a critical need to advance our understanding of the pathophysiology that underlies TKI-mediated cardiotoxicity, and central to this is the use of reproducible and relevant preclinical models, which are employed in the evaluation of TKIs across the drug discovery pipeline. We have conducted a systematic review of the literature to determine how rodent models are used in the measurement of TKI-induced cardiotoxicity, focusing on animal reports, physiological cardiac outputs, histopathology, and biomarkers. A PRISMA-compliant systematic review was conducted using PubMed, Scopus, and Web of Science to identify studies reporting on TKI-induced cardiotoxicity in rodents. Only controlled in vivo, primary in vitro, and ex vivo studies using rats, mice, hamsters or guinea pigs were included. Data were extracted on species, strain, sex, age, experimental design, and cardiac outcomes with risk of bias analyses performed using the SYRCLE and SciRAP tools. Among 92 studies, sunitinib, imatinib, and sorafenib were the most frequently examined TKIs, with cardiotoxicity exhibited as altered cardiac functional parameters, fibrotic changes, arrhythmias, and elevated cardiac biomarkers. Rats (51 studies) and mice (46 studies) were predominantly used to study the effects of TKIs, whilst guinea pigs were underrepresented, limiting insights into electrophysiological changes that are associated with cardiotoxicity. Most studies used male rodents, and only two studies assessed age-related effects. Comparison between species strains was rarely conducted, despite evidence of this being a contributing factor to pre-disposition to cardiotoxicity. Rodent models were shown to replicate TKI-induced cardiotoxic effects observed in humans, but risk of bias analyses revealed limited evidence for study randomisation, inconsistent blinding, lack of sex-balanced studies, and poor strain diversity. Poor methodological quality and reporting across studies compromised reproducibility and interpretation of clinical relevance. Our study highlights the need for implementation of standardised protocols, strain, sex and age-stratified analyses to better support preclinical-to-clinical translation, as well as improve the safety of TKIs for patients and ensure more ethical use of animals in research.",Drug-induced cardiotoxicity; Tyrosine kinase inhibitor; Systematic review; Rodent models; Preclinical models; Risk of bias analysis; Drug discovery; Review Article,https://doi.org/10.1007/s00204-025-04159-0
https://pmc.ncbi.nlm.nih.gov/articles/PMC12534305/,Immunodeficiencies in Adults: Key Considerations for Diagnosis and Management,2025,"Immunodeficiencies in adults are increasingly recognized yet often remain underdiagnosed, leading to significant morbidity from recurrent infections, autoimmunity, and malignancy. Both primary immunodeficiencies (PIDs), now known as inborn errors of immunity (IEI), and secondary immunodeficiencies (SIDs) contribute to immune dysfunction in adults. Although SIDs are more common in adults due to factors like medications, malignancies, metabolic disorders, chronic conditions, and protein-losing conditions, IEI—particularly common variable immunodeficiency (CVID)—can also manifest in adulthood with diverse clinical features. Early recognition is crucial, with key warning signs including recurrent sinopulmonary infections, unexplained autoimmunity, poor vaccine responses, chronic diarrhea, bronchiectasis, and persistent lymphadenopathy. The diagnostic approach should be systematic. It begins with a detailed patient history and status followed by the evaluation of immunoglobulin levels, lymphocyte subsets, vaccine-specific antibody responses, and exclusion of secondary causes. Genetic testing, increasingly accessible, plays an important role in confirming the diagnosis of IEI and guiding prognosis and treatment. Management strategies focus on treating the underlying condition in SIDs. Preventive measures, including antimicrobial prophylaxis, vaccination, and immunoglobulin replacement therapy (IGRT) in patients with significant antibody deficiencies, are essential for reducing infections and complications in high-risk patients. Given the growing recognition of adult-onset immunodeficiency, clinicians should maintain a high index of suspicion and adopt a structured diagnostic and management approach to improve patient outcomes and quality of life.",Primary immunodeficiencies; Secondary immunodeficiencies; Inborn errors of immunity; Common variable immunodeficiency; Review,https://doi.org/10.1007/s12016-025-09103-9
https://pmc.ncbi.nlm.nih.gov/articles/PMC12536834/,"Global disease burden of interstitial lung disease and pulmonary sarcoidosis, 1990-2021, and forecast analysis over the next decade",2025,,interstitial lung disease; pulmonary sarcoidosis; prevalence; incidence; mortality; disability-adjusted life years; global burden of disease; Original Article,https://doi.org/10.36141/svdld.v42i3.16462
https://pmc.ncbi.nlm.nih.gov/articles/PMC12536836/,Association of non-linear dynamics of heart rate variability with all-cause mortality in patients with sarcoidosis,2025,,prediction; all-cause mortality; sarcoidosis; Original Article,https://doi.org/10.36141/svdld.v42i3.16332
https://pmc.ncbi.nlm.nih.gov/articles/PMC12528204/,Dyspepsia in nonagenarian women,2025,,"Dyspepsia; Nonagenarians; <italic toggle=""yes"">Helicobacter pylori</italic>; Pathology; Geriatrics; Research Paper",https://doi.org/10.1007/s41999-025-01197-w
https://pmc.ncbi.nlm.nih.gov/articles/PMC12518535/,Inflammatory and morphological changes in the colon reflect early aging induced by <sc>d</sc>-galactose in rats,2025,"Aging leads to a decline in function and structural changes. To mimic these processes, D-galactose (D-Gal) administration is widely used as a pro-aging model in animal studies due to its reproducibility and practicality. In this study, D-Gal was administered via intraperitoneal injection to induce aging in rats. This study aimed to investigate age-related changes in colon function and structure in an animal model through histological analysis and immunohistochemical assessment of aging biomarkers. Twelve-week-old male Sprague Dawley rats were divided into control and GAL groups. The functional test was performed by measuring the colon transit time duration and faecal output amount. Structural analysis was performed by histological examination using hematoxyllin-eosin staining and immunohistochemistry against p16Ink4A and lamin B1 antibodies. Colon transit time in the GAL group was significantly faster, but fecal pellet output and body weight in the GAL group had lower values. Microscopic examination revealed significant differences (<italic toggle=""yes"">p</italic> = 0.00) between the GAL and control groups. The GAL group exhibited mild epithelial (score 1) and muscle tissue damage (score 2), along with leukocyte infiltration (score 3). The immunohistochemistry results showed a significant difference in the GAL group (<italic toggle=""yes"">p</italic> < 0.05) for p16Ink4A and lamin B1 antibodies, which confirmed the ongoing aging process. Mild structural and functional changes, accompanied by significant inflammation, suggest that the D-Gal-induced aging model accelerates colon aging.",<sc>d</sc>-Galactose; Colon inflammation; Early aging; Age-induced; Structural biology; Medical research; Article,https://doi.org/10.1038/s41598-025-19437-1
https://pmc.ncbi.nlm.nih.gov/articles/PMC12536890/,Telomere–metabolism–immunity axis in sarcoma: Immune evasion mechanisms and therapeutic strategies,2025,"Sarcomas are a heterogeneous group of mesenchymal malignancies with poor prognosis and limited response to standard therapies, including immune checkpoint inhibitors (ICIs). Tumour‐intrinsic factors—such as telomere maintenance mechanisms (TMMs) and metabolic reprogramming—play central roles in driving immune evasion and therapeutic resistance. Telomerase activation and alternative lengthening of telomeres sustain replicative immortality while influencing the tumour immune microenvironment. In parallel, metabolic adaptations, including glutamine dependency and arginine auxotrophy, further suppress antitumour immunity. Together, TMMs and metabolism form an integrated axis that shapes immune modulation and treatment outcomes. Recent advances—ranging from telomerase‐based vaccines and TMM‐targeted immunotherapies to metabolic modulators combined with ICIs—demonstrate the translational promise of targeting this axis. This review synthesises current knowledge on telomere‒metabolism crosstalk in sarcomas, highlights its impact on immunotherapy response, and outlines future directions for biomarker‐driven, combinatorial strategies to overcome resistance and improve patient outcomes.",combinatorial strategy; immune evasion; immunotherapy; metabolic reprogramming; sarcoma; telomere maintenance mechanisms (TMMs); Review; Review,https://doi.org/10.1002/ctm2.70504
https://pmc.ncbi.nlm.nih.gov/articles/PMC12534925/,Dendrobine ameliorates mitophagy-mediated endothelial senescence in diabetic kidney disease through activating the SIRT1/FOXO3a pathway,2025,,Diabetic kidney disease; Dendrobine; SIRT1/FOXO3a pathway; Senescence; Research,https://doi.org/10.1186/s13020-025-01234-7
https://pmc.ncbi.nlm.nih.gov/articles/PMC12532090/,"SPARC: A
Multipayload ADC Architecture for Programmable
Drug Combinations",2025,"Drug
combination is a cornerstone of modern medicine,
particularly
in oncology. However, drug combinations often fail due to poor disease
site tropism and additive toxicities of composite drugs. Among targeted
drug delivery systems for reducing toxicity, the antibody-drug conjugate
(ADC) is effective for single cytotoxic payload delivery. Multipayload
ADC for combination therapy is mostly limited to two chemotherapeutics
at fixed ratios, hampered by a lack of payload combination synergy/toxicity
knowledge and complex antibody engineering and linker chemistries.
Here we design synergistic payload-antibody ratiometric conjugate
(SPARC) based on an elucidation of payload ratio-dependent pharmacology
and toxicology of drug combinations delivered by a previously described
clinical-stage T1000-ADC linker. Multi-T1000 payload (MTP) moieties
are synthesized through a convergent process by orthogonally linking
two or more azide–alkyne-modified, clickable T1000 payloads.
Direct conjugation of an MTP to a native antibody or combinatorial,
sequential conjugation of two MTPs to engineered and native cysteines
of THIOMABs leads to a programmable assembly of SPARCs with 2–6
payloads, a total drug antibody ratio (DAR) as high as 30, and a tunable
payload ratio from 1 to 10. SPARCs are stable and homogeneous, and
conjugation of multiple payloads does not affect antibody binding.
SPARCs achieve a more precise pharmacological discrimination in vivo,
with lower off-target additive toxicity due to reduced payload release
compared to single-payload ADCs but higher efficacy in targeted cells
by synergistic/additive interactions among pharmacokinetically synchronized
payloads. SPARCs combining Topoisomerase I (TOP1) with DNA Damage
Response (DDR) inhibitors outperform single-TOP1 ADCs and free-drug
combinations. SPARCs also exhibit improved safety profiles with reduced
hematological toxicity and synchronized payload pharmacokinetics.
SPARC has the potential to usher in a new generation of ADCs by reusing
abandoned drugs as deliverable payloads and represents a transformative
approach to precision combination therapy, addressing unmet needs
in oncology and other disease areas through programmable, rationally
designed drug codelivery.",Article,https://doi.org/10.1021/acs.bioconjchem.5c00239
https://pmc.ncbi.nlm.nih.gov/articles/PMC12532135/,Targeting Caspase-1 in osteoarthritis: multi-omics insights into the effects of VX-765 on human chondrocyte function and phenotype,2025,,osteoarthritis; chondrocytes; caspase-1; VX-765; senescence; migration; MMP13; Mendelian randomization; Immunology,https://doi.org/10.3389/fimmu.2025.1677801
https://pmc.ncbi.nlm.nih.gov/articles/PMC12531983/,Proteomic profiling of bone tissue reveals distinct pathways in men and women with osteoporosis,2025,,osteoporosis; proteomics; immunoinflammatory response; oxidative stress; older people; Research Paper; AcademicSubjects/MED00280; ageing/10; ageing/15,https://doi.org/10.1093/ageing/afaf299
https://pmc.ncbi.nlm.nih.gov/articles/PMC12532086/,Potential roles of histone deacetylases in diabetic wound healing,2025,"Diabetic foot ulcer is the most prevalent and serious lower-limb complication among individuals with diabetes, and it significantly contributes to the incidence of non-traumatic amputations. The repeated failure of diabetic wounds to heal can result in diabetic foot ulcers, inflicting considerable physical suffering and imposing substantial economic burdens on both patients and global healthcare systems because of the complexity and high costs of treatment. The mechanisms underlying the impaired healing of diabetic wounds are intricate and incompletely understood. Histone deacetylases (HDACs) are critical epigenetic regulators that catalyze the removal of acetyl or acyl groups from lysine residues in proteins, thereby modulating various biological processes, including transcription, apoptosis, and metabolism. Nevertheless, the precise roles of HDACs in diabetic wound healing remain largely unexplored. Thus, the current review describes the pivotal roles of HDACs in diabetic wound healing, focusing on their regulation of inflammatory responses, vascular dysfunction, and epithelial renewal, which are critical events in wound healing. Furthermore, we discuss the therapeutic potential of HDAC inhibitors and propose future directions for clinical application.",Histone deacetylases; Diabetic wound healing; Inflammation; Angiogenesis; Histone deacetylases inhibitors; Review,https://doi.org/10.4239/wjd.v16.i10.108346
https://pmc.ncbi.nlm.nih.gov/articles/PMC12531312/,The Application of Exosomes From Different Sources Loaded with Natural Small-Molecule Compounds in Disease,2025,"Exosomes, as naturally derived nanoscale vesicles, possess inherent biological functions that make them highly efficient drug delivery vehicles. Their cellular origin dictates their bioactivity, targeting specificity, and regulatory effects, which are critical for therapeutic applications. Natural small-molecule compounds, despite their therapeutic potential, are often limited by poor solubility, instability, toxicity, and rapid clearance. Exosomes can overcome these limitations by enhancing drug stability, improving bioavailability, and enabling targeted delivery to disease sites, while also contributing therapeutic effects through their intrinsic biological properties. This review summarizes advances in the application of exosomes from diverse cellular sources for delivering natural compounds in the treatment of various diseases, and discusses the dual functional mechanisms of exosomes as both carriers and therapeutic agents, highlighting the advantages of integrating exosomes with natural small-molecule compounds. The review aims to explore novel strategies for improving the utilization of natural small-molecule compounds and to inspire new perspectives for the development of targeted nanomedicines in the future.",exosome; natural small-molecule compounds; drug delivery systems; cellular sources; disease treatment; Review,https://doi.org/10.2147/IJN.S542641
https://pmc.ncbi.nlm.nih.gov/articles/PMC12534349/,"Advances in hyaluronic acid-based biomaterials: applications in cancer therapy, wound healing, and disease management",2025,"Hyaluronic acid (HA) is a naturally occurring glycosaminoglycan and is essential in biomedical research due to its distinct properties, compatibility with biological tissues, and functions in preserving tissue hydration, lubrication, and the integrity of the extracellular matrix, a significance recognized since 1934. Its capability to develop hydrogels and react to environmental factors has provided it a strong factor for drug delivery, tissue engineering, and wound healing uses. This review emphasizes the various biomedical uses of HA-based materials, focusing on their functions in cancer treatment, wound healing, inflammation control, antibacterial properties, and antioxidant functions. In cancer treatment, HA-functionalized nanoparticles improve the targeted drug delivery by using the additional presence of CD44 receptors in cancer cells. HA-based hydrogels have demonstrated significant potential in advancing wound healing by regulating inflammatory responses, enhancing angiogenesis, and participating in the extracellular matrix remodeling. Moreover, HA’s anti-inflammatory and antioxidant characteristics have been utilized in the treatment of chronic inflammatory conditions including osteoarthritis and inflammatory bowel disease. The recent developments in HA-based materials have also demonstrated their promise in antibacterial applications, diabetes control, and in treating cardiovascular and neurological conditions. The advancement of HA-based intelligent drug delivery systems and bioactive scaffolds is ongoing, presenting new treatment options for tissue repair and disease management. This review emphasizes the diverse functions of HA in both health and disease, showcasing its capacity to tackle various medical issues through cutting-edge biomedical applications.",Green Polymers for Wound Healing and Tissue Regeneration,https://doi.org/10.1007/s10856-025-06946-8
https://pmc.ncbi.nlm.nih.gov/articles/PMC12358921/,"Autophagy activator AA-20 improves proteostasis and extends <italic toggle=""yes"">Caenorhabditis elegans</italic> lifespan",2025,"The degradation of cellular components through autophagy is essential for longevity and healthy aging. However, autophagy function decreases with aging, contributing to age-related diseases. In this study, we characterized a small-molecule activator of autophagy called AA-20 that enhances autophagy and lipid droplet clearance in human cells and in the nematode <italic toggle=""yes"">Caenorhabditis elegans</italic>. AA-20 reduces polyglutamine aggregation in an autophagy-dependent manner in both human cells and <italic toggle=""yes"">C. elegans</italic>, where it also promotes fitness. Consistently, we found that AA-20 extends lifespan in WT <italic toggle=""yes"">C. elegans,</italic> but not in autophagy-deficient mutants. Interestingly, our findings suggest that AA-20 acts, at least in part, through a mechanism involving the transcription factor EB, but without inhibiting the protein kinase mammalian target of rapamycin complex 1. Collectively, our results identify an autophagy activator AA-20, which may have potential therapeutic implications for aging-related proteinopathies and lipid storage disorders.","autophagy activator; lifespan; healthspan; lipophagy; <italic toggle=""yes"">C. elegans</italic>; Article",https://doi.org/10.1073/pnas.2423455122
https://pmc.ncbi.nlm.nih.gov/articles/PMC12488917/,"Bacterial RNA promotes proteostasis through inter-tissue communication in <italic toggle=""yes"">C. elegans</italic>",2025,"Life expectancy has been increasing over the last decades, which is not matched by an increase in healthspan. Besides genetic composition, environmental and nutritional factors influence both health- and lifespan. Diet is thought to be a major factor for healthy ageing. Here, we show that dietary RNA species improve proteostasis in <italic toggle=""yes"">C. elegans</italic>. Inherent bacterial-derived double stranded RNA reduces protein aggregation in a <italic toggle=""yes"">C. elegans</italic> muscle proteostasis model. This beneficial effect depends on low levels of systemic selective autophagy, the RNAi machinery in the germline, even when the RNA is delivered through ingestion in the intestine and the integrity of muscle cells. Our data suggest a requirement of inter-organ communication between the intestine, the germline and muscles. Our results demonstrate that bacterial-derived RNAs elicit a systemic response in <italic toggle=""yes"">C. elegans</italic>, which protects the animal from protein aggregation during ageing, which might extend healthspan.",Ageing; Cell signalling; Ageing; Article,https://doi.org/10.1038/s41467-025-63987-x
https://pmc.ncbi.nlm.nih.gov/articles/PMC12504663/,CTRP9 as a myokine mitigates sarcopenia via the LAMP-2A/NLRP3 pathway,2025,"Sarcopenia, a degenerative condition marked by progressive skeletal muscle atrophy and impaired regeneration, is closely associated with aging, chronic inflammation, and disrupted proteostasis. While macroautophagy has been extensively studied in this context, little of the role of chaperone-mediated autophagy (CMA) has been known. In this study, we identified C1q/TNF-related protein 9 (CTRP9) as a novel autocrine myokine secreted by skeletal muscle that exerts dual protective functions—pro-differentiative and anti-atrophic. By using a replicative senescence model in C2C12 myoblasts, we observed that CTRP9 expression declined with cellular aging, accompanied by reduced levels of lysosome-associated membrane protein type 2A (LAMP2A), increased nucleotide-binding domain, leucine-rich-containing family, and pyrin domain-containing-3 (NLRP3) accumulation, and elevated interleukin-1β (IL-1β) secretion. Similar molecular signatures were detected in skeletal muscle tissues of CTRP9 knockout (KO) mice, further validating its role in vivo. Treatment with the biologically active globular domain of CTRP9 (gCTRP9) restored LAMP2A expression, enhanced CMA activity, and promoted selective degradation of NLRP3, thereby alleviating inflammatory stress and cellular senescence. Functionally, gCTRP9 restored myogenic differentiation markers (e.g., MYOD1) while suppressing atrophy-related genes (e.g., Fbxo32) and improving fusion potential and myotube integrity. In primary human myoblasts isolated from elderly individuals, CTRP9 and LAMP2A were significantly downregulated, and NLRP3 expression was increased—changes that were partially reversed upon gCTRP9 treatment. These findings collectively demonstrate that the CTRP9–LAMP2A–NLRP3 axis plays a pivotal role in regulating both muscle regeneration and maintenance. By targeting CMA-mediated NLRP3 degradation, CTRP9 offers a promising therapeutic strategy for combating sarcopenia through coordinated modulation of differentiation pathways and muscle atrophy.",Autophagy; Senescence; Article,https://doi.org/10.1038/s41419-025-08025-w
https://pmc.ncbi.nlm.nih.gov/articles/PMC12518447/,New Aspects of the Pathophysiology of Diabetic Bone Fragility – Type 2 Diabetes Mellitus as a Disease of Accelerated Aging,2025,,Type 2 diabetes; Bone fragility; Aging; Bone quality; Cellular senescence; Review,https://doi.org/10.1007/s11914-025-00936-z
https://pmc.ncbi.nlm.nih.gov/articles/PMC12532568/,"Herbal terpenoids activate autophagy and mitophagy through modulation of bioenergetics and protect from metabolic stress, sarcopenia and epigenetic aging",2025,"Small molecular food components contribute to the health benefits of diets rich in fruits, vegetables, herbs and spices. The cellular mechanisms by which noncaloric bioactives promote healthspan are not well understood, limiting their use in disease prevention. Here, we deploy a whole-organism, high-content screen in zebrafish to profile food-derived compounds for activation of autophagy, a cellular quality control mechanism that promotes healthy aging. We identify thymol and carvacrol as activators of autophagy and mitophagy through a transient dampening of the mitochondrial membrane potential. Chemical stabilization of thymol-induced mitochondrial depolarization blocks mitophagy activation, suggesting a mechanism originating from the mitochondrial membrane. Supplementation with thymol prevents excess liver fat accumulation in a mouse model of diet-induced obesity, improves <italic toggle=""yes"">pink-1</italic>-dependent heat stress resilience in <italic toggle=""yes"">Caenorhabditis elegans</italic>, and slows the decline of skeletal muscle performance while delaying epigenetic aging in SAMP8 mice. Thus, terpenoids from common herbs promote autophagy during aging and metabolic overload, making them attractive molecules for nutrition-based healthspan promotion.",Mitophagy; High-throughput screening; Metabolic disorders; Experimental models of disease; Ageing; Article,https://doi.org/10.1038/s43587-025-00957-4
https://pmc.ncbi.nlm.nih.gov/articles/PMC12506978/,"The loss of a ClC anion channel increases life span, health span, and stress resistance by alkalinizing a pair of glial cells in <italic toggle=""yes"">C. elegans</italic>",2025,"Aging depends on genetic and environmental factors, but the specific cell types and mechanisms that coordinate aging of the entire organism are not yet fully understood. Glial cells regulate ionic homeostasis, which is essential for neuronal function and survival. Here, we investigated the role of glial ion channel CLH-1, which is a glial pH regulator, in aging. We found that loss of <italic toggle=""yes"">clh-1</italic> extends life span, improves stress resistance, reduces neuronal damage, and extends health span. These effects are linked to protective pathways, including those for oxidative stress and autophagy, and depend on the DAF-16/FoxO transcription factor. Notably, by knocking down and overexpressing the carbonic anhydrase <italic toggle=""yes"">cah-4</italic>, we show that it is the glial alkalinization caused by loss of <italic toggle=""yes"">clh-1</italic> that mediates these protective effects. This work highlights the crucial role of glial pH in regulating life span and health span.",Research Article; Neuroscience; SciAdv r-articles; Physiology; Neuroscience; Neuroscience,https://doi.org/10.1126/sciadv.ady1027
https://pmc.ncbi.nlm.nih.gov/articles/PMC12510649/,"Expansion of lysosomal capacity in early adult neurons driven by TFEB/HLH-30 protects dendrite maintenance during aging in <italic toggle=""yes"">Caenorhabditis elegans</italic>",2025,"Lysosomes are essential for neuronal homeostasis, providing degradation and recycling functions necessary to support neurons’ complex operations and long lifespans. However, the regulation of lysosomal degradative capacity in healthy neurons is poorly understood. Here, we investigate the role of HLH-30, the sole <italic toggle=""yes"">Caenorhabditis elegans</italic> homolog of Transcription Factor EB (TFEB), a master regulator of lysosome biogenesis and autophagy that is thought to predominantly function in the context of starvation or stress. We demonstrate that HLH-30 is dispensable for neuronal development but acts cell-intrinsically to expand lysosomal degradative capacity during early adulthood. Loss of HLH-30 leads to lysosomal dysfunction and delayed turnover of synaptic vesicle proteins from the synapse. Notably, we show that basal HLH-30 activity is sufficient to expand neuronal lysosomal capacity without nuclear enrichment, in contrast to the nuclear translocation associated with starvation- and stress-induced activation of TFEB and HLH-30. Furthermore, we show that neuronal lysosomal function declines with age in wild-type animals, and this corresponds to a decrease in basal HLH-30-mediated transcription. We further demonstrate that basal HLH-30 activity is crucial for neuron maintenance: lysosomal dysfunction due to inadequate HLH-30 activity leads to dendrite degeneration and aberrant outgrowths. In summary, our study establishes a critical role for HLH-30/TFEB in promoting lysosomal capacity to preserve neuronal homeostasis and structural integrity of mature neurons <italic toggle=""yes"">in vivo</italic>.",Short Reports; Biology and Life Sciences; Biology and Life Sciences; Biology and Life Sciences; Biology and Life Sciences; Biology and Life Sciences; Biology and Life Sciences; Biology and Life Sciences; Medicine and Health Sciences; Biology and Life Sciences; Biology and Life Sciences; Research and Analysis Methods; Research and Analysis Methods; Research and Analysis Methods; Biology and Life Sciences; Biology and Life Sciences; Research and Analysis Methods; Biology and Life Sciences,https://doi.org/10.1371/journal.pbio.3002957
https://pmc.ncbi.nlm.nih.gov/articles/PMC12507409/,Asparaginase and Autophagy Inhibitors Effectively Remove Senescent Cells by Synergistically Limiting Asparagine Supply,2025,"The accumulation of senescent cells (SNCs) contributes to tissue dysfunction and age‐related diseases, creating an urgent need for effective senolytic strategies. We identified a metabolic vulnerability in SNCs characterized by marked downregulation of asparagine synthetase (ASNS), rendering them uniquely dependent on exogenous asparagine (Asn). This vulnerability was exploited through combined treatment with L‐asparaginase (ASNase) and autophagy inhibitors, which synergistically deplete Asn via complementary mechanisms: ASNase degrades extracellular Asn pools, while autophagy inhibition blocks intracellular protein recycling as an alternative Asn source. This dual approach induced selective synthetic lethality across multiple SNC types in vitro. In aged mice, the combination therapy significantly reduced SNC burden in diverse tissues, improved physiological function, and attenuated progression of age‐related conditions including osteoporosis, atherosclerosis, and non‐alcoholic fatty liver disease. Our findings establish concurrent targeting of extracellular and intracellular Asn supplies as a potent, selective senolytic strategy with broad therapeutic potential for age‐related disorders.",asparaginase; asparagine; asparagine synthetase; autophagy inhibitors; senescent cell; Research Article; Research Article,https://doi.org/10.1111/acel.70203
https://pmc.ncbi.nlm.nih.gov/articles/PMC12536065/,The role of antioxidants in facial nerve injury,2025,"Oxidative stress contributes to the pathogenesis of facial nerve injury (FNI), yet the role of antioxidants in driving regeneration and functional recovery remains incompletely defined. This narrative review synthesizes studies published between 2008 and 2025 that evaluated antioxidant interventions in FNI across animal and limited human contexts. We systematically searched five databases and included 19 studies assessing oxidative stress markers and neural outcomes following antioxidant administration. To avoid overgeneralization, we stratified findings by injury model—crush/compression, transection with anastomosis, and ischemic/viral—and by primary endpoints (electrophysiology/behavior vs. histology/biochemistry), and, where reported, by intervention timing and dose. Antioxidants commonly reduced reactive oxygen species and modulated survival and inflammatory pathways, supporting neuroprotection and, in some models, improved electrophysiological or behavioral readouts. However, benefits varied by model and regimen: crush injuries showed earlier functional gains, whereas transection models more often demonstrated histological improvement without consistent short-term functional recovery; ischemic/viral studies frequently lacked standardized electrophysiological confirmation. Outcomes were also contingent on timing and dose (with earlier initiation and moderate dosing generally more favorable), and select combinations showed additive effects in preclinical settings. Overall, the evidence is predominantly preclinical, heterogeneous in dosing/timing/formulations, and limited by small sample sizes and inconsistent functional outcomes. Antioxidant strategies should therefore be considered hypothesis-generating rather than clinically recommendable at this time. Future research should use model-appropriate, standardized functional endpoints, prespecify timing/dose exploration, evaluate rational combinations, and conduct well-powered clinical trials to establish efficacy, optimal use, and safety.",facial nerve injury; oxidative stress; antioxidants; reactive oxygen species; nerveregeneration; Molecular Biosciences,https://doi.org/10.3389/fmolb.2025.1663998
https://pmc.ncbi.nlm.nih.gov/articles/PMC12534344/,Skeletal muscle atrophy and dysfunction in obesity and type-2 diabetes mellitus: Myocellular mechanisms involved,2025,"Obesity and type-2 diabetes mellitus (T2DM) are interrelated metabolic disorders primarily driven by overnutrition and physical inactivity, which oftentimes entails a transition from obesity to T2DM. Compromised musculoskeletal health consistently emerges as a common hallmark in the progression of these metabolic disorders. Skeletal muscle atrophy and dysfunction can further impair whole-body metabolism and reduce physical exercise capacity, thus instigating a vicious cycle that further deteriorates the underlying conditions. However, the myocellular repercussions of these metabolic disturbances remain to be completely clarified. Insulin signaling not only facilitates skeletal muscle glucose uptake but also plays a central role in skeletal muscle anabolism mainly due to suppression of catabolic pathways and facilitating an anabolic response to nutrient feeding. Chronic overnutrition may trigger different myocellular mechanisms proposed to contribute to insulin resistance and aggravate skeletal muscle atrophy and dysfunction. These mechanisms mainly include the inactivation of insulin signaling components through sustained activation of stress-related pathways, mitochondrial dysfunction, a shift to glycolytic skeletal muscle fibers, and hyperglycemia. In the present review, we aim to delve on these mechanisms, providing an overview of the myocellular processes involved in skeletal muscle atrophy and dysfunction under chronic overnutrition, and their contribution to the progression to T2DM.",Obesity; Type 2 diabetes mellitus; Skeletal muscle; Atrophy; Dysfunction; Mechanisms; Article,https://doi.org/10.1007/s11154-025-09954-9
https://pmc.ncbi.nlm.nih.gov/articles/PMC12535724/,Exploring the Potential of Non-Viral Nanocarriers for Improving Blood-Brain Barrier Permeability to Enhance the Treatment of Brain Diseases,2025,"Brain diseases have become an important health problem worldwide, especially in the aging population, and their incidence and prevalence continue to increase. Despite remarkable progress in medical technology, the treatment of brain diseases still faces many challenges, especially limitations caused by the blood-brain barrier (BBB), which significantly hinders the delivery of therapeutic drugs to the brain. In recent years, non-viral nanocarriers developed by nanotechnology have shown great potential for crossing the BBB, and have attracted much attention due to their low immunogenicity, high biocompatibility and good targeting. In this paper, we review the basic structure of the BBB, properties of nonviral vectors, and the mechanisms of crossing BBB. Moreover, this review summarizes the main types of non-viral vectors—liposomes, polymeric nanoparticles, biomimetic materials, and inorganic nanomaterials—while addressing the main translational barriers, including low BBB permeability, poor systemic stability, nonspecific peripheral accumulation, manufacturing challenges, and limited clinical validation, and suggests future research directions.",brain diseases; blood-brain barrier; non-viral nanocarriers; brain drug delivery; Review,https://doi.org/10.2147/IJN.S545696
https://pmc.ncbi.nlm.nih.gov/articles/PMC12193669/,Epigenetic Clocks and Their Prospective Application in the Complex Landscape of Aging and Alzheimer’s Disease,2025,"Nowadays, scientists are making efforts to elucidate the mechanisms involved in the phenotypic changes underlying the aging process in order to develop favorable therapeutical interventions. Epigenetic modifications, in particular DNA methylation, play a crucial role in the aging process, and this parameter has been used to set epigenetic clocks, algorithms that predict an individual’s biological age based on a defined set of CpGs. In this review, we focus on the most recent literature to discuss the use of epigenetic clocks in the context of cognitive decline and dysregulation of Alzheimer’s disease (AD)-related gene expression. We have summarized all published scientific papers in which epigenetic clocks have been applied to measure age acceleration in blood and brain specimens from patients affected with AD. Progressive age acceleration, consistent with a specific DNA methylation signature, was observed in patients affected by AD, and it was correlated with the onset of complex diseases, mitochondrial alterations, dementia and cognitive decline, even in the early stages of these conditions. The use of epigenetic clocks might be a valuable biomarker to enable an earlier identification of ideal measures to reverse modifications caused by aging and to mitigate multiple aspects of disease/aging mechanisms.",epigenetics; DNA methylation; epigenetic clocks; Alzheimer’s disease; aging; cognitive decline; Review,https://doi.org/10.3390/genes16060679
https://pmc.ncbi.nlm.nih.gov/articles/PMC12324255/,SkeletAge: Transcriptomics-based Aging Clock Identifies 26 New Targets in Skeletal Muscle Aging,2025,"Identifying the set of genes that regulate baseline healthy aging – aging that is not confounded by illness – is critical to understating aging biology. Machine learning-based age-estimators (such as epigenetic clocks) offer a robust method for capturing biomarkers that strongly correlate with age. In principle, we can use these estimators to find novel targets for aging research, which can then be used for developing drugs that can extend the healthspan. However, methylation-based clocks do not provide direct mechanistic insight into aging, limiting their utility for drug discovery. Here, we describe a method for building tissue-specific bulk RNA-seq-based age-estimators that can be used to identify the <italic toggle=""yes"">ageprint</italic>. The ageprint is a set of genes that drive baseline healthy aging in a tissue-specific, developmentally-linked fashion. Using our age estimator, SkeletAge, we narrowed down the ageprint of human skeletal muscles to 128 genes, of which 26 genes have never been studied in the context of aging or aging-associated phenotypes. The ageprint of skeletal muscles can be linked to known phenotypes of skeletal muscle aging and development, which further supports our hypothesis that the ageprint genes drive (healthy) aging along the growth-development-aging axis, which is separate from (biological) aging that takes place due to illness or stochastic damage. Lastly, we show that using our method, we can find druggable targets for aging research and use the ageprint to accurately assess the effect of therapeutic interventions, which can further accelerate the discovery of longevity-enhancing drugs.",Ageprint; Biological Aging; Epigenetic Clock; Longevity Drug Discovery; Skeletal Muscle; Article,https://doi.org/10.1101/2025.07.28.667277
https://pmc.ncbi.nlm.nih.gov/articles/PMC12293675/,Neuroprotective Effects of Metformin Through the Modulation of Neuroinflammation and Oxidative Stress,2025,"Epidemiological studies have shown that individuals with type 2 diabetes have an increased risk of developing neurodegenerative diseases. These diseases and type 2 diabetes share several risk factors. Meanwhile, the antidiabetic drug metformin offers promising neuroprotective effects by reducing oxidative stress and neuroinflammation, two significant factors in neurodegenerative diseases. This review examines the mechanisms by which metformin mitigates neuronal damage. Metformin reduces neuroinflammation by inhibiting microglial activation and suppressing proinflammatory cytokines. It also triggers the nuclear factor erythroid-2-related factor-2 (Nrf2) pathway to combat oxidative stress, an essential regulator of antioxidant defenses. These outcomes support the possible neuroprotective roles of metformin in type 2 diabetes-related cognitive decline and conditions like Alzheimer’s disease. Metformin’s therapeutic potential is further supported by its capacity to strengthen the blood–brain barrier’s (BBB’s) integrity and increase autophagic flux. Metformin also offers several neuroprotective effects by targeting multiple pathological pathways. Moreover, metformin is being studied for its potential benefits beyond glycemic control, particularly in the areas of cognition, Alzheimer’s disease, aging, and stroke management. Evidence from both clinical and preclinical studies indicates a complex and multifaceted impact, with benefits varying among populations and depending on underlying disease conditions, making it an appealing candidate for managing several neurodegenerative diseases.",neurodegeneration; neuroinflammation; oxidative stress; metformin; type 2 diabetes; Review,https://doi.org/10.3390/cells14141064
https://pmc.ncbi.nlm.nih.gov/articles/PMC12496192/,Bioelectric characterization of senescing human keratinocytes,2025,"Aging disrupts tissue integrity through the accumulation of senescent cells that impair morphology, signaling, and regeneration. We investigated how bioelectric signaling, specifically resting membrane potential (V<sub>mem</sub>), guides the transition to senescence in human keratinocytes. Using voltage-sensitive dyes, we tracked V<sub>mem</sub> alongside senescence markers, chromatin state, and senescence-associated secretory phenotype (SASP) cytokines. Senescence was marked by depolarization, increased inter-culture heterogeneity, reduced intra-culture variability, and loss of spatial V<sub>mem</sub> organization. SASP activation was partial: depolarization selectively enhanced interleukin-6 (IL-6) but not IL-1α or IL-8, indicating V<sub>mem</sub> shapes the senescent secretome. Senescent cells showed reduced responsiveness to hyperpolarizing drug pinacidil and impaired bioelectric resilience. Hyperpolarization attenuated, and depolarization exacerbated, senescence-associated phenotypes. These findings support the morphostatic information loss theory, which posits that aging results from breakdown of bioelectrically encoded cues that preserve tissue structure. V<sub>mem</sub> emerges as a low-dimensional integrator of cell state and spatial order, offering a biophysical target to delay senescence and maintain tissue coordination.",Biological sciences; Biotechnology; Bioengineering; Article,https://doi.org/10.1016/j.isci.2025.113275
https://pmc.ncbi.nlm.nih.gov/articles/PMC12104264/,Editorial: Mechanistic theories of aging,2025,,mitochondria; dietary restriction; gonad; mother’s curse; SAI; SKN-1; biomembranes; air pollution; Aging,https://doi.org/10.3389/fragi.2025.1617783
https://pmc.ncbi.nlm.nih.gov/articles/PMC12386611/,The Natural Defense: Anti-Aging Potential of Plant-Derived Substances and Technological Solutions Against Photoaging,2025,"Photoaging is a multifactorial and progressive skin aging process primarily triggered by prolonged exposure to ultraviolet (UV) radiation. This condition leads to both structural and functional impairments in the skin, including the formation of wrinkles, loss of elasticity, pigmentation irregularities, and an elevated risk of skin malignancies. At the core of photoaging is the accumulation of reactive oxygen species (ROS), which generate oxidative stress, initiate chronic inflammation, cause DNA damage, and accelerate the breakdown of the extracellular matrix—largely through the activity of matrix metalloproteinases (MMPs). The review provides a comprehensive analysis of various natural substances, including antioxidants, anti-inflammatory agents, photoprotective compounds, and emerging regenerative treatments, based on in vitro and in vivo research. Special emphasis is placed on natural substances, including polyphenols, cannabinoids, carotenoids, retinoids, and vitamins, highlighting their potential in preventing and treating photoaging. This review aims to present a detailed, evidence-based overview of photoaging mechanisms and innovative approaches to mitigate its effects.",plant compounds; photoaging; anti-aging; Review,https://doi.org/10.3390/ijms26168061
https://pmc.ncbi.nlm.nih.gov/articles/PMC12221395/,Engineered Mitochondrial Transplantation as An Anti-Aging Therapy,2025,"Aging is an inevitable and complex biological process involving multi-factorial mechanisms. Mitochondrial dysfunction is a critical factor in the aging process, characterized by a decline in mitochondrial quality and activity, leading to aging and aging-related diseases. Therefore, mitochondria have become an attractive target in anti-aging therapies. Several senolytic drugs targeting mitochondria and antioxidant agents have been used in anti-aging research in the past few years. However, these strategies may cause adverse effects with long-term medication. In this extensive review, we propose ""mitochondrial transplantation,"" which transfers healthy mitochondria from donor cells to recipient cells to replace damaged or dysfunctional mitochondria, as a new alternative strategy for treating mitochondrial dysfunction and aging-associated diseases. In this review, we introduce the contemporary landscape of mitochondrial transplantation, then discuss intensely the successful applications of mitochondrial transplantation therapy in aging diseases such as neurodegenerative diseases, cardiovascular aging, and reproductive aging, highlighting its translational potential. Finally, we summarize and prospect the challenges and opportunities mitochondrial transplantation faces in anti-aging therapy.",Mitochondrial transplantation; Mitochondrial transfer; Anti-aging; Engineered mitochondria; Review,https://doi.org/10.14336/AD.2024.0231
https://pmc.ncbi.nlm.nih.gov/articles/PMC12245201/,Dynamic and reversible transcriptomic age shifts induced by COVID-19 in Korean whole blood,2025,"We developed the first genome-wide transcriptomic clock specific to Korean ethnicity to predict chronological age using whole blood samples from 440 healthy individuals. Our analysis revealed profound age acceleration – up to 21.31 years – during homeostatic disruption in COVID-19 patients, which reverted to baseline upon recovery. These findings highlight the ability of the blood transcriptome to dynamically track reversible changes in age-associated inflammatory responses during infections. Our study underscores the potential of anti-aging interventions in managing infectious diseases.",aging clock; whole blood; RNA-seq; COVID-19; anti-aging; Research Paper,https://doi.org/10.18632/aging.206270
https://pmc.ncbi.nlm.nih.gov/articles/PMC12511414/,The dissipation theory of aging: a quantitative analysis using a cellular aging map,2025,"We propose a new theory for aging based on dynamical systems and provide a data-driven computational method to quantify the changes at the cellular level. We use ergodic theory to decompose the dynamics of changes during aging and show that aging is fundamentally a dissipative process within biological systems, akin to dynamical systems where dissipation occurs due to non-conservative forces. To quantify the dissipation dynamics, we employ a transformer-based machine learning algorithm to analyze gene expression data, incorporating age as a token to assess how age-related dissipation is reflected in the embedding space. By evaluating the dynamics of gene and age embeddings, we provide a cellular aging map (CAM) and identify patterns indicative of divergence in gene embedding space, nonlinear transitions, and entropy variations during aging for various tissues and cell types. Our results provide a novel perspective on aging as a dissipative process and introduce a computational framework that enables measuring age-related changes with molecular resolution.",Cell biology; Epigenetics; Article,https://doi.org/10.1038/s41514-025-00277-2
https://pmc.ncbi.nlm.nih.gov/articles/PMC12535288/,Utilizing Circulating MicroRNAs for Personalized Exercise Programs: Insights into Physiological Adaptations and Individual Responses,2025,,Adaptation Physiological; Biomarkers; Exercise Physiology; Gene Expression Regulation; MicroRNAs; Personalized Medicine; Review Article,https://doi.org/10.30498/ijb.2025.484477.4011
https://pmc.ncbi.nlm.nih.gov/articles/PMC12534163/,Integrative Bulk and Single-Cell Transcriptomic Profiling Reveals Oxidative Stress-Related Genes and Potential Therapeutic Targets in Osteoarthritis,2025,"Osteoarthritis (OA) is increasingly recognized as a degenerative joint disease that leads to a serious problem of public health, yet the underlying molecular mechanisms remain incompletely understood. In this study, we integrated bulk and single-cell RNA sequencing (scRNA-seq) datasets from the Gene Expression Omnibus (GEO) to systematically investigate oxidative stress–related genes and pathways in OA. Gene set enrichment analysis (GSEA) revealed significant activation of oxidative stress signaling in OA cartilage tissues, with 58 differentially expressed oxidative stress-related genes identified. Subsequent LASSO regression analysis highlighted seven diagnostic genes (STC2, LSP1, COL6A1, FOS, SELENON, TP53, and HSPA8), which demonstrated robust diagnostic performance in both training and validation cohorts. Single-cell analysis further revealed cell-type-specific differences in oxidative stress activity, with homeostatic chondrocytes (HomCs) exhibiting the highest pathway scores. Among the identified genes, FOS emerged as a hub regulator, showing elevated expression in HomCs from OA samples and strong associations with immune infiltration and proinflammatory pathways. Functional assays demonstrated that FOS knockdown significantly attenuated IL-1β-induced oxidative stress, apoptosis, and inflammatory cytokine (interleukin-6 [IL-6] and tumor necrosis factor-alpha [TNF-α]) release in chondrocytes. Furthermore, molecular docking and dynamics simulations identified ursolic acid (UA) as a stable small-molecule FOS binder, and in vitro experiments confirmed its inhibitory effects on oxidative stress and inflammation, comparable to FOS silencing or pharmacological inhibition. Collectively, our findings suggest that oxidative stress–related genes, particularly FOS, play a central role in OA pathogenesis by linking redox imbalance to immune dysregulation and chondrocyte injury, and highlight UA as a potential therapeutic candidate for OA management.",bioinformatics; FOS; molecular docking; osteoarthritis; oxidative stress; single-cell RNA sequencing; Research Article,https://doi.org/10.1155/mi/1240226
https://pmc.ncbi.nlm.nih.gov/articles/PMC12533107/,"Deficiencies in methionine, tryptophan, and niacin remodels intestinal transcriptome and gut microbiota in female mice",2025,"Caloric restriction is well-established as a robust intervention that may extend lifespan and improve metabolic health across species with effects that are increasingly attributed to both host metabolic remodeling and alterations in the gut microbiota. Recent studies suggest that restricting specific dietary components can replicate these benefits. While methionine and branched-chain amino acid restriction improve metabolism and modulate the gut microbiome, the effects of other nutrients remain unclear. Here, we explore the effects of methionine, tryptophan and niacin deprivation on host intestinal gene expression and gut microbiota using female murine models. Through transcriptomic analysis of the intestinal tissue, we found that transient dietary restriction of methionine, tryptophan, and niacin induced significant changes in intestinal gene expression, particularly in genes involved in oxidative phosphorylation and ATP production. Single-cell analysis revealed that dietary restriction of those nutrients led to an increase in intestinal immune cell populations. Gut microbiota profiling also revealed that transient deprivation of those nutrients resulted in changes in microbial composition, with an increased relative abundance of <italic toggle=""yes"">Lactobacillus</italic> species observed in some cases. Our findings highlight the potential of targeted nutrient restriction as a strategy to reprogram host-microbiome interactions.",Methionine restriction (MR); Tryptophan and niacin restriction (TNR); Methionine; Tryptophan; And niacin restriction (MTNR); Intestinal transcriptome; Gut microbiota; Cancer; Cancer metabolism; Article,https://doi.org/10.1038/s41598-025-18046-2
https://pmc.ncbi.nlm.nih.gov/articles/PMC12531156/,Wenyang Zhenshuai Granules inhibits cardiomyocyte apoptosis in chronic heart failure by regulating p38 MAPK signaling pathway through exosomal miR-155,2025,,chronic heart failure; exosome; miR-155; p38 MAPK; cardiomyocyte apoptosis; doxorubicin; Wenyang Zhenshuai Granules; Pharmacology,https://doi.org/10.3389/fphar.2025.1538091
https://pmc.ncbi.nlm.nih.gov/articles/PMC12533294/,DNA‐Based Hydrogels for Musculoskeletal Reconstruction: Harnessing Dynamic Programmability and Multimodal Therapeutic Integration,2025,"Musculoskeletal disorders, including bone fractures, osteoarthritis, and muscle injuries, represent a leading cause of global disability, revealing the urgency for advanced therapeutic solutions. However, current therapies face limitations including donor‐site morbidity, immune rejection, and inadequate mimicry of dynamic tissue repair processes. DNA‐based hydrogels emerge as transformative platforms for musculoskeletal reconstruction, with their sequence programmability, dynamic adaptability, and biocompatibility to balance structural support and biological functions. These hydrogels are classified into two categories: 1) DNA hydrogels, where DNA serves as the structural backbone; 2) DNA component‐loaded hydrogels, integrating functional DNA elements like aptamers and therapeutic genes into non‐DNA matrices. Through dynamic crosslinking strategies, primarily Watson‐Crick base pairing, DNA networks achieve shear‐thinning injectability and self‐healing behaviors while providing binding sites for bioactive DNA components. Hybrid systems further enhance functionality by incorporating diverse materials to improve mechanical strength, drug delivery, and cellular guidance. This review systematically examines molecular design principles, classification frameworks, and preclinical applications of DNA‐based hydrogels, aiming to bridge gaps between material innovation and clinical translation. Finally, current challenges are highlighted, and future directions to advance these intelligent biomaterials toward next‐generation musculoskeletal therapies are proposed.",DNA‐based hydrogel; dynamic crosslinking; musculoskeletal regeneration; therapeutic delivery; tissue engineering; Review; Review,https://doi.org/10.1002/advs.202511099
https://pmc.ncbi.nlm.nih.gov/articles/PMC12527255/,Emotional and instrumental social support and older adults’ depressive symptoms: collaborative individual participant data meta-analysis of 11 population-based studies of aging,2025,"Social support is considered a protective factor against depression, but there are inconsistent findings regarding social support and depression in older adults. We aimed to clarify the association between emotional and instrumental social support and depressive symptoms in older adults cross-sectionally and longitudinally (mean follow-up = 1.96 years). We meta-analyzed raw individual participant level data from adults in mid- and late life (<italic toggle=""yes"">N</italic> = 23 973) who completed questionnaires about physical health, mental health, and social support and completed neuropsychological assessments. These were COSMIC (Cohort Studies of Memory in an International Consortium) cohort studies carried out in Australia, Brazil, China, Germany, Greece, India, Indonesia, Singapore, South Korea, Sweden, and the United States in mostly urban settings. After controlling for depression risk factors, emotional support (<italic toggle=""yes"">B</italic> = −0.40 [95% CI, −0.60 to −0.21]), but not instrumental support (<italic toggle=""yes"">B</italic> = 0.17 [95% CI, −0.26 to 0.59]), was associated with lower depressive symptoms cross-sectionally and at follow-up [emotional support (<italic toggle=""yes"">B</italic> = −0.37 [95% CI, −0.54 to −0.20]); instrumental support (<italic toggle=""yes"">B</italic> = 0.09 [95% CI, −0.30 to 0.49])]. Emotional support was associated with lower depressive scores cross-sectionally and longitudinally, while instrumental support was not associated with depressive symptoms. Our findings can help inform the nature of interventions to prevent and reduce risk of depression among older adults.


<bold>This article is part of a Special Collection on Cross-National Gerontology</bold>.",depression; late life; older adults; social support; protective; Systematic Review and Meta- and Pooled Analysis; AcademicSubjects/MED00860,https://doi.org/10.1093/aje/kwaf137
https://pmc.ncbi.nlm.nih.gov/articles/PMC12534720/,Unseen Impacts: Rural Adolescents’ Self-Perception and Mental Health in the Age of Dermatology-Related Social Media,2025,"Background: Adolescence represents a pivotal period in the development of self-image, with skin appearance playing a central role in self-confidence and peer acceptance. In rural communities with limited access to dermatologic care, adolescents frequently turn to social media platforms such as TikTok, Instagram, and YouTube for skin-related information. These platforms often promote idealized beauty standards and unverified treatments, potentially influencing self-perception and psychological well-being. To investigate these potential impacts, the objective of this survey-based cross-sectional study was to evaluate the psychological impact of dermatology-related social media exposure on self-image, emotional health, and professional aspirations among adolescents in a rural setting.

Materials and methods: A cross-sectional survey was administered to 206/294 high school students (response rate: 70.1%) in a rural Indiana community. The 19-item Qualtrics survey assessed demographics, social media use, exposure to dermatologic content, and self-reported psychological effects. Inclusion required current enrollment at school and at least one prior use of social media; exclusion criteria was no social media use. Responses were analyzed using descriptive statistics and chi-square tests.

Results and discussion: Of 206 respondents, most were female (74%, n = 152) and under 18 years of age (84%, n = 175). Female students were significantly more likely than males to follow skincare influencers (36.8%, n = 56 vs. 8.5%, n = 4; p = 0.001, p < 0.05). Among those who viewed dermatology-related content, 37.8% (n = 56) reported only positive effects (e.g., increased confidence), 31.1% (n = 46) reported only negative effects (e.g., heightened self-criticism), and 4.1% (n = 6) reported both positive and negative effects. Notably, while 68.9% (n = 102) acknowledged some impact on self-image, only 22.6% (n = 35) perceived effects on their mental health, suggesting a disconnect between appearance concerns and emotional awareness. Nearly half (45%, n = 74) reported greater focus on perceived flaws, yet most (59%, n = 97) denied developing an unhealthy perspective on body image. Gender- and identity-based disparities were pronounced: female and non-binary students reported higher rates of negative self-perception compared to males. Despite these risks, over half (50.6%, n = 104) identified educational benefits, and 30.6% (n = 63) noted that dermatology content inspired interest in healthcare careers. Further, just over one-third of rural respondents (n = 75, 36.4%) reported discovering a new community or interest they would not otherwise have encountered, thereby reflecting a significant integration into the lives of rural, underserved populations. These findings underscore the dual nature of aesthetic media, both reinforcing body dissatisfaction and offering pathways for learning, community, and identity exploration.

Conclusions: Dermatology-related social media exerts complex psychological effects on rural adolescents, amplifying self-image concerns while simultaneously providing educational value and career inspiration. Female and gender-diverse students appear particularly vulnerable, highlighting the need for adolescent-centered media literacy and inclusive, evidence-based dermatology messaging.",adolescent dermatology; adolescent mental health; influencer; medical influencer; pediatric dermatology; skincare routines; social comparison; social media; social media in medicine; tiktok skincare trends; Public Health; Pediatrics; Dermatology,https://doi.org/10.7759/cureus.92591
https://pmc.ncbi.nlm.nih.gov/articles/PMC12534677/,Early Outcome Analysis of Intravitreal Aflibercept 8 mg Treatment in Naïve Patients with Neovascular Age-Related Macular Degeneration Using Artificial Intelligence,2025,,nAMD; Naïve; Aflibercept 8 mg; Treatment outcomes; Artificial intelligence; AI-based analysis; OCT biomarkers; Fluid dynamics; Predictions; Original Research,https://doi.org/10.1007/s40123-025-01239-3
https://pmc.ncbi.nlm.nih.gov/articles/PMC12535839/,"Global age-sex-specific all-cause mortality and life expectancy estimates for 204 countries and territories and 660 subnational locations, 1950–2023: a demographic analysis for the Global Burden of Disease Study 2023",2025,,Articles,https://doi.org/10.1016/S0140-6736(25)01330-3
https://pmc.ncbi.nlm.nih.gov/articles/PMC12535674/,A Service Evaluation of Antenatal Detection of Small-for-Gestational-Age Infants in a UK National Health Service Trust,2025,"Introduction

Infants with a birthweight below the 10th centile are classified as small-for-gestational age (SGA). SGA is closely associated with fetal growth restriction (FGR), and both represent significant risk factors for stillbirth. The UK continues to report comparatively high stillbirth rates, and antenatal detection of SGA is a recognised strategy for reducing this risk. This service evaluation assessed the antenatal detection rate of SGA infants at Mid Yorkshire Hospitals NHS Trust (MYHT).

Methods

This was a retrospective observational cohort service evaluation conducted between January and March 2020 using total-population sampling of all eligible cases. Using the BadgerNet maternity system, 124 SGA infants were identified, of which 110 were included after applying eligibility criteria. Data were collected on 12 potential risk factors, including maternal age, medical comorbidities, and history of SGA births. The overall detection rate for the Trust was calculated, and a multivariable (binary) logistic regression was performed using IBM SPSS Statistics for Windows, Version 26 (Released 2019; IBM Corp., Armonk, New York, United States) following descriptive analysis in Microsoft Excel. Missing data were addressed using multiple imputation, and supplementary analyses were conducted for contextual understanding.

Results

A total of 42.7% of SGA infants were detected in the antenatal period; 97.9% of these were identified following referral for an abnormal symphyseal fundal height (SFH) measurement. The regression model was statistically significant, χ²(12) = 47.7-50.9, p < 0.001. Maternal smoking was associated with a 3.9-fold increase in detection (95% CI, 1.01-14.9), while referral after an abnormal SFH measurement increased the likelihood of detection by 154-fold (95% CI, 14.9-1603.4).

Conclusions

The antenatal detection rate of SGA infants at MYHT mirrors the national average, yet most cases remain undetected across the UK. Detection was primarily driven by referral after abnormal SFH measurements, underscoring the value of routine screening. Maternal smoking also independently increased detection, reflecting its strong association with fetal growth restriction. National adoption of customised centiles in systems such as BadgerNet may improve alignment with clinical practice, support earlier recognition of at-risk pregnancies, and contribute to reducing stillbirth rates.",antenatal screening; badgernet; customised growth centiles; fetal growth restriction; growth assessment protocol; maternal smoking; perinatal outcomes; small for gestational age; stillbirth prevention; symphyseal fundal height; Obstetrics/Gynecology; Public Health; Preventive Medicine,https://doi.org/10.7759/cureus.94901
https://pmc.ncbi.nlm.nih.gov/articles/PMC12536205/,eHealth literacy and doctor–inpatient relationships: The mediating role of eHealth utilization and the moderating role of age,2025,,eHealth literacy; doctor–patient relationship; eHealth utilization; older inpatients; mediation analysis; moderation effect; Original Research Article,https://doi.org/10.1177/20552076251384135
https://pmc.ncbi.nlm.nih.gov/articles/PMC12534633/,Economic Benefit of Aflibercept 8 mg Versus Faricimab for Neovascular Age-Related Macular Degeneration or Diabetic Macular Edema in the US,2025,,Aflibercept; Anti-VEGF therapy; Costs; Diabetic macular edema; Faricimab; Intravitreal injection; Neovascular age-related macular degeneration; Patient burden; Original Research,https://doi.org/10.1007/s40123-025-01236-6
https://pmc.ncbi.nlm.nih.gov/articles/PMC12534874/,Lying to your doctor: Exploring age differences and techniques to foster honest patient-doctor communication,2025,"Honest communication between patients and doctors is essential for providing quality healthcare. The present study tested a sample of 158 younger and 149 older adults and assessed how often they lied to their doctor about their health behaviors (exercise, food/diet, alcohol use, illicit drug use, cigarette smoking). We also assessed perceptions of two communication strategies where patients reported their health concerns verbally to their doctor (direct communication) or by writing down their concerns before seeing the doctor (indirect communication). Lying to one’s doctor was common across adults, but younger adults were more likely to lie about drug use and cigarette smoking compared with older adults. Younger adults also showed a stronger preference for indirect communication and reported that this communication method would make them more honest with their doctor during a routine check-up. These results offer insight into enhancing honesty between patients and doctors.",aging; communication; health; honesty; lying; Regular Content,https://doi.org/10.1177/13591053251321775
https://pmc.ncbi.nlm.nih.gov/articles/PMC12535463/,"Sexual arousal intensity modulates copulatory behavior and semen quality in Arabian stallions: Effects of age, origin, and collection method",2025,,Arabian stallions; artificial insemination; copulatory behavior; semen quality; sexual arousal; Research Article,https://doi.org/10.14202/vetworld.2025.2615-2625
https://pmc.ncbi.nlm.nih.gov/articles/PMC12534889/,Smoking-Attributable Age-Related Macular Degeneration Vision Loss in China: 1990–2021 Trends and 2040 Projections,2025,,age-related macular degeneration; smoking; tobacco; global burden of disease; vision loss; Public Health; Public Health,https://doi.org/10.1167/tvst.14.10.21
https://pmc.ncbi.nlm.nih.gov/articles/PMC12537190/,"Willingness to pay for combined medical and old-age care services: A survey in Chengdu City, China",2025,"To provide a basis for service supply for older persons, we investigated older adults’ willingness to pay for combined medical and old-age care services in Jinjiang District, Chengdu. According to the Anderson model and the opinions of statistical experts, a questionnaire was designed, implemented in Questionnaire Star, and distributed to the residents of the Jinjiang District of Chengdu. Data were entered into Excel, and SPSS 27 was used to obtain descriptive statistics and to conduct single factor and logistic regression analyses. Statistically significant variables associated with older adults’ willingness to pay for combined services (<italic toggle=""yes"">P</italic> < .05) were age, occupation, education level, whether having commercial pension insurance, and whether there were health lectures in the community. There is high willingness to pay for combined medical and old-age care services in Jinjiang District.",Chengdu; Jinjiang District; Willingness to pay; 6600; Research Article; Observational Study,https://doi.org/10.1097/MD.0000000000045206
https://pmc.ncbi.nlm.nih.gov/articles/PMC12536101/,"The impact of population aging on the mortality rate of dementia among residents in Suzhou, China, 2004–2023",2025,,Alzheimer's disease; annual percent change; dementia; mortality rate; population aging; trend; Research Article,https://doi.org/10.1177/25424823251385587
https://pmc.ncbi.nlm.nih.gov/articles/PMC12534710/,Venous arterial spin labeling MRI signal is associated with oxygen supply-independent reduction in cerebral oxygen extraction in typically aging older adults,2025,"Microvascular flow disturbances may reduce capillary oxygen extraction efficiency and contribute to the accumulation of structural and functional pathology over the course of the aging process. Venous hyperintense signal (VHS) on arterial spin labeling (ASL) magnetic resonance imaging (MRI) has recently been proposed as a noninvasive marker of disturbed capillary flow patterns and may be associated with an oxygen supply-independent reduction in cerebral oxygen extraction fraction (OEF) in clinical populations. However, the role of VHS in typically aging older individuals remains under-investigated. Much physiologic inter-subject variability exists in OEF, primarily due to differences in cerebral hemodynamics (e.g., macro- and microvascular flow, transit times or blood velocity), and it is not well understood if these hemodynamic factors confound associations between VHS and OEF. Moreover, it remains unclear to what degree the appearance of VHS might be associated with imaging-related artifacts, including motion. To better characterize these effects, we conducted a multi-modal MRI study in a cohort of 36 typically aging older adults (60–80 years). We measured VHS, whole brain OEF, cerebral blood flow, microvascular oxygen supply and arterial transit times, and bulk flow in the internal carotid arteries and the superior sagittal sinus. Associations between cerebral hemodynamic physiology, head motion, VHS, and OEF were analyzed using combined multivariable and stepwise regression models. We found that VHS was associated with lower OEF and that VHS remained independently associated with reduced OEF in multivariable models adjusting for other vascular parameters. Importantly, VHS was not related to head motion. These findings suggest that VHS in older individuals may be indicative of distinct physiological mechanisms leading to reduced OEF, but further work is needed to directly elucidate their underpinnings.",venous hyperintense signal (VHS); oxygen extraction fraction (OEF); arterial spin labeling (ASL); capillary dysfunction; aging; Research Article,https://doi.org/10.1162/IMAG.a.952
https://pmc.ncbi.nlm.nih.gov/articles/PMC12535610/,Advances in Anti-aging Procedures: A Comprehensive Review of Surgical and Non-surgical Rejuvenation Techniques,2025,"Advances in medical science have led to longer lifespans, increasing global demand for cosmetic procedures aimed at preserving or enhancing youthfulness. A wide range of clinical options now targets facial ageing, offering invasive and non-invasive treatments tailored to individual needs, medical factors, and financial considerations. With recent advances in aesthetic technologies and emerging evidence-based results, this narrative review explores recent innovations in anti-ageing interventions, focusing on their effectiveness and potential side effects.

This narrative review aims to comprehensively evaluate anti-ageing procedures, including both surgical and non-surgical techniques. It seeks to synthesize current evidence to assess the safety, efficacy, and impact of these interventions on patient outcomes.

A narrative review was conducted by searching PubMed, MEDLINE, Scopus, and Web of Science for articles published between 2010 and 2025. Keywords included ""anti-ageing,"" ""facial rejuvenation,"" ""cosmetic procedures,"" and ""aesthetic treatments."" Eligible sources were peer-reviewed original research, systematic reviews, meta-analyses, and clinical guidelines. Non-English articles, conference abstracts without full texts, and studies unrelated to facial treatments were excluded. Formal quality assessment and statistical analysis were not performed.

Of 640 articles identified, 144 were included in the final synthesis. Findings highlight the multifactorial nature of facial ageing and recent advances supporting personalized interventions to enhance patient outcomes and quality of life.",aesthetic medicine; botulinum toxin; dermal fillers; innovation in cosmetology; laser therapy; minimally invasive procedures; skin boosters; Therapeutics; Dermatology,https://doi.org/10.7759/cureus.92666
https://pmc.ncbi.nlm.nih.gov/articles/PMC12528181/,Implications of the anti-aging efficacy of BaZi Bu Shen capsules for human longevity and development,2025,"At present, there are no approved drugs for the treatment of aging, but a number of studies have reported related anti-aging drugs. As an innovative traditional Chinese medicine (TCM) that has been on the market for many years to treat waist and knees soreness, dizziness, tinnitus, fatigue, and cold limbs caused by insufficient kidney-yang, “Bazi Bushen Capsules (BZBS)” has also made a series of new and remarkable achievements in anti-aging research, which is expected to become the first new drug approved by the National Medical Products Administration (NMPA) for anti-aging indications, thus opening up new ideas for the medical field to treat aging. In the context of anti-aging, the general social phenomenon expected to be effectively caused is that people will enter a new era of longevity, and most countries will move from the current aging society to the aged society and even into the super-aging society in the near future. This remark provides forward-looking and guiding suggestions for future research on the relationship between longevity, economy and social protection.",Bazi Bu Shen capsules; anti-ageing drug; future of mankind; traditional Chinese medicine; DNA methylation age; Aging,https://doi.org/10.3389/fragi.2025.1611959
https://pmc.ncbi.nlm.nih.gov/articles/PMC10522393/,A Poisson distribution-based general model of cancer rates and a cancer risk-dependent theory of aging,2023,"This article presents a formula for modeling the lifetime incidence of cancer in humans. The formula utilizes a Poisson distribution-based “np” model to predict cancer incidence, with “n” representing the effective number of cell turnover and “p” representing the probability of single-cell transformation. The model accurately predicts the observed incidence of cancer in humans when a reduction in cell turnover due to aging is taken into account. The model also suggests that cancer development is ultimately inevitable. The article proposes a theory of aging based on this concept, called the “np” theory. According to this theory, an organism maintains its order by balancing cellular entropy through continuous proliferation. However, cellular “information entropy” in the form of accumulated DNA mutations increases irreversibly over time, restricting the total number of cells an organism can generate throughout its lifetime. When cell division slows down and fails to compensate for the increased entropy in the system, aging occurs. Essentially, aging is the phenomenon of running out of predetermined cell resources. Different species have evolved separate strategies to utilize their limited cell resources throughout their life cycle.",cancer incidence model; aging; poisson distribution; entropy; Research Perspective,https://doi.org/10.18632/aging.205016
https://pmc.ncbi.nlm.nih.gov/articles/PMC9278457/,"Cell senescence, rapamycin and hyperfunction theory of aging",2022,"A hallmark of cellular senescence is proliferation-like activity of growth-promoting pathways (such as mTOR and MAPK) in non-proliferating cells. When the cell cycle is arrested, these pathways convert arrest to senescence (geroconversion), rendering cells hypertrophic, beta-Gal-positive and hyperfunctional. The senescence-associated secretory phenotype (SASP) is one of the numerous hyperfunctions. Figuratively, geroconversion is a continuation of growth in non-proliferating cells. Rapamycin, a reversible inhibitor of growth, slows down mTOR-driven geroconversion. Developed two decades ago, this model had accurately predicted that rapamycin must extend life span of animals. However, the notion that senescent cells directly cause organismal aging is oversimplified. Senescent cells contribute to organismal aging but are not strictly required. Cell senescence and organismal aging can be linked indirectly via the same underlying cause, namely hyperfunctional signaling pathways such as mTOR.",Senescence; gerostatics; geroconversion; geroscience; rapalogs; sirolimus; healthspan; Review Article; Review,https://doi.org/10.1080/15384101.2022.2054636
https://pmc.ncbi.nlm.nih.gov/articles/PMC8448505/,The hyperfunction theory of aging: three common misconceptions,2021,,geroscience; rapamycin; mTOR; geroconversion; quasi-program; cell senescence; Editorial Perspective,https://doi.org/10.18632/oncoscience.545
https://pmc.ncbi.nlm.nih.gov/articles/PMC6538209/,A Microcirculatory Theory of Aging,2019,"Aging is the progressive decline of physiological functions necessary for survival and reproduction. In gaining a better understanding of the inevitable aging process, the hope is to preserve, promote, or delay healthy aging through the treatment of common age-associated diseases. Although there are theories that try to explain the aging process, none of them seem to fully satisfy. Microcirculation describes blood flow through the capillaries in the circulatory system. The main functions of the microcirculation are the delivery of oxgen and nutrients and the removal of CO<sub>2</sub>, metabolic debris, and toxins. The microcirculatory impairment or dysfunction over time will result in the accumulation of toxic products and CO<sub>2</sub> and loss of nutrition supplementation and O<sub>2</sub> in corresponding tissue systems or internal organs, which eventually affect normal tissue and organ functions, leading to aging. Therefore, I propose a microcirculatory theory of aging: aging is the process of continuous impairment of microcirculation in the body.",aging; theory; microcirculation; impairment; lifespan; Conceptual Article,https://doi.org/10.14336/AD.2019.0315
https://pmc.ncbi.nlm.nih.gov/articles/PMC10174283/,Toward an Understanding of Healthy Cognitive Aging: The Importance of Lifestyle in Cognitive Reserve and the Scaffolding Theory of Aging and Cognition,2022,"The World Health Organization (WHO) aims to improve our understanding of the factors that promote healthy cognitive aging and combat dementia. Aging theories that consider individual aging trajectories are of paramount importance to meet the WHO’s aim. Both the revised Scaffolding Theory of Aging and Cognition (STAC-r) and Cognitive Reserve theory (CR) offer theoretical frameworks for the mechanisms of cognitive aging and the positive influence of an engaged lifestyle. STAC-r additionally considers adverse factors, such as depression. The two theories explain different though partly overlapping aspects of cognitive aging. Currently, it is unclear where the theories agree and differ and what compensation mechanism of age-related cognitive decline might be better explained by either STAC-r, CR, or by both. This review provides an essential discussion of the similarities and differences between these prominent cognitive aging theories, their implications for intervention methods and neurodegenerative disease, and significant shortcomings that have not yet been addressed. This review will direct researchers to common insights in the field and to intervention targets and testable hypotheses for future research. Future research should investigate the potential use of STAC-r in neurodegenerative diseases and provide clarity as to what combination of factors build CR, including their relative importance and when in life they are most effective.",Compensatory mechanisms; Intervention; Neurodegenerative disease; Shortcomings; THE JOURNAL OF GERONTOLOGY: Psychological Sciences; AcademicSubjects/SOC02600; AcademicSubjects/SCI02100,https://doi.org/10.1093/geronb/gbac197
https://pmc.ncbi.nlm.nih.gov/articles/PMC8762300/,The Danaid Theory of Aging,2022,"The classical evolutionary theories of aging suggest that aging evolves due to insufficient selective pressure against it. In these theories, declining selection pressure with age leads to aging through genes or resource allocations, implying that aging could potentially be stalled were genes, resource allocation, or selection pressure somewhat different. While these classical evolutionary theories are undeniably part of a description of the evolution of aging, they do not explain the diversity of aging patterns, and they do not constitute the only possible evolutionary explanation. Without denying selection pressure a role in the evolution of aging, we argue that the origin and diversity of aging should also be sought in the nature and evolution of organisms that are, from their very physiological make up, unmaintainable. Drawing on advances in developmental biology, genetics, biochemistry, and complex systems theory since the classical theories emerged, we propose a fresh evolutionary-mechanistic theory of aging, the Danaid theory. We argue that, in complex forms of life like humans, various restrictions on maintenance and repair may be inherent, and we show how such restrictions are laid out during development. We further argue that there is systematic variation in these constraints across taxa, and that this is a crucial factor determining variation in aging and lifespan across the tree of life. Accordingly, the core challenge for the field going forward is to map and understand the mosaic of constraints, trade-offs, chance events, and selective pressures that shape aging in diverse ways across diverse taxa.",evolution; aging; development; theory; constraint; maintenance; senescence; Cell and Developmental Biology,https://doi.org/10.3389/fcell.2021.671208
https://pmc.ncbi.nlm.nih.gov/articles/PMC7525146/,Updating the Free Radical Theory of Aging,2020,,free radical theory of aging; mtDNA; mtDNA mutations; oxidative stress; clonal expansion; polymerase gamma (POLG); mtDNA replication; aging; Cell and Developmental Biology,https://doi.org/10.3389/fcell.2020.575645
https://pmc.ncbi.nlm.nih.gov/articles/PMC12328599/,A unifying theory of aging and mortality,2025,"In this paper, we advance the network theory of aging and mortality by developing a causal mathematical model for the mortality rate. First, we show that in large networks, where health deficits accumulate at nodes representing health indicators, the modelling of network evolution with Poisson processes is universal and can be derived from fundamental principles. Second, with the help of two simplifying approximations, which we refer to as mean-field assumption and homogeneity assumption, we provide an analytical derivation of Gompertz law under generic and biologically relevant conditions. Third, we identify for which network parameters Gompertz law is accurate, express the parameters in Gompertz law as a function of the network parameters, and illustrate our computations with simulations and analytic approximations. Our paper is the first to offer a full mathematical explanation of Gompertz law and its limitations based on network theory.",Biological models; Applied mathematics; Article,https://doi.org/10.1038/s41598-025-11454-4
https://pmc.ncbi.nlm.nih.gov/articles/PMC12047931/,The Dissipation Theory of Aging: A Quantitative Analysis Using a Cellular Aging Map,2025,"We propose a new theory for aging based on dynamical systems and provide a data-driven computational method to quantify the changes at the cellular level. We use ergodic theory to decompose the dynamics of changes during aging and show that aging is fundamentally a dissipative process within biological systems, akin to dynamical systems where dissipation occurs due to non-conservative forces. To quantify the dissipation dynamics, we employ a transformer-based machine learning algorithm to analyze gene expression data, incorporating age as a token to assess how age-related dissipation is reflected in the embedding space. By evaluating the dynamics of gene and age embeddings, we provide a cellular aging map (CAM) and identify patterns indicative of divergence in gene embedding space, nonlinear transitions, and entropy variations during aging for various tissues and cell types. Our results provide a novel perspective on aging as a dissipative process and introduce a computational framework that enables measuring age-related changes with molecular resolution.",aging; dynamical systems; dissipation; multimodal foundation model; language modeling; single-cell RNA sequencing; Article,
https://pmc.ncbi.nlm.nih.gov/articles/PMC10076559/,Exploring molecular signatures related to the mechanism of aging in different brain regions by integrated bioinformatics,2023,"The mechanism of brain aging is not fully understood. Few studies have attempted to identify molecular changes using bioinformatics at the subregional level in the aging brain. This study aimed to identify the molecular signatures and key genes involved in aging, depending on the brain region. Differentially expressed genes (DEGs) associated with aging of the cerebral cortex (CX), hippocampus (HC), and cerebellum (CB) were identified based on five datasets from the Gene Expression Omnibus (GEO). The molecular signatures of aging were explored using functional and pathway analyses. Hub genes of each brain region were determined by protein–protein interaction network analysis, and commonly expressed DEGs (co-DEGs) were also found. Gene–microRNAs (miRNAs) and gene–disease interactions were constructed using online databases. The expression levels and regional specificity of the hub genes and co-DEGs were validated using animal experiments. In total, 32, 293, and 141 DEGs were identified in aging CX, HC, and CB, respectively. Enrichment analysis indicated molecular changes related to leukocyte invasion, abnormal neurotransmission, and impaired neurogenesis due to inflammation as the major signatures of the CX, HC, and CB. Itgax is a hub gene of cortical aging. Zfp51 and Zfp62 were identified as hub genes involved in hippocampal aging. Itgax and Cxcl10 were identified as hub genes involved in cerebellar aging. S100a8 was the only co-DEG in all three regions. In addition, a series of molecular changes associated with inflammation was observed in all three brain regions. Several miRNAs interact with hub genes and S100a8. The change in gene levels was further validated in an animal experiment. Only the upregulation of Zfp51 and Zfp62 was restricted to the HC. The molecular signatures of aging exhibit regional differences in the brain and seem to be closely related to neuroinflammation. Itgax, Zfp51, Zfp62, Cxcl10, and S100a8 may be key genes and potential targets for the prevention of brain aging.",brain aging; brain regions; molecular signatures; neuroinflammation; bioinformatics; hub genes; Molecular Neuroscience,https://doi.org/10.3389/fnmol.2023.1133106
https://pmc.ncbi.nlm.nih.gov/articles/PMC9323120/,Oxidation Stress as a Mechanism of Aging in Human Erythrocytes: Protective Effect of Quercetin,2022,"Aging is a multi-factorial process developing through a complex net of interactions between biological and cellular mechanisms and it involves oxidative stress (OS) as well as protein glycation. The aim of the present work was to verify the protective role of Quercetin (Q), a polyphenolic flavonoid compound, in a <sc>d</sc>-Galactose (<sc>d</sc>-Gal)-induced model of aging in human erythrocytes. The anion-exchange capability through the Band 3 protein (B3p) measured by the rate constant of the SO<sub>4</sub><sup>2−</sup> uptake, thiobarbituric acid reactive substances (TBARS) levels—a marker of lipid peroxidation—total sulfhydryl (-SH) groups, glycated hemoglobin (A1c), and a reduced glutathione/oxidized glutathione (GSH-GSSG) ratio were determined following the exposure of erythrocytes to 100 mM <sc>d</sc>-Gal for 24 h, with or without pre-incubation with 10 µM Q. The results confirmed that <sc>d</sc>-Gal activated OS pathways in human erythrocytes, affecting both membrane lipids and proteins, as denoted by increased TBARS levels and decreased total sulfhydryl groups, respectively. In addition, <sc>d</sc>-Gal led to an acceleration of the rate constant of the SO<sub>4</sub><sup>2</sup><sup>−</sup> uptake through the B3p. Both the alteration of the B3p function and oxidative damage have been improved by pre-treatment with Q, which preferentially ameliorated lipid peroxidation rather than protein oxidation. Moreover, Q prevented glycated A1c formation, while no protective effect on the endogenous antioxidant system (GSH-GSSG) was observed. These findings suggest that the B3p could be a novel potential target of antioxidant treatments to counteract aging-related disturbances. Further studies are needed to confirm the possible role of Q in pharmacological strategies against aging.",quercetin; <sc>d</sc>-Galactose; aging; band 3 protein function; oxidative stress; glycation; Article,https://doi.org/10.3390/ijms23147781
https://pmc.ncbi.nlm.nih.gov/articles/PMC10835255/,The molecular mechanism of aging and the role in neurodegenerative diseases,2024,"Aging is a complex and inevitable biological process affected by a combination of external environmental and genetic factors. Humans are currently living longer than ever before, accompanied with aging-related alterations such as diminished autophagy, decreased immunological function, mitochondrial malfunction, stem cell failure, accumulation of somatic and mitochondrial DNA mutations, loss of telomere, and altered nutrient metabolism. Aging leads to a decline in body functions and age-related diseases, for example, Alzheimer's disease, which adversely affects human health and longevity. The quality of life of the elderly is greatly diminished by the increase in their life expectancy rather than healthy life expectancy. With the rise in the age of the global population, aging and related diseases have become the focus of attention worldwide. In this review, we discuss several major mechanisms of aging, including DNA damage and repair, free radical oxidation, telomeres and telomerase, mitochondrial damage, inflammation, and their role in neurodegenerative diseases to provide a reference for the prevention of aging and its related diseases.",Aging; DNA damage; Radicals oxidative; Telomere; Energy metabolism; Anti-Aging; Review Article,https://doi.org/10.1016/j.heliyon.2024.e24751
https://pmc.ncbi.nlm.nih.gov/articles/PMC10005994/,Study on the mechanism of aging-related erectile dysfunction based on bioinformatics and experimental verification,2023,,Erectile dysfunction (ED); aging; PI3K/AKT pathway; endothelial dysfunction; fibrosis; Original Article,https://doi.org/10.21037/tau-22-511
https://pmc.ncbi.nlm.nih.gov/articles/PMC6311305/,Bioinformatics Analysis of the Molecular Mechanism of Aging on Fracture Healing,2018,"Increasing age negatively affects different phases of bone fracture healing. The present study aimed to explore underlying mechanisms related to bone fracture repair in the elderly. <ext-link ext-link-type=""pmc:entrez-geo"" http://www.w3.org/1999/xlink href=""GSE17825"">GSE17825</ext-link> public transcriptome data from the Gene Expression Omnibus database were used for analysis. First, raw data were normalized and differentially expressed genes (DEGs) were identified. Next, Kyoto Encyclopedia of Genes and Genomes (KEGG) and Gene Ontology (GO) analyses were implemented to evaluate pathways and DEGs. A protein–protein interaction (PPI) network was then constructed. A total of 726, 861, and 432 DEGs were identified between the young and elderly individuals at 1, 3, and 5 days after fracture, respectively. The results of GO, KEGG, and PPI network analyses suggested that the inflammatory response, Wnt signaling pathway, vascularization-associated processes, and synaptic-related functions of the identified DEGs are markedly enriched, which may account for delayed fracture healing in the elderly. These findings provide valuable clues for investigating the effects of aging on fracture healing but should be validated through further experiments.",Research Article,https://doi.org/10.1155/2018/7530653
https://pmc.ncbi.nlm.nih.gov/articles/PMC10093290/,The Timing Sequence and Mechanism of Aging in Endocrine Organs,2023,"The world is increasingly aging, and there is an urgent need to find a safe and effective way to delay the aging of the body. It is well known that the endocrine glands are one of the most important organs in the context of aging. Failure of the endocrine glands lead to an abnormal hormonal environment, which in turn leads to many age-related diseases. The aging of endocrine glands is closely linked to oxidative stress, cellular autophagy, genetic damage, and hormone secretion. The first endocrine organ to undergo aging is the pineal gland, at around 6 years old. This is followed in order by the hypothalamus, pituitary gland, adrenal glands, gonads, pancreatic islets, and thyroid gland. This paper summarises the endocrine gland aging-related genes and pathways by bioinformatics analysis. In addition, it systematically summarises the changes in the structure and function of aging endocrine glands as well as the mechanisms of aging. This study will advance research in the field of aging and help in the intervention of age-related diseases.",endocrine; aging; mechanisms; Review,https://doi.org/10.3390/cells12070982
https://pmc.ncbi.nlm.nih.gov/articles/PMC9750530/,Research progress on the mechanism of aging of vascular endothelial cells and the intervention of traditional Chinese medicine: A review,2022,"Vascular senescence is the basic factor of many cardiovascular diseases. Vascular endothelium, as a protective barrier between blood and vascular wall, plays an important role in maintaining the integrity and homeostasis of vascular system. Endothelial cell senescence is an important pathological change of vascular senescence. In recent years, more and more studies have been conducted on vascular endothelial cell senescence, especially on its mechanism. Many research results showed that the mechanism is various, but the systematic elucidation still lacks. Western medicine has little choice in the prevention and treatment of endothelial cell senescence, and the control effect is also limited, while Chinese medicine makes up for the deficiency in this regard. The main mechanisms of vascular endothelial cell aging and the related research progress of traditional Chinese medicine in the prevention and treatment of vascular endothelial aging in recent years were summarized in this paper to provide reference for the research of traditional Chinese medicine in anti-vascular aging and the prevention and treatment of cardiovascular disease.",aging mechanism; cardiovascular disease; cellular senescence; traditional Chinese medicine; vascular endothelial cell; vascular senescence; 3400; Research Article; Narrative Review,https://doi.org/10.1097/MD.0000000000032248
https://pmc.ncbi.nlm.nih.gov/articles/PMC12259695/,Targeting the hallmarks of aging: mechanisms and therapeutic opportunities,2025,"Aging is a complex biological process characterized by a gradual decline in cellular and physiological function, increasing vulnerability to chronic diseases and mortality. It involves a set of interconnected mechanisms known as the hallmarks of aging, including genomic instability, telomere attrition, epigenetic alterations, loss of proteostasis, mitochondrial dysfunction, cellular senescence, stem cell exhaustion, altered intercellular communication, and dysregulated nutrient sensing. These processes act at molecular, cellular, and systemic levels, contributing to age-related disorders such as neurodegeneration, cardiovascular disease, and metabolic syndromes. Emerging therapeutic strategies aim to delay or reverse aging by targeting specific hallmarks. These include senolytics to eliminate senescent cells, NAD<sup>+</sup> boosters and mitophagy inducers to improve mitochondrial health, epigenetic reprogramming, and caloric restriction mimetics such as metformin and rapamycin to modulate nutrient-sensing pathways. Advances in regenerative medicine, gene editing, and organ cross-talk modulation are also contributing to the development of personalized, multi-targeted anti-aging therapies. Integration of omics technologies and biomarker research is expected to enhance our ability to monitor biological aging and optimize interventions for healthy longevity. This review highlights the current understanding of the hallmarks of aging and explores potential treatment strategies in light of our recent findings.",chronological aging; biological aging; aging related disease; senscence; chronic inflammation; Cardiovascular Medicine,https://doi.org/10.3389/fcvm.2025.1631578
https://pmc.ncbi.nlm.nih.gov/articles/PMC12339103/,Ischemic Stroke and the Biological Hallmarks of Aging,2025,"With the advent of an aging population, the study of aging and related research has been increasingly prominent, focusing on how to fully understand and delay aging—a key concern for contemporary medical professionals. Stroke is an acute focal neurological deficit. Globally, ischemic stroke accounts for only 60-70% of all strokes, meanwhile, it is the second leading cause of death. With the introduction of the concept of biomarkers of ageing, the research of ischemic stroke or acute brain injury in relation to these biomarkers has remained fragmented. In this review, we aim to consolidate the current evidence, highlighting the intricate relationship between ischemic stroke and aging-related hallmarks during its occurrence. By providing a comprehensive overview, we hope to offer researchers a broader perspective on how acute injury mechanisms intertwine with aging. We hope to present a new viewpoint and a more complete evaluation framework for future research and exploration in the field of aging.",aging; ischemic stroke; hallmarkers; biology; Review,https://doi.org/10.14336/AD.2024.1059
https://pmc.ncbi.nlm.nih.gov/articles/PMC11747043/,"Hallmarks of aging: middle-aging hypovascularity, tissue perfusion and nitric oxide perspective on healthspan",2025,"Aging is a complex process marked by various changes at both cellular and systemic levels, impacting the functioning and lifespan of organisms. Over time, researchers have pinpointed several significant hallmarks of aging that lead to the gradual deterioration of tissue function, regulation, and homeostasis associated with aging in humans. Despite this, the intricate interactions and cumulative effects of these hallmarks are still mostly uncharted territory. Understanding this complex web is a major challenge in Geroscience, yet it is crucial for developing effective strategies that promote healthy aging, reduce medical costs, and ensure the sustainability of health systems. Gaining insights in this area is essential for creating interventions that can slow the aging process, enhance healthspan, and decrease the likelihood of age-related diseases. The integration of knowledge from various fields concerning the middle-aging nitric oxide (NO)-mediated hypovascularity hypoxia hemodynamic hypothesis points to a systems-based approach to the biological hallmarks of aging. Key evidence suggests a systemic connection between the endocrine system (specifically sex hormones), endogenous NO deficiency, and the vascular system, which serves as a network of microvascular structures crucial for tissue perfusion functions at cellular level. These processes also involve oxidative stress and inflammation triggered by hypoxia.",aging hallmarks; geroscience; vascular aging; tissue perfusion; nitric oxide; healthspan; causal inference; triangulation of evidence; Aging,https://doi.org/10.3389/fragi.2024.1526230
https://pmc.ncbi.nlm.nih.gov/articles/PMC12520012/,The Ambiguous Role of HMGB1 Across the Hallmarks of Aging: A Narrative Review,2025,"Aging is a complex, multifactorial process driven by interconnected biological mechanisms collectively known as the hallmarks of aging, which contribute to functional decline and the onset of age-related diseases. High-mobility group box 1 (HMGB1), a nuclear DNA chaperone and damage-associated molecular pattern (DAMP), plays a pivotal role in regulating these hallmarks through its dual functions: preserving genomic stability within the nucleus and promoting inflammatory responses when released extracellularly. This review examines the multifaceted involvement of HMGB1 in key aging hallmarks, such as genomic instability, telomere attrition, mitochondrial dysfunction, and chronic inflammation among others. Preclinical studies demonstrate that nuclear HMGB1 supports chromatin integrity and DNA repair, whereas its extracellular release triggers TLR4/RAGE signaling pathways, thereby intensifying inflammaging and senescence-associated secretory phenotypes (SASP). Emerging therapeutic approaches—such as HMGB1 inhibitors, neutralizing antibodies, and epigenetic modulators—show potential in restoring genomic homeostasis and mitigating age-related pathologies. Nevertheless, significant challenges remain, including elucidating HMGB1’s roles in nutrient sensing and psychosocial stress, fine-tuning interventions to preserve its nuclear functions while minimizing extracellular toxicity, and establishing efficacy in human clinical settings. Addressing these gaps may position HMGB1 as a promising multifunctional target for delaying aging and translating preclinical findings into clinical applications.",aging; HMGB1; hallmarks of aging; preclinical studies; Review,https://doi.org/10.2147/CIA.S550572
https://pmc.ncbi.nlm.nih.gov/articles/PMC11984428/,"Effects of a natural ingredients-based intervention targeting the hallmarks of aging on epigenetic clocks, physical function, and body composition: a single-arm clinical trial",2025,"Aging interventions have progressed in recent years due to the growing curiosity about how lifestyle impacts longevity. This study assessed the effects of SRW Laboratories’ Cel System nutraceutical range on epigenetic methylation patterns, inflammation, physical performance, body composition, and epigenetic biomarkers of aging. A 1-year study was conducted with 51 individuals, collecting data at baseline, 3 months, 6 months, and 12 months. Participants were encouraged to walk 10 minutes and practice 5 minutes of mindfulness daily. Significant improvements in muscle strength, body function, and body composition metrics were observed. Epigenetic clock analysis showed a decrease in biological age with significant reductions in stem cell division rates. Immune cell subset analysis indicated significant changes, with increases in eosinophils and CD8T cells and decreases in B memory, CD4T memory, and T-regulatory cells. Predicted epigenetic biomarker proxies (EBPs) showed significant changes in retinol/TTHY, a regulator of cell growth, proliferation, and differentiation, and deoxycholic acid glucuronide levels, a metabolite of deoxycholic acid generated in the liver. Gene ontology analysis revealed significant CpG methylation changes in genes involved in critical biological processes related to aging, such as oxidative stress-induced premature senescence, pyrimidine deoxyribonucleotide metabolic process, TRAIL binding, hyaluronan biosynthetic process, neurotransmitter loading into synaptic vesicles, pore complex assembly, collagen biosynthetic process, protein phosphatase 2A binding activity, and activation of transcription factor binding. Our findings suggest that the Cel System supplement range may effectively reduce biological age and improve health metrics, warranting further investigation into its mechanistic pathways and long-term efficacy.",epigenetic age change; physiological age change; epigenetic biomarker proxies; hallmarks of aging; aging; nutraceutical longevity interventions; Research Paper,https://doi.org/10.18632/aging.206221
https://pmc.ncbi.nlm.nih.gov/articles/PMC12340157/,Chemical reprogramming ameliorates cellular hallmarks of aging and extends lifespan,2025,"The dedifferentiation of somatic cells into a pluripotent state by cellular reprogramming coincides with a reversal of age-associated molecular hallmarks. Although transcription factor induced cellular reprogramming has been shown to ameliorate these aging phenotypes in human cells and extend health and lifespan in mice, translational applications of this approach are still limited. More recently, chemical reprogramming via small molecule cocktails have demonstrated a similar ability to induce pluripotency in vitro, however, its potential impact on aging is unknown. Here, we demonstrated that chemical-induced partial reprogramming can improve key drivers of aging including genomic instability and epigenetic alterations in aged human cells. Moreover, we identified an optimized combination of two reprogramming molecules sufficient to induce the amelioration of additional aging phenotypes including cellular senescence and oxidative stress. Importantly, in vivo application of this two-chemical combination significantly extended <italic toggle=""yes"">C. elegans</italic> lifespan and healthspan. Together, these data demonstrate that improvement of key drivers of aging and lifespan extension is possible via chemical-induced partial reprogramming, opening a path towards future translational applications.",Aging; Cellular Reprogramming; Chemical Reprogramming; Epigenetics; Lifespan; Autophagy & Cell Death; Metabolism; Pharmacology & Drug Discovery; Article,https://doi.org/10.1038/s44321-025-00265-9
https://pmc.ncbi.nlm.nih.gov/articles/PMC11670294/,Pterostilbene Targets Hallmarks of Aging in the Gene Expression Landscape in Blood of Healthy Rats,2024,,aging; blood; gene expression; polyphenols; transcriptomics; Research Article; Research Article,https://doi.org/10.1002/mnfr.202400662
https://pmc.ncbi.nlm.nih.gov/articles/PMC12425021/,Network-driven discovery of repurposable drugs targeting hallmarks of aging,2025,"Despite the thousands of genes implicated in age-related phenotypes, effective interventions for aging remain elusive, a lack of advance rooted in the multifactorial nature of longevity and the functional interconnectedness of the molecular components implicated in aging. Here, we introduce a network medicine framework that integrates 2,358 longevity-associated genes onto the human interactome to identify existing drugs that can modulate aging processes. We find that genes associated with each hallmark of aging form a connected subgraph, or hallmark module, a discovery enabling us to measure the proximity of 6,442 clinically approved or experimental compounds to each hallmark. We then introduce a transcription-based metric, <italic toggle=""yes"">pAGE</italic>, which evaluates whether the drug-induced expression shifts reinforce or counteract known age-related expression changes. By integrating network proximity and <italic toggle=""yes"">pAGE</italic>, we identify multiple drug repurposing candidate that not only target specific hallmarks but act to reverse their aging-associated transcriptional changes. Our findings are interpretable, revealing for each drug the molecular mechanisms through which it modulates the hallmark, offering an experimentally falsifiable framework to leverage genomic discoveries to accelerate drug repurposing for longevity.",Article,
https://pmc.ncbi.nlm.nih.gov/articles/PMC12094518/,Beyond hallmarks of aging – biological age and emergence of aging networks,2025,"The hallmarks of aging have contributed immensely to the systematization of research on aging and have influenced the emergence of geroscience. The developments that led to the concepts of the hallmarks and geroscience were first marked by the proliferation of ‘theories’ of aging, mostly based on the experimental predilections of practitioners of aging research. Deeper consideration of the concepts of hallmarks of aging and geroscience leads to the quandary of whether a biological aging process exists beyond disease itself. To address this difficulty, a metric of biological age as opposed to calendar age is necessary. Several examples of biological age measured using similar assumptions, but different methods, exist. One of these, the frailty index was the first to successfully characterize aging in terms of loss of integrated function, and it is simpler than and superior to other constructs for measuring biological age. Though relatively simple in construction, the frailty index is rich conceptually, however, pointing to a network model of the aging organism. This network functions as a nonlinear complex system that is governed by stochastic thermodynamics, in which loss of integration leads to increasing entropy. Its structure transcends all levels of biological organization, such that its parts form hierarchies that are self-similar (fractal). The hallmarks of aging are simply nodes in the aging network, which can be found repetitively in various locations of the network. Stochastic thermodynamics implies that the aging system with higher entropy can exist in a multitude of possible microstates that are tantamount to high disorder with a high probability to assume a certain state. This explains the observed variability among aging individuals.",Aging; hallmarks of aging; frailty index; biological age; aging networks; entropy; Article,https://doi.org/10.31491/APT.2025.03.166
https://pmc.ncbi.nlm.nih.gov/articles/PMC12052809/,"SENS vs. the hallmarks of aging: competing visions, shared challenges",2025,"Aging research is often framed within pluralistic frameworks that emphasize cellular and molecular damage processes. Among the most influential are Strategies for Engineered Negligible Senescence (SENS), which aims to counteract biological decline through targeted damage repair, and the Hallmarks of Aging (HoA), which seeks to identify fundamental mechanisms underlying this process. Both proposals, although diverse, significantly influence contemporary approaches to the challenges posed by aging. However, despite extensive discussion, we contend that key conceptual and methodological aspects remain insufficiently explored. This paper seeks to advance the debate by critically analyzing and comparing their foundational goals, theoretical premises, and research frameworks. Specifically, we examine their definitions of aging, perspectives on health and disease, approaches to scientific evidence and causal interventions, and communications strategies. In doing so, we aim to contribute to a deeper understanding and more nuanced assessment of both SENS and the HoA.",Aging; Hallmarks of aging; Geroscience; Mechanism; SENS; Perspective,https://doi.org/10.1007/s10522-025-10248-5
https://pmc.ncbi.nlm.nih.gov/articles/PMC9648808/,Rapamycin treatment early in life reprograms aging: hyperfunction theory and clinical practice,2022,"Making provocative headlines, three outstanding publications demonstrated that early-life treatment with rapamycin, including treatments during developmental growth, extends lifespan in animals, confirming predictions of hyperfunction theory, which views aging as a quasi-program (an unintended continuation of developmental growth) driven in part by mTOR. Despite their high theoretical importance, clinical applications of two of these studies in mice, <italic toggle=""yes"">Drosophila</italic> and <italic toggle=""yes"">Daphnia</italic> cannot be implemented in humans because that would require growth retardation started at birth. A third study demonstrated that a transient (around 20% of total lifespan in <italic toggle=""yes"">Drosophila</italic>) treatment with rapamycin early in <italic toggle=""yes"">Drosophila</italic> adult life is as effective as lifelong treatment, whereas a late-life treatment is not effective. However, previous studies in mice demonstrated that a transient late-life treatment is highly effective. Based on hyperfunction theory, this article attempts to reconcile conflicting results and suggests the optimal treatment strategy to extend human lifespan.",senescence; gerostatics; geroscience; sirolimus; healthspan; Research Perspective,https://doi.org/10.18632/aging.204354
https://pmc.ncbi.nlm.nih.gov/articles/PMC11810056/,Mikhail ‘Misha’ Blagosklonny’s enduring legacy in geroscience: the hyperfunction theory and the therapeutic potential of rapamycin,2025,"The untimely passing of Dr. Mikhail “Misha” Blagosklonny has left a lasting void in geroscience and oncology. This review examines his profound contributions, focusing on his pioneering the Hyperfunction Theory and his advocacy for rapamycin, an mTOR inhibitor, as a therapeutic agent for lifespan extension. Contrary to traditional damage-centric models, the Hyperfunction Theory rejects damage accumulation as the primary driver of aging. Instead, it redefines aging as a quasi-programmed process driven by the persistent, excessive activity of growth-promoting pathways beyond their developmental roles, leading to age-related pathologies. We explore how Blagosklonny’s insights predict rapamycin’s ability to decelerate aging by modulating excessive mTOR signaling, supported by empirical evidence across multiple physiological systems, including immune, cardiovascular, cognitive, and oncologic health. His forward-thinking approach, advocating for the cautious clinical use of rapamycin and suggesting personalized, preventive, and combination therapy strategies, has catalyzed interest in translational geroscience. This review synthesizes Blagosklonny’s legacy, presenting rapamycin as a foundational pharmacological intervention with potential in managing age-related decline and extending healthspan, and underlines his impact in shifting aging research from theoretical frameworks to actionable interventions. Blagosklonny’s work remains an enduring inspiration, paving the way toward treating aging as a modifiable condition.",rapamycin; longevity medicine; healthspan; geroscience; hyperfunction; Priority Review,https://doi.org/10.18632/aging.206189
https://pmc.ncbi.nlm.nih.gov/articles/PMC8954961/,"As predicted by hyperfunction theory, rapamycin treatment during development extends lifespan",2022,,quasi-programmed aging; mTOR; sirolimus; growth; reprogramming; Commentary,https://doi.org/10.18632/aging.203937
https://pmc.ncbi.nlm.nih.gov/articles/PMC7612201/,The hyperfunction theory: an emerging paradigm for the biology of aging,2022,"The process of senescence (aging) is predominantly determined by the action of wild-type genes. For most organisms, this does not reflect any adaptive function that senescence serves, but rather evolutionary effects of declining selection against genes with deleterious effects later in life. To understand aging requires an account of how evolutionary mechanisms give rise to pathogenic gene action and late-life disease, that integrates evolutionary (ultimate) and mechanistic (proximate) causes into a single explanation. A well-supported evolutionary explanation by G.C. Williams argues that senescence can evolve due to pleiotropic effects of alleles with antagonistic effects on fitness and late-life health (antagonistic pleiotropy, AP). What has remained unclear is how gene action gives rise to late-life disease pathophysiology. One ultimate-proximate account is T.B.L. Kirkwood’s disposable soma theory. Based on the hypothesis that stochastic molecular damage causes senescence, this reasons that aging is coupled to reproductive fitness due to preferential investment of resources into reproduction, rather than somatic maintenance. An alternative and more recent ultimate-proximate theory argues that aging is largely caused by programmatic, developmental-type mechanisms. Here ideas about AP and programmatic aging are reviewed, particularly those of M.V. Blagosklonny (the hyperfunction theory) and J.P. de Magalhães (the developmental theory), and their capacity to make sense of diverse experimental findings is assessed.",antagonistic pleiotropy; insulin/IGF-1 signalling; hyperfunction; quasi-programs; mTOR; theories of aging; programmatic aging; Article,https://doi.org/10.1016/j.arr.2021.101557
https://pmc.ncbi.nlm.nih.gov/articles/PMC12527274/,Silencing GGH induces autophagy by increasing folate stress and production of NADH,2025,"There is an inextricable link between metabolic disorders and autophagy. Gamma-glutamyl hydrolase (GGH) is a lysosomal glycoprotein that reduces intracellular folate stress by catalyzing the hydrolysis of polyglutamylated folate into transportable monoglutamate. The relationship between folate metabolism, involving the folate metabolic enzyme GGH, and autophagy has rarely been reported. In this study, we found that GGH functions as a crucial oncogene in lung adenocarcinomas. Importantly, we found that cell autophagy and autophagic cell death are induced by GGH silencing through the elevated folate stress resulting from folate metabolism and the folate metabolite nicotinamide adenine dinucleotide (NADH). By increasing the NADH/NAD<sup>+</sup> ratio, silencing GGH activates adenosine monophosphate-activated protein kinase (AMPK) through the activation of LKB1 and CAMKK2, as well as enhanced AMP/ATP and ADP/ATP ratios, which then triggers the initiation of early autophagy, finally resulting in autophagic cell death. Taken together, our study suggests that GGH may not only serve as a prognostic marker but also play a critical role in the initiation of early autophagy. Interventions targeting GGH to regulate folate metabolism and the proportion of NADH/NAD<sup>+</sup> may have translational potential for precision therapy in human cancer.",lung cancer; GGH; autophagy; FPGS; AMPK; Article; AcademicSubjects/SCI01180,https://doi.org/10.1093/jmcb/mjaf014
https://pmc.ncbi.nlm.nih.gov/articles/PMC12528358/,How to control synaptic autophagy from the neuronal soma,2025,"Autophagy dysregulation at the neural synapse is a hallmark of Parkinson’s disease and has diverse molecular origins. New research in <italic toggle=""yes"">The EMBO Journal</italic> investigates the role of <italic toggle=""yes"">Drosophila</italic> Rab39, and uncovers a system for compartmentalized regulation of synaptic autophagy, with implications for our understanding of dysregulated synaptic proteostasis as observed in neurodegenerative diseases.",Autophagy & Cell Death; Membranes & Trafficking; Neuroscience; News & Views,https://doi.org/10.1038/s44318-025-00535-9
https://pmc.ncbi.nlm.nih.gov/articles/PMC12533174/,Capsaicin Alleviates Autophagy‐Lysosomal Dysfunction via PPARA‐Mediated V‐ATPase Subunit ATP6V0E1 Signaling in 3xTg‐AD Mice,2025,"Autophagy‐lysosomal pathway deficits contribute to the accumulation of amyloid‐β (Aβ), Tau, and lipid droplets in Alzheimer's disease (AD). Capsaicin, a specific agonist of transient receptor potential vanilloid 1 (TRPV1), can improve cognitive function in AD patients, but the detailed mechanism is still unclear. Here, it is revealed that capsaicin ameliorated AD‐related pathology by activating peroxisome proliferator‐activated receptor alpha (PPARA/PPARα, a key regulator of lipid metabolism) to promote lipid metabolism and reverse autophagy‐lysosomal deficits. Molecular mechanism research found that capsaicin significantly activated the PPAR signaling pathway to promote lipid metabolism, with PPARA identified as the key transcription factor. In addition, capsaicin upregulated ATP6V0E1 (V‐ATPase V0 complex subunit e1, involved in lysosomal acidification) expression through PPARA, restoring V‐ATPase activity. This enhanced lysosomal acidification facilitated lipophagy (autophagic clearance of lipid droplets), while promoting the clearance of Aβ and Tau aggregates via the autophagy‐lysosomal pathway. Further, inhibition of ATP6V0E1 and PPARA expression blocked the effect of capsaicin on alleviating AD lipid pathology and cognitive deficits through autophagy‐lysosomal flux. Taken together, capsaicin promotes lipid metabolism, reduces lipid deposition, and attenuates AD‐related pathologies, while PPARA‐ATP6V0E1‐V‐ATPase signaling mediated autophagy‐lysosomal pathway plays a key role in this process.",Alzheimer's disease; ATP6V0E1; autophagy; capsaicin; PPARA; V‐ATPase; Research Article; Research Article,https://doi.org/10.1002/advs.202502707
https://pmc.ncbi.nlm.nih.gov/articles/PMC12531148/,SIRT3 inhibits autophagy-dependent ferroptosis of HUVECs in the progression of pregnancy-induced hypertension by activating the PI3K/Akt/mTOR axis,2025,,pregnancy-induced hypertension; autophagy; ferroptosis; SIRT3; PI3K/Akt/mTOR axis; Molecular Neuroscience,https://doi.org/10.3389/fnmol.2025.1620184
https://pmc.ncbi.nlm.nih.gov/articles/PMC12536555/,Ropivacaine-loaded tumor-derived vesicles targeting CCNB1 and autophagy in nasopharyngeal carcinoma,2025,"To enhance treatment outcomes for nasopharyngeal carcinoma (NPC), this study evaluates the efficacy of tumor mitochondrial protein 1 (TMTP1)-modified extracellular vesicles (EVs) for targeted ropivacaine delivery. The limited efficacy of conventional therapies in NPC highlights the need for innovative strategies that can address both tumor cell proliferation and pain management. EVs, isolated from NPC cell lines and modified with TMTP1 for enhanced tumor targeting, were loaded with ropivacaine to investigate their effects on tumor suppression and immune modulation. Through <italic toggle=""yes"">in vitro</italic> assessments, including CCK-8 and Hoechst assays, R-TMTP1 EVs showed effectively inhibited tumor growth and enhanced drug cytotoxicity. Further investigations revealed that these EVs suppress Cyclin B1 (CCNB1) expression and disrupt autophagic processes, enhancing apoptosis. <italic toggle=""yes"">In vivo</italic> studies using mouse models demonstrated that R-TMTP1 EVs effectively localize to tumor sites, significantly reducing tumor growth and alleviating pain, verified by enhanced T cell activity. These promising results advocate for the further exploration of R-TMTP1 EVs as a dual-function therapeutic tool in NPC.",Nasopharyngeal carcinoma; Tumor extracellular vesicles; TMTP1 peptide; Ropivacaine; Immune evasion; Full Length Article,https://doi.org/10.1016/j.mtbio.2025.102166
https://pmc.ncbi.nlm.nih.gov/articles/PMC12526212/,Novel Isolongifolenone-Based Caprolactam Derivatives as Potential Anticancer Agents via the p53/mTOR/Autophagy Pathway,2025,"Isolongifolenone, a natural sesquiterpenoid widely used in food additives and perfume, demonstrates a range of biological activities. In this study, a series of isolongifolenone-based caprolactam derivatives (<bold>E1</bold>–<bold>E19</bold>) were designed, synthesized, and evaluated for their anticancer activities in vitro. Most of the synthesized compounds significantly inhibited the proliferation of cultured cancer cells. Compound <bold>E10</bold>, containing an <italic toggle=""yes"">m</italic>-trifluoromethyl group, demonstrated the strongest anti-proliferation activities against MCF-7 (IC<sub>50</sub> = 0.32 µM), HepG2 (IC<sub>50</sub> = 1.36 µM), and A549 (IC<sub>50</sub> = 1.39 µM) cells. Moreover, <bold>E10</bold> was shown to increase intracellular ROS, reduce mitochondrial function, and induce cancer cell apoptosis via the p53/mTOR/autophagy pathway. Together, these results indicate that compound <bold>E10</bold> induced autophagy-associated cell apoptosis in MCF-7 cancer cells. Additionally, the antitumor activity of <bold>E10</bold> was validated in a zebrafish MCF-7 xenograft model. The observation that <bold>E10</bold> exhibits potent antitumor activity in both a three-dimensional (3D) cell culture model and the zebrafish xenograft model supports the development of <bold>E10</bold> as a potential drug candidate for cancer therapy.",isolongifolenone; caprolactam derivatives; antitumor activities; autophagy; Article,https://doi.org/10.3390/molecules30194013
https://pmc.ncbi.nlm.nih.gov/articles/PMC12531754/,Nephroprotective mechanism of Kunkui Baoshen decoction in diabetic kidney disease: Targeting the HERC2/NCOA4-mediated autophagy-dependent ferroptosis pathway,2025,,Ubiquitination; Ferroptosis; Diabetic kidney disease; Renal fibrosis; Kunkui Baoshen decoction; Basic Study,https://doi.org/10.4239/wjd.v16.i10.109568
https://pmc.ncbi.nlm.nih.gov/articles/PMC12532526/,Co-treatment Strategy Supports Neuroprotection by Intersecting p62-Keap1-NRF2 and Autophagy Signaling Pathways in the Cellular Model of Parkinson's Disease,2025,"Parkinson’s disease (PD) is a progressive neurodegenerative disorder characterized by neuronal loss, attributed largely to oxidative stress and mitochondrial dysfunction. This study explores the synergistic neuroprotective effects of resveratrol and lithium chloride co-treatment, focusing on their impact on oxidative stress and autophagy via the p62/Keap1/Nrf2 signaling pathway. We focused on the multilevel evaluation of the monotherapy and co-treatment effects on neurons in terms of cellular and molecular features in vitro, such as metabolic activity, level of reactive oxygen/nitrogen species, total antioxidant capacity, DNA damage, level of ATP, neurite outgrowth, cell cycle and proteins level involved in intracellular signaling pathways, with particular emphasis on autophagy correlated with p62 protein. Additionally, we screened 92 genes involved in steps of protein aggregation, excitotoxicity, inflammation and oxidation. Studies have shown that co-treatment has stronger properties than monotherapy. Statistical analysis was conducted using one-way ANOVA followed by Dunnett’s post hoc test. The treatment indicated strong antioxidant properties, activation of autophagy, and the correlated apoptosis pathway via p62/Keap/Nrf2/ARE. Moreover, the therapy induced neurite outgrowth and eliminated DNA damage without disturbing the cell cycle. Finally, in the HT-22 cell line, therapy activated key genes involved in cell signaling and inflammation. In contrast, in SH-SY5Y cells, therapy engaged genes related to proteolysis, cell cycle regulation, protein kinase signaling, and lipid metabolism. These findings underscore resveratrol and lithium chloride co-treatment as a promising therapeutic strategy for mitigating oxidative damage and enhancing neuroprotection in PD. Relying on natural compounds, this combination could serve as a preventive strategy for the elderly.",Antioxidants; Apoptosis; Autophagy; Neurodegenerative disease; Oxidative stress; Synergistic therapy; Original Research,https://doi.org/10.1007/s10571-025-01610-9
https://pmc.ncbi.nlm.nih.gov/articles/PMC12533176/,A new biomarker combination differentiates viral from bacterial infections and helps monitoring response to antibiotics in hospitalized children,2025,"The development of new diagnostic techniques to support the initial clinical evaluation is one of the key strategies to mitigate the inappropriate antibiotic prescription in Pediatrics. We conducted a prospective observational study to test a novel chemiluminescence assay that helps differentiating bacterial and viral infections by combining three host-response proteins (C-reactive protein, TRAIL and IP-10). We enrolled 255 children (age 1-243 months) presenting to a Pediatric Infectious Diseases Unit with fever (60%), cough (22.4%), gastrointestinal symptoms (22%), proven infection (38%). The 22.7% of patients carried at least one comorbidity. The baseline test demonstrated 51% sensitivity and 91% specificity. The diagnostic accuracy was better than traditional biomarkers (C-reactive protein, white blood cell count). Stratifying the analysis by pre-admission antibiotic treatment, naïve patients showed higher sensitivity for bacterial infection (0.70 vs. 0.15), better negative predictive value (0.60 vs. 0.45) and lower error rate (0.24 vs. 0.51). A significant score reduction was observed shortly after starting antibiotic therapy in a subgroup with microbiologically confirmed bacterial diagnosis (mean − 45.12, mean interval = 4 days). We concluded the test could improve infection management in pediatric settings, support initial therapy decision and potentially reduce unnecessary antibiotics. However, its optimal implementation requires a precise definition of the target population.",Infection; Pediatrics; Biomarkers; Differential diagnosis; Antimicrobial stewardship; Biomarkers; Paediatric research; Translational research; Article,https://doi.org/10.1038/s41598-025-20208-1
https://pmc.ncbi.nlm.nih.gov/articles/PMC12535026/,Circulating CGRP as a diagnostic biomarker in female migraine patients: a single-center case-control study,2025,,CGRP; Biomarker; Female; Migraine; Rimegepant; Research,https://doi.org/10.1186/s10194-025-02166-1
https://pmc.ncbi.nlm.nih.gov/articles/PMC12534857/,Cost-Effectiveness of Biomarker-Associated Early Pancreatic Cancer Detection in New-Onset Diabetes,2025,,Research; Original Investigation; Online Only; Gastroenterology and Hepatology,https://doi.org/10.1001/jamanetworkopen.2025.38031
https://pmc.ncbi.nlm.nih.gov/articles/PMC12535887/,"CORO1A: a pan-cancer prognosis, diagnostic and immune biomarker based on breast cancer validation",2025,,CORO1A; prognosis; tumor immunity; pan-cancer; breast cancer; Oncology,https://doi.org/10.3389/fonc.2025.1670526
https://pmc.ncbi.nlm.nih.gov/articles/PMC12534648/,Ubiquitin-specific protease 34 serves as a novel prognostic biomarker through correlating with immune responses and cell proliferation in acute myeloid leukemia,2025,,Acute myeloid leukemia; Ubiquitin-specific protease 34; Prognosis; Protein ubiquitylation; Immune microenvironment; Cell proliferation.; Research,https://doi.org/10.1007/s12672-025-03662-1
https://pmc.ncbi.nlm.nih.gov/articles/PMC12535134/,The role of NETosis in breast cancer: mechanistic insights and biomarker potential,2025,"Neutrophil extracellular trap formation (NETosis), previously described as an effector host defense mechanism, is more frequently associated with cancer-driven inflammation and tumor development. In the case of breast cancer, NETosis assists with several oncogenic processes, including epithelial-mesenchymal transition, immune evasion, organotropic metastasis, angiogenesis, and resistance to therapy. The current study summarizes the evidence of the mechanistic role of NETs in breast cancer and their potential to act as a diagnostic, prognostic, or therapeutic biomarker. Like many other promising candidates for novel prognostic or diagnostic biomarkers, citrullinated histone H3 (citH3), myeloperoxidase-DNA (MPO-DNA) complexes, and circulating cell-free DNA (cfDNA) need further validation to be functional. However, there is some evidence suggesting clinical relevance. Like many candidate therapeutic indices, several therapies are exploring targeting NETosis, including deoxyribonuclease I (DNase I) and peptidyl arginine deiminase 4 (PAD4) inhibitors, as a clinical intervention. However, methodological differences across studies and a lack of standardized detection of NETs are likely impeding future findings. Future insight into the efficiency of detection methods and consistency of experimental design will be beneficial for transferring NETosis to the clinic.",Neutrophil extracellular traps (NETs); Breast cancer; Biomarkers; Metastasis; Tumor microenvironment; Review,https://doi.org/10.1186/s13058-025-02136-0
https://pmc.ncbi.nlm.nih.gov/articles/PMC12535109/,"Lactate dehydrogenase a is a crucial biomarker that affects the prognosis, chemotherapy effect, and immune infiltration of breast cancer",2025,,Breast cancer; Lactate dehydrogenase A; Glycolysis; Biomarkers; Metabolic processes; Research,https://doi.org/10.1186/s12905-025-04039-w
https://pmc.ncbi.nlm.nih.gov/articles/PMC12536756/,Matrix Metalloproteinase-9 as a Biomarker for Diagnosis and Monitor Disease Progression in Psoriatic Arthritis,2025,,psoriatic arthritis; matrix metalloproteinases 9 (MMP-9); disease activity; biomarker; diagnosis; Original Paper,https://doi.org/10.31138/mjr.151024.mpr
https://pmc.ncbi.nlm.nih.gov/articles/PMC12534435/,Circulating enolase 1 as a diagnostic biomarker for early-stage breast cancer,2025,"Diagnosis of stage 1 breast cancer is challenging as small tumors are often left undetected by conventional imaging techniques. In addition, ~80% of detected breast masses are classified as benign, which means that a large proportion of diagnostic needle biopsies lead to unnecessary psychological stress and medical costs. We investigated circulating extracellular vesicles (EVs) as potential carriers of unique cancer-associated proteins capable of reporting on a breast cancer diagnosis. We isolated EVs from healthy (19), benign (19), and stage 1 breast cancer patient (86) plasma samples using size exclusion chromatography. Mass spectrometry identified 94 significantly changed proteins in the plasma EVs from breast cancer patients. Analysis of a subset of these proteins using a cohort of pre- and post-operative breast cancer patient plasma EVs identified enolase 1 as a promising biomarker. We further validated enolase 1 in a larger patient cohort by high-throughput ELISA of plasma. Enolase 1 was found to be significantly elevated in plasma from stage 1 breast cancer patients compared to healthy and benign individuals, and decreased in post-operative plasma upon tumor removal. Our findings suggest that an enolase 1 liquid blood biopsy could be used to support the detection of breast cancer at the earliest, most treatable, stage.",Biomarkers; Diagnostic markers; Cancer; Breast cancer; Article,https://doi.org/10.1038/s41698-025-01109-y
https://pmc.ncbi.nlm.nih.gov/articles/PMC12537212/,Predicting overall survival in patients with stage III non-small cell lung cancer undergoing perioperative chemoradiotherapy,2025,"For patients with locally advanced non-small cell lung cancer (NSCLC) who have undergone potentially curative surgery, adjuvant chemoradiotherapy clearly provides a survival benefit, whereas the role of neoadjuvant chemoradiotherapy remains controversial. This study aimed to develop and validate a prognostic nomogram for patients with stage III NSCLC receiving perioperative chemoradiotherapy. We included patients diagnosed with stage III NSCLC who underwent perioperative chemoradiotherapy and employed variables from multivariable Cox regression models to construct a nomogram predicting overall survival (OS) at 12, 36, and 60 months. To assess the accuracy and predictive performance of the nomogram, we utilized the concordance index (C-index) and calibration curves with smooth curve fitting, and decision curve analysis (DCA) was applied to evaluate clinical utility. A total of 8148 patients met the inclusion criteria, of which 5703 were randomly assigned to the training cohort and 2445 to the validation cohort. Nine variables were identified as significant through multivariable Cox proportional hazards regression. The areas under the curve (AUC) for the training cohort at 12, 36, and 60 months were 0.626, 0.614, and 0.615, respectively, while the validation cohort showed AUCs of 0.619, 0.61, and 0.6. Calibration plots indicated that the predicted survival rates at 12, 36, and 60 months were generally consistent across both cohorts. DCA further demonstrated that the nomogram could effectively evaluate patient treatment benefits and has clinical applicability. Overall, we developed a nomogram to provide individualized survival predictions for stage III NSCLC patients undergoing perioperative chemoradiotherapy.",chemoradiotherapy; nomogram; perioperative; stage III non-small cell lung cancer; 5700; Research Article; Observational Study,https://doi.org/10.1097/MD.0000000000045144
https://pmc.ncbi.nlm.nih.gov/articles/PMC12537267/,The impact of SULT1E1-mediated sleep characteristics on lung cancer risk: A mediation Mendelian randomization analysis study,2025,"The interplay between sleep characteristics, estrogen sulfotransferase (SULT1E1), and lung cancer may involve complex interactions. While prior research has predominantly examined the association of SULT1E1 with breast cancer and the individual effects of sleep characteristics on lung cancer, the potential multifaceted interactions among these 3 factors remain underexplored. This study employed a two-sample univariable Mendelian randomization framework to systematically examine potential causal associations between 8 distinct sleep-related traits and lung cancer, encompassing its various histological subtypes. Mediation Mendelian randomization (MR) analysis was implemented to assess the putative mediating role of SULT1E1 in these associations. Methodological rigor was ensured through the application of multiple complementary MR approaches. Comprehensive evaluation of heterogeneity and horizontal pleiotropy was conducted utilizing the MR-Egger regression intercept test, Cochran <italic toggle=""yes"">Q</italic> statistic, and leave-one-out sensitivity analysis. Furthermore, the Mendelian Randomization Pleiotropy RESidual Sum and Outlier was systematically applied to identify and adjust for potential horizontal pleiotropic effects. Moreover, we employed the false discovery rate method to correct for multiple hypothesis testing and control the risk of false-positive results. Mediation MR analysis, revealed a causal association between sleep duration and a reduced risk of squamous cell lung cancer (SCC), with 9.3% of the effect mediated by SULT1E1. Dozing off during the day was causally associated with a reduced risk of lung cancer and non-small cell lung cancer. Lack of sleep was causally associated with a reduced risk of small cell lung cancer. A causal association was observed between reduced sleep duration and an elevated risk of SCC. Mediation analysis demonstrated that SULT1E1 mediated 9.3% of the total effect of reduced sleep duration on SCC development.",lung cancer; MR analysis; sleep characteristics; sleep duration; SULT1E1; 5700; Research Article; Observational Study,https://doi.org/10.1097/MD.0000000000045167
https://pmc.ncbi.nlm.nih.gov/articles/PMC12537178/,Prevalence of uncommon side effects of 5-fluorouracil and capecitabine in Saudi patients with cancer: A cross-sectional observational study,2025,"5-Fluorouracil (5-FU) and its prodrug, capecitabine, are widely used in chemotherapy for various cancers, including colorectal, breast, and gastrointestinal malignancies. While their common toxicities are well documented, uncommon, and severe side effects, such as cardiotoxicity, neurotoxicity, and hyperammonemia-related encephalopathy, remain poorly understood, particularly in certain populations. This study aimed to investigate the prevalence and severity of these rare adverse effects in patients with cancer in Saudi Arabia. This cross-sectional observational study was conducted at King Saud University Medical City over a 2-year period and enrolled 272 patients who received 5-FU or capecitabine. Collected data included demographics, cancer type, treatment regimen, and reported adverse effects. Statistical analyses assessed the frequency, severity, and risk factors associated with uncommon toxicities. A total of 39.7% of patients experienced side effects, with neurological symptoms (39.6%) being the most common, followed by ocular (12.6%) and cardiac (11.8%) toxicities. Most adverse effects occurred during the initial chemotherapy cycles. Factors such as sex, body mass index, and cancer stage influenced toxicity risk, with capecitabine showing a stronger association with side effects than 5-FU. These findings emphasize the need for population-specific studies to improve early detection and management of rare toxicities related to 5-FU and capecitabine. Understanding the genetic and environmental contributors to adverse reactions could enhance treatment safety and efficacy in Saudi patients with cancer. Although dihydropyrimidine dehydrogenase deficiency is a recognized risk factor for severe 5-FU toxicity, routine dihydropyrimidine dehydrogenase genetic testing was not conducted in this cohort. This limitation underscores the need for further research in this area, particularly among Saudi patients.",capecitabine/adverse effects; colorectal neoplasms/drug therapy; cross-sectional studies; drug-related; fluorouracil/adverse effects; neoplasms/drug therapy; prevalence; Saudi Arabia/epidemiology; side effects and adverse reactions/epidemiology; 5700; Research Article; Observational Study,https://doi.org/10.1097/MD.0000000000045352
https://pmc.ncbi.nlm.nih.gov/articles/PMC12537036/,Sacubitril/Valsartan and Prevention of Cardiac Dysfunction During Adjuvant Breast Cancer Therapy: The PRADA II Randomized Clinical Trial,2025,,anthracyclines; breast cancer; cardiotoxicity; global longitudinal strain; magnetic resonance imaging; troponin; ventricular ejection fraction; 10196; 10197; Original Research Articles,https://doi.org/10.1161/CIRCULATIONAHA.125.076616
https://pmc.ncbi.nlm.nih.gov/articles/PMC12537258/,Dynamic alterations in plasma adiponectin levels after surgery as a prognostic factor for gastric cancer: A prospective cohort study,2025,"Gastric cancer (GC) ranks among the most commonly diagnosed cancers globally. Adiponectin (APN) has been shown to have varying associations with malignancies. Although its inhibitory effect on tumor growth, its specific role in GC remains controversial. This study aimed to clarify the prognostic value of dynamic APN levels in GC patients and its association with clinical and pathological features. A prospective cohort study was conducted on 68 newly diagnosed GC patients. Plasma APN levels were measured preoperatively and postoperatively at 4 time points (preoperative and postoperative on day 1, day 7, and day 30). Statistical analysis was performed using SPSS version 26.0. APN levels dropped markedly on day 1 postoperative (<italic toggle=""yes"">P</italic> = .002), gradually recovered by day 7, and approached preoperative levels by day 30. Body mass index was significantly lower in the high preoperative adiponectin concentration in plasma group compared to the low preoperative adiponectin concentration in plasma group (<italic toggle=""yes"">P</italic> = .001), while differences in age and gender were not statistically significant (<italic toggle=""yes"">P</italic> > .05). In the multivariate Cox regression analysis, both tumor size (<italic toggle=""yes"">P</italic> = .001) and CA72.4 levels (<italic toggle=""yes"">P</italic> = .003) emerged as significant predictors of postoperative mortality in GC patients. Importantly, elevated APN levels on postoperative day 1 demonstrated a statistically significant association with reduced overall survival (<italic toggle=""yes"">P</italic> = .005; Exp(<italic toggle=""yes"">B</italic>) = 1.208). The study demonstrated that APN levels fluctuate dynamically over time and carry significant prognostic value in GC. Further research is needed to validate its clinical impact.",adiponectin; CA72.4; gastric cancer; overall survival; prognostic factor; tumor size; 4500; Research Article; Observational Study,https://doi.org/10.1097/MD.0000000000045386
https://pmc.ncbi.nlm.nih.gov/articles/PMC12537180/,Association of anemia with cardiovascular and cancer mortality among stroke survivors: A cohort study (NHANES 1999–2018),2025,"A substantial proportion of stroke survivors have comorbid anemia, which has been associated with poor stroke outcomes. While previous studies have linked anemia to increased all-cause mortality among stroke survivors, limited research has focused on its association with cause-specific mortality. This study investigates the relationship between anemia and cause-specific mortality in stroke survivors. A total of 1561 stroke survivors were included from the NHANES 1999 to 2018 database. Restricted cubic spline (RCS) analysis was used to examine the association between hemoglobin (HGB) levels and all-cause mortality. Propensity score matching was performed at a 1:2 ratio to balance baseline characteristics. The relationships between anemia and cardiovascular, cancer-related, and other-cause mortality were assessed using competing risks models and cumulative incidence function (CIF) curves. RCS analysis revealed an L-shaped association between HGB and all-cause mortality, with a sharp increase in mortality risk below approximately 14 g/dL. In the competing risks model, anemia was significantly associated with an increased risk of cardiovascular mortality (subdistribution hazard ratio [sHR], 1.40; 95% CI: 1.02–1.90; <italic toggle=""yes"">P</italic> = .03), but was not significantly associated with cancer or other-cause mortality. CIF curves showed that the difference in cardiovascular mortality risk between anemic and non-anemic groups was more pronounced before 150 months of follow-up, with the difference narrowing after 200 months. Anemia is associated with an increased risk of cardiovascular mortality among stroke survivors.",anemia; cause-specific mortality; competing risks model; NHANES; propensity score matching; stroke survivors; 3400; Research Article; Observational Study,https://doi.org/10.1097/MD.0000000000045250
https://pmc.ncbi.nlm.nih.gov/articles/PMC12537228/,Identification of key genes related to bone metastasis of breast cancer using bioinformatics methods and construction of a prognostic model,2025,"Breast cancer (BC) ranks among the most prevalent cancers in females, with bone metastasis significantly compromising patients’ quality of life and survival rates. Enhancing our comprehension of BC bone metastasis mechanisms at the molecular level holds promise for improving BC treatment and prognosis. Leveraging bioinformatics tools, we integrated multiple datasets, conducted comprehensive analyses across various databases, identified biomarkers associated with BC bone metastasis, and constructed a prognostic model. Firstly, 3 BC bone metastasis-related datasets were downloaded from gene expression omnibus, the data were merged, and batch effects were removed, followed by identification of differentially expressed genes (DEGs). Gene ontology and Kyoto Encyclopedia of Genes and Genomes (KEGG) pathway enrichment analyses were performed on the DEGs. A protein–protein interaction network was constructed using the STRING database to screen hub genes. Then, survival analysis of hub genes was performed using the Cancer Genome Atlas (TCGA) database. A prognostic model was constructed using key genes with survival differences, and the model was evaluated. Two hundred ninety-two DEGs were identified. Gene ontology and KEGG pathway enrichment analysis yielded 769 biological processes (BPs), 78 cellular components, 43 molecular functions, and 50 KEGG pathways. Fifteen hub genes were selected from the protein–protein interaction network. Survival analysis revealed 6 genes related to BC survival. The prognostic model identified 4 genes with important predictive value for BC prognosis. Our study utilized bioinformatics analysis to identify a series of DEGs related to BC bone metastasis. Based on further selection of hub genes, we constructed a relatively ideal prognostic model for BC, and identified 4 genes (DLGAP5, TPX2, PLK1, and CENPN) with valuable predictive value for BC prognosis.",bioinformatics; breast cancer bone metastasis; differential analysis; GO and KEGG pathway enrichment analysis; PPI network; prognostic model; survival analysis; 5750; Research Article; Observational Study,https://doi.org/10.1097/MD.0000000000045273
https://pmc.ncbi.nlm.nih.gov/articles/PMC12536778/,The modified-Gustave Roussy immune score: assessing immune prognosis in advanced gastric cancer patients at baseline,2025,,Immunotherapy; immune checkpoint inhibitors; advanced gastric cancer; the modified -Gustave Roussy immune score; prognosis; Research Article; Research Article,https://doi.org/10.1080/14796694.2025.2564062
https://pmc.ncbi.nlm.nih.gov/articles/PMC12507609/,Thymidine kinase 1 related to Prolif-like T cells promoted GBM through regulation of cell cycle and EMT signals: a comprehensive research based on multi-omics analysis and experimental validation,2025,,glioblastoma; thymidine kinase 1; Prolif-like T cell; scRNA-seq; stRNA-seq; Immunology,https://doi.org/10.3389/fimmu.2025.1655980
https://pmc.ncbi.nlm.nih.gov/articles/PMC12524773/,"Lychee Seed Extract Targets Proliferation, Differentiation, and Cell Cycle Proteins to Suppress Human Colorectal Tumor Growth in Xenograft Models",2025,"Colorectal cancer (CRC) remains a leading global health challenge, and natural products are increasingly explored for their multi-targeted therapeutic potential. <italic toggle=""yes"">Litchi chinensis</italic> seed extract (LCSE) has shown promising anti-cancer activity in vitro, though its in vivo effects remain underexplored. LCSE was analyzed by colorimetric assays and HPLC to quantify the phytochemical composition. Nude mice bearing HT-29 or SW480 xenografts were orally administered LCSE (0.1 or 0.6 g/kg) daily for 14 days. Tumor volume was measured, and immunohistochemistry was used to assess EGFR, p21, p53, Ki-67, CEA, CK20, CDX2, and Bax expression. Phytochemical profiling demonstrated LCSE contains abundant phenolics and flavonoids, with gallic acid as a predominant constituent, underscoring the potential bioactive properties. LCSE significantly inhibited tumor growth in HT-29 xenografts and dose-dependently reduced EGFR, p21, p53, cell cycle proteins and proliferation/differentiation markers. In SW480 tumors, inhibitory effects were evident primarily at the higher dose, with limited reduction in p53 expression. Bax levels remained unchanged in both models, indicating a non-apoptotic mechanism. No systemic toxicity was observed in treated mice. LCSE exhibits dose-dependent anti-tumor activity in CRC xenografts, likely mediated through suppression of proliferation and modulation of key regulatory proteins rather than apoptosis. These findings support LCSE as a safe, multi-target botanical candidate for CRC intervention and justify further mechanistic and translational studies.",colorectal cancer; lychee seed extract; EGFR; p21; p53; Ki-67; xenograft model; chemoprevention; Article,https://doi.org/10.3390/ijms26199786
https://pmc.ncbi.nlm.nih.gov/articles/PMC12536385/,[Corrigendum] UBE2T silencing suppresses proliferation and induces cell cycle arrest and apoptosis in bladder cancer cells,2025,,Corrigendum,https://doi.org/10.3892/ol.2025.15326
https://pmc.ncbi.nlm.nih.gov/articles/PMC12507023/,Dual targeting of conserved cell cycle and transcription programs in advanced colorectal cancer by fadraciclib,2025,,patient-derived organoids; Fadraciclib; colorectal cancer; cyclin dependent kinases; Exploring Eco-Evo Applications In Cancer; AcademicSubjects/MED00860; AcademicSubjects/SCI01130,https://doi.org/10.1093/emph/eoaf021
https://pmc.ncbi.nlm.nih.gov/articles/PMC12524616/,The SGLT2 Inhibitor Dapagliflozin Disrupts the Cell Cycle at High Concentrations Without Altering Glycosphingolipid (De Novo)Biosynthesis,2025,"Modern computational screening methods are valuable tools for repurposing approved drugs for novel therapeutic applications. They provide initial insights into alternative uses and may significantly shorten the lengthy process of drug development and regulatory approval. Treatment options for glycosphingolipidoses, lysosomal storage diseases involving glycosphingolipids (GSLs), are currently limited to a few drugs that inhibit de novo GSL biosynthesis, such as eliglustat and miglustat (Zavesca<sup>®</sup>). In the search for alternative drugs, dapagliflozin emerged as a promising candidate for off-target therapy. In the present study, we investigated whether dapagliflozin can indeed inhibit GSL synthesis, as predicted by previous computational analyses, and compared its effects with those of the glycosphingolipid synthesis inhibitor, the eliglustat analog Genz-123346, in murine 3T3 and Hepa 1-6 cell lines. While Genz-123346 significantly inhibited glycosphingolipid biosynthesis at concentrations as low as 1 µM, dapagliflozin, even up to 50 µM, had no effect on biosynthesis or de novo biosynthesis in either cell line. These results indicate that dapagliflozin, although assessing effects on the cell cycle, including proliferation at high concentrations, is not a suitable candidate for treating glycosphingolipid storage diseases by substrate reduction.",glucosylceramide synthase (GCS); glycosphingolipids; dapagliflozin; miglustat; eliglustat; Genz-123346; GCS-inhibitors; Communication,https://doi.org/10.3390/ijms26199811
https://pmc.ncbi.nlm.nih.gov/articles/PMC12528906/,The roles of cell cycle proteins in regulating the tumor immune microenvironment,2025,"Recent studies have shown that in addition to regulating the growth of tumor cells, cell cycle proteins can also regulate immune cells and factors in the tumor immune microenvironment (TIME), thus playing a role in regulating tumor immunity. This review summarizes the relevant mechanisms of cell cycle regulatory proteins in TIME regulation. The development of effective drugs against relevant therapeutic targets may be a hot research topic for the next generation of antitumor immunotherapy.",Cell cycle proteins; Mechanisms; Negative; Positive; Tumor immune microenvironment; Review Article,https://doi.org/10.1016/j.gendis.2025.101706
https://pmc.ncbi.nlm.nih.gov/articles/PMC12531213/,"Exploring chamazulene as a novel therapeutic agent for breast cancer <italic toggle=""yes"">in silico</italic> and <italic toggle=""yes"">in vitro</italic>: apoptosis induction, cell cycle regulation, and antimetastatic effects",2025,,"breast cancer; chamazulene; apoptosis; cell cycle arrest; migration; network pharmacology; <italic toggle=""yes"">in silico/in vitro</italic> integration; Pharmacology",https://doi.org/10.3389/fphar.2025.1680615
https://pmc.ncbi.nlm.nih.gov/articles/PMC12511400/,"Acrylamide-mediated errors in the cell cycle regulation are associated with altered TORC2 signaling in <italic toggle=""yes"">Schizosaccharomyces pombe</italic>",2025,"Acrylamide (AA) poses a significant risk to living organisms as it is linked to serious health concerns. AA exposure triggers oxidative stress in cells through elevated ROS and modulation of antioxidant enzymes activities and expression of genes encoding antioxidant enzymes. AA-induced cell proliferation defects are linked to affected cell cycle regulation demonstrated by changes in the expression of genes encoding the major cell cycle regulators <italic toggle=""yes"">cdc2</italic>, <italic toggle=""yes"">cdc13</italic>, and <italic toggle=""yes"">cdc25</italic>, Additionally, cell division defects can be linked to changes in the expression of <italic toggle=""yes"">ark1</italic> and <italic toggle=""yes"">cdc15</italic>, and AA-induced errors in chromosome segregation. The stress response involves signaling pathways like MAPKs (Mitogen-activated protein kinases) or the target of rapamycin (TOR) constituting two complexes TORC 1 and 2. As TORC2 manages the cell response to various stresses, its involvement in AA-mediated stress has been demonstrated by changes in the expression of <italic toggle=""yes"">tor1</italic>,<italic toggle=""yes""> wat1</italic>,<italic toggle=""yes""> ste20</italic>,<italic toggle=""yes""> sin1</italic>,<italic toggle=""yes""> bit61</italic> encoding TORC2 members, and <italic toggle=""yes"">gad8</italic> encoding a direct Tor1substrate, Gad8. To our surprise, AA has not affected the expression of <italic toggle=""yes"">sty1</italic>, which encodes the major stress-regulating kinase of the MAPK pathway in <italic toggle=""yes"">S. pombe</italic>. In the presented study we demonstrate, for the first time, that exposure to AA disrupts cellular homeostasis by altering TORC2 signaling and cell cycle regulation ultimately leading to carcinogenesis.","<italic toggle=""yes"">Schizosaccharomyces pombe</italic>; Acrylamide; ROS; TORC2; Cell cycle; Carcinogenesis; Gene expression analysis; Biological techniques; Molecular biology; Biochemistry; Metabolomics; Cell biology; Cell division; Cell growth; Cell signalling; Article",https://doi.org/10.1038/s41598-025-19367-y
https://pmc.ncbi.nlm.nih.gov/articles/PMC12533257/,Activation of a FOXO3-induced cell cycle arrest regulates ferroptosis,2025,"FOXO transcription factors act downstream of PI3K signaling, and FOXO transcriptional activity is inhibited through nuclear exclusion by PKB/AKT-mediated phosphorylation. Many studies have shown FOXO to contribute to organismal homeostasis by mitigating (extra)cellular stress to prevent cell death (reviewed in [1]). Here we show that FOXO3 activation protects cells from ferroptosis, an iron-dependent form of non-apoptotic cell death. In untransformed hTERT-RPE-1 cells, FOXO3 activation reduces ferroptosis in a multilayered manner. First, FOXO3 mediates protection from ferroptosis in part through a p27-induced G1 cell cycle arrest. Second, FOXO3 activation reduces cellular H<sub>2</sub>O<sub>2</sub> levels, thereby limiting substrate availability for the Fenton reaction, which fuels hydroxyl radical formation for lipid peroxidation. Third, FOXO3 activation lowers cellular iron content by reducing TFR1 expression, which, combined with the lowering of cellular H<sub>2</sub>O<sub>2</sub> levels, likely further reduces the formation of hydroxyl radicals through the Fenton reaction. Finally, FOXO3 activation reduces expression of long-chain-fatty-acid—CoA ligase 4 (ACSL4) and Peroxisomal targeting signal 1 receptor (PEX5), proteins involved in lipid metabolism and protection against ferroptosis. Taken together, we show that FOXO3 activation results in protection from ferroptosis, adding to the repertoire of FOXO-controlled cell protection programs.",Cell death; Transcription; Stress signalling; Article,https://doi.org/10.1038/s41420-025-02760-x
https://pmc.ncbi.nlm.nih.gov/articles/PMC12525970/,Cell Cycle Plasticity and Heterogeneity: An Underappreciated Feature of Cancer and Treatment Response,2025,"Progression through the mammalian cell cycle is a highly regulated process to maintain tissue homeostasis. The key regulators of cell cycle transitions are cyclin-dependent kinase (CDK)/Cyclin complexes that phosphorylate substrates such as the RB tumor suppressor to facilitate cellular division. The regulation of G1/S is of particular significance in cancer and is affected by numerous tumor suppressors and oncogenes. Historically, the cell cycle was viewed as a rigidly regulated process, but recent evidence has revealed significant flexibility and differential CDK/Cyclin dependencies across tumor types. These heterogeneous features of cell cycle control have implications for the etiology of different tumor types as well as the response to multiple therapeutic modalities. Most notably, adaptive responses in cell cycle regulatory circuits can contribute to acquired resistance in a variety of contexts, underscoring the importance for tumor biology and disease treatment.",Cell cycle; cancer; plasticity; cyclin; CDK; CDK inhibitor; palbociclib; Article,https://doi.org/10.47248/chp2502030015
https://pmc.ncbi.nlm.nih.gov/articles/PMC12516130/,Charcot–Marie–Tooth type 2A variants of mitofusin 2 sensitize cells to apoptotic cell death,2025,"The neuropathy Charcot–Marie–Tooth (CMT) is an incurable disease with a lack of genotype–phenotype correlation. Variants of the mitochondrial protein mitofusin 2 (MFN2), a large GTPase that mediates mitochondrial fusion, are responsible for the subtype CMT type 2A (CMT2A). Interestingly, beyond membrane remodelling, additional roles of MFN2 have been identified, expanding the possibilities to explore its involvement in disease. Here, we investigated how cellular functions of MFN2 are associated with variants present in individuals with CMT2A. Using human cellular models, we observed that cells expressing CMT2A variants display increased endoplasmic reticulum (ER) stress and apoptotic cell death. Increased cleavage of PARP1, caspase 9, caspase 7 and caspase 3, alongside BAX translocation to mitochondria, pointed towards effects on intrinsic apoptosis. Moreover, although disruption of fusion and fission dynamics per se did not correlate with cell death markers, expression of MFN1 or MFN2 alleviated the apoptosis markers of CMT2A variant cell lines. In sum, our results highlight excessive cell death by intrinsic apoptosis as a potential target in CMT2A disease.",Charcot–Marie–Tooth; CMT2A; MFN2; Apoptosis; Cell death; Mitochondria; Fusion; Research Article,https://doi.org/10.1242/jcs.263691
https://pmc.ncbi.nlm.nih.gov/articles/PMC12517281/,Characterizing programmed cell death features in osteoarthritis through integrative multiomics and machine learning analysis,2025,,Programmed cell death; Osteoarthritis; Machine learning; Immunoinfiltration; Bioinformatics; Cell Biology; Orthopedics,https://doi.org/10.7717/peerj.20104
https://pmc.ncbi.nlm.nih.gov/articles/PMC12518071/,Association between the expression status of programmed cell death ligand 1 and the efficacy of pan-cancer neoadjuvant immune checkpoint blockade,2025,,cancer; immunotherapy; PD-L1; neoadjuvant therapy; pathologic completeresponse; event-free survival; Immunology,https://doi.org/10.3389/fimmu.2025.1617905
https://pmc.ncbi.nlm.nih.gov/articles/PMC12532812/,Targeting tumor intrinsic TAK1 engages TNF-α-driven cell death through distinct mechanisms and enhances cancer immunotherapy,2025,"Despite the success of immune checkpoint inhibitors in cancer, many patients do not respond or relapse following treatment. Therefore, new approaches to augment existing immunotherapies are needed. CRISPR screens have revealed the importance of TNF-α signal transduction mediators, such as TAK1, in facilitating tumor susceptibility to cytotoxic T cells. Here, we demonstrate that inhibition of TAK1 in tumor cells lowers the threshold for TNF-α-induced cytotoxicity. Upon TNF-α signaling, pharmacologic inhibition of TAK1 sensitized tumor cells to RIPK1-dependent apoptosis. However, RIPK1-independent apoptosis occurred upon genetic deletion of <italic toggle=""yes"">Tak1</italic>, suggesting a novel scaffolding function of TAK1 is required to induce RIPK1 kinase activity during cell death. Deleting <italic toggle=""yes"">Tak1</italic> impaired in vivo tumor growth, enhanced α-PD-1 immunotherapy, and lead to durable anti-tumor memory, dependent on CD8 T cells and intact TNF-α signaling. Our results collectively demonstrate that compromising TAK1 function within tumor cells leverages the cytotoxic capacity of TNF to enhance anti-tumor immunity and generate deeper and more durable anti-tumor immune responses in preclinical models of cancer.",Targeted therapies; Cell death and immune response; Article,https://doi.org/10.1038/s41419-025-08013-0
https://pmc.ncbi.nlm.nih.gov/articles/PMC12512067/,"Programmed cell death‐1 inhibition activates <styled-content style=""fixed-case"" toggle=""no"">CD4</styled-content> T cells in a novel in vitro model of Hodgkin lymphoma",2025,,CD4 T cells; Hodgkin lymphoma; immune checkpoint blockade; nivolumab; PD‐1; Research Letter; Research Letter,https://doi.org/10.1111/bjh.70089
https://pmc.ncbi.nlm.nih.gov/articles/PMC12527760/,Cell death-inducing DFF45-like effector C intervenes the progression of nonsmall-cell lung cancer via modulating lipid metabolism,2025,,apoptosis; cell death-inducing DFF45-like; lipid; non-small cell lung cancer; Experimental Research,https://doi.org/10.1097/JS9.0000000000002796
https://pmc.ncbi.nlm.nih.gov/articles/PMC12527936/,MAPL regulates gasdermin-mediated release of mtDNA from lysosomes to drive pyroptotic cell death,2025,"Mitochondrial control of cell death is of central importance to disease mechanisms from cancer to neurodegeneration. Mitochondrial anchored protein ligase (MAPL) is an outer mitochondrial membrane small ubiquitin-like modifier ligase that is a key determinant of cell survival, yet how MAPL controls the fate of this process remains unclear. Combining genome-wide functional genetic screening and cell biological approaches, we found that MAPL induces pyroptosis through an inflammatory pathway involving mitochondria and lysosomes. MAPL overexpression promotes mitochondrial DNA trafficking in mitochondrial-derived vesicles to lysosomes, which are permeabilized in a process requiring gasdermin pores. This triggers the release of mtDNA into the cytosol, activating the DNA sensor cGAS, required for cell death. Additionally, multiple Parkinson’s disease-related genes, including <italic toggle=""yes"">VPS35</italic> and <italic toggle=""yes"">LRRK2</italic>, also regulate MAPL-induced pyroptosis. Notably, depletion of MAPL, <italic toggle=""yes"">LRRK2</italic> or <italic toggle=""yes"">VPS35</italic> inhibited inflammatory cell death in primary macrophages, placing MAPL and the mitochondria–lysosome pathway at the nexus of immune signalling and cell death.",Cell death; Lysosomes; Mitochondria; Cell death and immune response; Inflammation; Article,https://doi.org/10.1038/s41556-025-01774-y
https://pmc.ncbi.nlm.nih.gov/articles/PMC12528690/,The formation of the ‘footprint of death’ as a mechanism for generating large substrate-bound extracellular vesicles that mark the site of cell death,2025,"Apoptotic cells communicate to phagocytic cells through releasing soluble factors and apoptotic cell-derived extracellular vesicles. However, whether there are additional factors that remain attached at the site of cell death to signal to phagocytic cells is currently unknown. Here we show that apoptotic cell retraction generates a membrane-encased, F-actin-rich ‘footprint’ tightly anchored to the substrate that marks the site of cell death, coined ‘the FOotprint Of Death’ or FOOD. Formation of FOOD is observed frequently across many different cell types, apoptotic stimuli and surface composition. Mechanistically, FOOD formation is regulated by the protein kinase ROCK1. 3D time-lapse microscopy studies revealed that FOOD vesicularises into distinct large extracellular vesicles. These extracellular vesicles expose the ‘eat-me’ signal phosphatidylserine and can function to ‘flag’ the site of cell death to neighbouring phagocytes for efferocytosis. Under a viral infection setting, FOOD can harbour viral proteins and virions, and propagate infection to healthy cells. Together, this study has revealed another route of apoptotic cell-phagocyte communication.",Apoptosis; Cellular imaging; Membrane trafficking; Article,https://doi.org/10.1038/s41467-025-64206-3
https://pmc.ncbi.nlm.nih.gov/articles/PMC12523004/,"The multiplex crosstalk between non-coding RNAs, programmed cell death and related mechanisms: a dynamic duo in hematological malignancies",2025,"Hematological malignancies, including leukemia, lymphoma, and multiple myeloma (MM), are cancers originating in the hematopoietic system, characterized by diverse pathogenesis and clinical features. Non-coding RNAs (ncRNAs) such as microRNAs (miRNAs) and long non-coding RNAs, play critical roles in regulating gene expression and influencing cell fate. Accumulating evidence indicates that ncRNAs are key modulators of programmed cell death (PCD) pathways, affecting tumor development, progression, and drug resistance in these malignancies. PCD, a precisely programmed and regulated cell death process, is vital for maintaining tissue homeostasis and preventing the proliferation of dangerous cells. NcRNAs are implicated in the primary mechanisms underlying the development of drug resistance. The evasion of PCD is a hallmark of cancer, and ncRNAs can significantly impact these pathways, with dysregulation observed across leukemia, lymphoma, and myeloma, influencing PCD pathways and clinical outcomes. Understanding the ncRNA-PCD interplay is crucial for developing novel therapeutic strategies and improving patient outcomes. This review explores the functions, regulatory mechanisms, and potential applications of ncRNAs in modulating PCD in hematological malignancies, particularly leukemias, providing insights for future anti-tumor therapies.",Hematologic neoplasms; Leukemias; Non-coding RNAs; Programmed cell death; Apoptosis; Review,https://doi.org/10.1186/s12935-025-03999-1
https://pmc.ncbi.nlm.nih.gov/articles/PMC12533538/,Unraveling the role of regulatory cell death in sepsis: an integrated analysis of bulk and single-cell sequencing data,2025,,Sepsis; Regulatory cell death; Machine learning; scRNA; CLP; Bioinformatics; Genomics; Immunology; Infectious Diseases; Translational Medicine,https://doi.org/10.7717/peerj.20167
https://pmc.ncbi.nlm.nih.gov/articles/PMC12525360/,"Heterogeneity of Cellular Senescence, Senotyping, and Targeting by Senolytics and Senomorphics in Lung Diseases",2025,"Cellular senescence, a state of stable cell cycle arrest accompanied by a complex senescence-associated secretory phenotype (SASP), is a fundamental biological process implicated as a key driver of lung aging and lung age-related diseases (LARDs). This review provides a comprehensive overview of the rapidly evolving field of senotyping based on cellular heterogeneity in lung development and aging in health and disease. It also delves into the molecular mechanisms driving senescence and SASP production, highlighting pathways such as p53/p21, p16<sup>INK4a</sup>/RB, mTOR, and p38 MAPK as therapeutic targets. The involvement of various novel SASP proteins, such as GDP15, cytokines/chemokines, growth factors, and DNA damage response proteins. We further highlight the effectiveness of senotherapeutics in mitigating the detrimental effects of senescent cell (SnC) accumulation within the lungs. It also outlines two main therapeutic approaches: senolytics, which selectively trigger apoptosis in SnCs, and senomorphics (also known as senostatics), which mitigate the detrimental effects of the SASP without necessarily removing the senescent cells. Various classes of senolytic and senomorphic drugs are currently in clinical trials including natural products (e.g., quercetin, fisetin, resveratrol) and repurposed drugs (e.g., dasatinib, navitoclax, metformin, rapamycin) that has demonstrated therapeutic promise in improving tissue function, alleviating LARDs, and extending health span. We discuss the future of these strategies in lung research and further elaborate upon the usability of novel approaches including HSP90 inhibitors, senolytic CAR-T cells, Antibody drug conjugate and galactose-modified prodrugs in influencing the field of personalized medicine in future. Overall, this comprehensive review highlights the progress made so far and the challenges faced in the field of cellular senescence including SnC heterogeneity, states of senescence, senotyping, immunosenescence, drug delivery, target specificity, long-term safety, and the need for robust cell-based biomarkers. Future perspectives, such as advanced delivery systems, and combination therapies, are considered critical for translating the potential of senotherapeutics into effective clinical applications for age-related pulmonary diseases/conditions.",cellular senescence; senolytics; senomorphics; aging; age related diseases; senotherapeutics; cellular heterogeneity; Review,https://doi.org/10.3390/ijms26199687
https://pmc.ncbi.nlm.nih.gov/articles/PMC12514264/,Gene expression composite scores of cellular senescence predict aging health outcomes in the Health and Retirement Study,2025,"Cellular senescence, a hallmark of aging, can be quantified by the gene expression composite scores for the canonical senescence pathway (CSP), senescence initiating pathway (SIP), senescence response pathway (SRP), a summary of the three, and the SenMayo gene list; however, these have not been probed in representative populations. Using RNA sequencing data from the U.S. representative Health and Retirement Study (HRS) sample (N = 3580), we examine how these composite scores relate to sociobehavioral factors and aging-related outcomes. Senescence scores generally increase with age except for CSP. Higher scores are observed in women and individuals with class II obesity. All scores, except for CSP, are associated with accelerated epigenetic aging, physiological dysregulation, multimorbidity, cognitive decline, and 6-year mortality (all p < 0.05). These associations largely persist after adjustment for DunedinPACE. Our findings suggest that cellular senescence gene expression composite scores capture meaningful variation in aging-related health and complement existing epigenetic aging biomarkers.",Predictive markers; Risk factors; Outcomes research; Senescence; Article,https://doi.org/10.1038/s41467-025-64835-8
https://pmc.ncbi.nlm.nih.gov/articles/PMC12512756/,The impacts of chronic infections on shaping cellular senescence,2025,"Cellular senescence is a fundamental biological process characterized by stable cell cycle arrest, genomic instability, and the acquisition of a proinflammatory secretory phenotype. While senescence is traditionally associated with aging, growing evidence reveals that chronic infections such as viral, bacterial, and protozoan parasites can serve as powerful inducers of senescence, contributing to premature aging and long-term tissue damage. This review explores the diverse mechanisms by which persistent pathogens trigger or sustain senescence in host cells. We highlight how these chronic infections manipulate host DNA repair, mitochondrial dynamics, telomere maintenance, oxidative stress, and immune function to promote senescence and immunosenescence. Emerging findings also reveal how pathogens hijack the host cellular machinery to induce senescence across various tissue types. In many cases, senescence not only enables pathogen persistence but also drives pathological outcomes such as fibrosis, neurodegeneration, cardiomyopathy, and immune exhaustion. Collectively, this emerging evidence highlights a unifying strategy among diverse pathogens: the exploitation of cellular senescence to support chronic infection and promote disease. Understanding how infectious agents drive senescence offers new insights into age-related pathologies and highlights potential therapeutic targets, such as senolytic and senomorphic agents, to mitigate the long-term impacts of chronic infections.",Senescence; Chronic infection; Viral infection; Bacterial infection; Protozoan parasites; Review,https://doi.org/10.1186/s12979-025-00533-9
https://pmc.ncbi.nlm.nih.gov/articles/PMC12488402/,Identification of prognostic and cellular senescence gene E2F1 of papillary thyroid carcinoma through bioinformatics analyses and experimental verification,2025,,cell senescence; thyroid cancer; E2F1; prognosis; immunotherapy; Genetics,https://doi.org/10.3389/fgene.2025.1605385
https://pmc.ncbi.nlm.nih.gov/articles/PMC12507758/,Current aspects of targeting cellular senescence for the therapy of neurodegenerative diseases,2025,,cellular senescence; senolytic drugs; neurodegenerative diseases; aging; DNA damage; Aging Neuroscience,https://doi.org/10.3389/fnagi.2025.1627921
https://pmc.ncbi.nlm.nih.gov/articles/PMC12536955/,"Transforming through democracy, human rights, and sustainable development at the 5th National Conference on Workers’ Health",2025,,Opinion Article,https://doi.org/10.1590/S2237-96222025v34e20250669.en
https://pmc.ncbi.nlm.nih.gov/articles/PMC12535562/,Running session-conditioned human serum lowers prostate cancer cell spheroid formation,2025,,Translational research; Prostate cancer; Running sessions; 3D cell culture; Spheroid formation; Tertiary prevention; Research,https://doi.org/10.1007/s00432-025-06350-3
https://pmc.ncbi.nlm.nih.gov/articles/PMC12536315/,No evidence for human or rodent deltavirus replication in yeast,2025,"Deltaviruses were recently discovered across a broad range of metazoan species. Their genome encodes a single protein and thus requires host factors for replication, which are likely evolutionarily conserved given their broad host range. Here we describe a genetic tool to unambiguously determine whether an RNA virus replicates in model yeast species. Our system involves transcriptional induction of viral RNA from an integrated cDNA template followed by its genomic excision. Testing Hepatitis D and Rodent delta viruses revealed that neither viral RNAs can replicate in yeasts, suggesting that Ascomycetes lack factors essential for their RNA-dependent amplification",Negative Result; Phenotype Data; S. Cerevisiae; S. Pombe,https://doi.org/10.17912/micropub.biology.001743
https://pmc.ncbi.nlm.nih.gov/articles/PMC12536524/,Epidemiology of high-risk human papillomavirus among women of the north-central region of Ecuador: a retrospective study,2025,,High-risk human papillomavirus; Prevalence; Genotype; Cervical cancer; Ecuador; Research,https://doi.org/10.1186/s13027-025-00700-z
https://pmc.ncbi.nlm.nih.gov/articles/PMC12537271/,"Epidemiology and Burden of Human Metapneumovirus Among Italian Adults in Outpatient and Inpatient Settings, 2014–2025",2025,,adults; disease burden; human metapneumovirus; older adults; surveillance; Original Article; Original Article,https://doi.org/10.1111/irv.70175
https://pmc.ncbi.nlm.nih.gov/articles/PMC12536077/,Comparative Efficacy of High Purity Type I Collagen-Based Skin Substitute and Dehydrated Human Amnion/Chorion Membrane in Diabetic Foot Ulcers: A Multicentre Randomized Controlled Trial,2025,"Background: Diabetic foot ulcers (DFUs) are a major healthcare challenge due to their chronic nature, high recurrence rate, and the substantial morbidity they impose. Effective treatment remains limited, which underscores the need for advanced wound care approaches. High-purity type-I collagen-based skin substitute (HPTC), e.g., Helicoll®, and dehydrated human amnion/chorion membrane (dHACM) are advanced wound therapies with promising results in previous single-centre studies. This multicentre randomized controlled trial compared the efficacy of HPTC versus dHACM added to standard of care (SOC) in treating chronic DFUs.

Methods: A total of 120 patients with DFUs were enrolled across four medical centres in the state of Karnataka, India, and randomized to receive either HPTC (n=60) or dHACM (n=60) along with standard care. The primary outcome was the proportion achieving wound size reduction at four weeks of intervention and one week follow-up, with continuous wound-area monitoring during the treatment window. Secondary outcomes included histological assessment of vascular incursion and wound biology on day 5 (biopsy), time to complete wound closure, percent area reduction over time, number of repeat HPTC applications, adverse events/complications, patient-reported quality of life (QoL), and scar quality (Vancouver Scar Scale (VSS)). Statistical analyses used chi-square or Fisher’s exact tests for categorical comparisons, t-tests/Mann-Whitney for continuous/ordinal outcomes, and two-sided alpha.

Results: HPTC demonstrated superior healing outcomes with a mean wound area reduction at five weeks, 81.5% ± 12.3 against 64.2% ± 14.1 in the dHACM group (p<0.001). Also, 88.3% (53 patients) of patients in the HPTC group achieved ≥50% wound reduction versus 55% (33 patients) in the dHACM group (p<0.001). Complete wound closure was achieved in 50 (83.3%) HPTC patients compared to 31 (51.7%) dHACM patients (p<0.001). Histological analysis revealed significantly enhanced vascular infiltration (2.4±0.6 vs 1.8±0.7, p<0.001), neo-epithelialization (2.6±0.5 vs 2.1±0.6, p<0.001), fibroblast activity (2.5±0.6 vs 1.9±0.7, p<0.001) and capillary density (45.6 ± 7.9 vs 29.4 ± 9.2 vessels/mm², p<0.001), in the HPTC group. Mean time to closure was 22.2 ± 5.4 days for HPTC versus 28.8±6.2 days for dHACM (p<0.001). Adverse incidence rates were low and similar between arms (HPTC - 6.7% vs dHACM 18.3%, with p = 0.095). Patient-reported QoL improved more in HPTC, especially with respect to resumption of daily activities and social functioning (p<0.001). Mean VSS scores at five weeks were better (lower) in HPTC (4.2±2.1) vs dHACM (6.8±2.8), p<0.001).

Conclusions: In this multicentre study based on a pooled design, HPTC (Helicoll) demonstrated statistically and clinically significant superiority versus dHACM over a four-week treatment period with one-week follow-up for DFUs in terms of percent area reduction, with enhanced cellular activity, faster healing times, and improved patient quality of life. The superior healing effect of Helicoll is attributed to its high-purity type I collagen composition, providing an optimal scaffold for cellular attachment and tissue regeneration. These results align with our prior single-centre experience with Helicoll, demonstrating faster and more complete healing of DFUs compared to dHACM, showing its potential as a more effective treatment option.",advanced wound care; amnion chorion membrane; dhacm; diabetic foot ulcers; helicoll®; high purity type i collagen; randomized controlled trial; skin substitute; wound healing; Plastic Surgery; Podiatry; General Surgery,https://doi.org/10.7759/cureus.94952
https://pmc.ncbi.nlm.nih.gov/articles/PMC12536261/,Correction: Targeting RAB7 in human B lymphoma by a small molecule inhibitor arrests tumor cell growth,2025,,B cell lymphoma; Burkitt lymphoma; CID1067700; diffuse large B-cell lymphoma; FX1; MβCD; NF-κB; RAB7; Oncology,https://doi.org/10.3389/fonc.2025.1711784
https://pmc.ncbi.nlm.nih.gov/articles/PMC12535854/,"Development of a Multiplex TaqMan Real-Time RT-PCR Assay for the Rapid Differential Detection of Classic, MLB-Clade and VA-Clade Human Astroviruses",2025,"The classical human astrovirus (HAstV) causes acute or severe gastroenteritis mainly among children and the elderly populations. The novel divergent HAstV-VA and HAstV-MLB clades related to encephalitis in immunocompromised patients, are genetically more similar to certain animal astroviruses, and have the potential for cross-species transmission. To identify all the three HAstV clades in a single reaction, we developed a quantitative reverse transcription PCR (RT-qPCR) method. Primers and probes were designed based on the conserved regions of the HAstV genomes that exhibited inter-clade divergence. This method was highly sensitive, as the detection limits were 95, 12.5 and 25 copies/μl for the classical HAstV, HAstV-MLB and HAstV-VA strains, respectively. Intra- and inter-assay variability revealed excellent reproducibility. Furthermore, this multiplex assay showed no cross-reactivity with other human pathogens. A total of 326 anal swabs from outpatients with AGE were examined: 5.83% were positive for the classical HAstV, 1.53% for the HAstV-MLB, and 0.31% for the HAstV-VA, while 0.31% for co-infections of HAstV-MLB/HAstV-VA. Conclusively, the developed multiplex RT-qPCR assay represents a tool with potential for laboratory and clinical diagnoses, epidemiological surveillance, prevention and control of the HAstV infection.",Human astrovirus; multiplex TaqMan real-time RT-PCR; clade; nucleic acid detection; Research article,https://doi.org/10.4014/jmb.2506.06008
https://pmc.ncbi.nlm.nih.gov/articles/PMC12536184/,KIAA1199: A Novel Regulator of Chemoresistance in Human Cancer Cells,2025,"KIAA1199 (also known as CEMIP or HYBID), an archived gene listed in the Human Unidentified Gene-Encoded (HUGE) database, has been implicated in tumor progression and metastasis in a wide range of cancers, including breast, cervical, cholangiocarcinoma, pancreatic, colorectal, gastric, hepatocellular, lung, ovarian, prostate, papillary thyroid, and brain cancers. Overexpression of KIAA1199 is significantly correlated with poor prognosis and metastasis and has been clinically associated with chemoresistance. In addition, KIAA1199 may serve as a novel biomarker for cancer diagnosis and prognosis, particularly due to its role in maintaining cancer stem cell properties. However, the molecular mechanisms by which KIAA1199 regulates chemoresistance, prognosis, and cancer stem cell development remain incompletely understood. Therefore, this review aims to summarize the clinical relevance of KIAA1199 as a novel regulator involved in chemoresistance, cancer prognosis, and cancer stem cell biology.",KIAA1199; chemoresistance; prognosis; cancer drug resistance; cancer stem cells; Review Article,https://doi.org/10.1177/10732748251379926
https://pmc.ncbi.nlm.nih.gov/articles/PMC12536877/,AI chatbots versus human healthcare professionals: a systematic review and meta-analysis of empathy in patient care,2025,,empathy; artificial intelligence; digital health; patient-centred care; physician-patient relations; systematic review; meta-analysis; Invited Review; AcademicSubjects/MED00010,https://doi.org/10.1093/bmb/ldaf017
https://pmc.ncbi.nlm.nih.gov/articles/PMC7134467/,Workshop K Inflamation and Allergic Diseases,2012,,Article,https://doi.org/10.1016/S0171-2985(97)80010-1
https://pmc.ncbi.nlm.nih.gov/articles/PMC10170830/,Piperlongumine conquers temozolomide chemoradiotherapy resistance to achieve immune cure in refractory glioblastoma via boosting oxidative stress-inflamation-CD8<sup>+</sup>-T cell immunity,2023,,Piperlongumine; Glioma; Tumor microenvironment; ROS generation/elimination; Immunotherapy; PD-1; Research,https://doi.org/10.1186/s13046-023-02686-1
https://pmc.ncbi.nlm.nih.gov/articles/PMC3643256/,Mechanisims of asthma and allergic disease – 1070. Genetic mechanisms of immune imbalance in allergic inflamation,2013,,Meeting Abstract,https://doi.org/10.1186/1939-4551-6-S1-P67
https://pmc.ncbi.nlm.nih.gov/articles/PMC6919082/,"Irritation of the Fauces with Pain in the Shoulders and Thorase, Caused from Periostial Inflamation of the Teeth",NA,,Correspondence,
https://pmc.ncbi.nlm.nih.gov/articles/PMC11084564/,Polymer System Based on Polyethylene Glycol and TFE Telomers for Producing Films with Switchable Wettability,2024,"Today a lot of attention is paid to the formation of thermosensitive systems for biomedical and industrial applications. The development of new methods for synthesis of such systems is a dynamically developing direction in chemistry and materials science. In this regard, this paper presents results of the studies of a new synthesized supramolecular polymer system based on polyethylene glycol and tetrafluoroethylene telomers. The films formed from the polymer substance have the property of switching wettability depending on temperature after heating activation. It has been established that the wettability changes at 60 °C. The contact angle of activated hydrophobic polymer film reaches 143°. Additionally, the system exhibits its properties regardless of the pH of the environment. Based on data obtained by the methods of infrared and x-ray photoelectron spectroscopy, differential thermal analysis and thermal analysis in conjunction with wettability and morphology, a model of the behavior of molecules in a polymer system was built that ensures switching of the hydrophilic/hydrophobic surface state. The resulting polymer system, as well as films based on it, can be used in targeted drug delivery, implantation surgery, as sensors, etc. ",switch polymers; supramolecular system; polyethylene glycol; tetrafluoroethylene telomers; IR-spectroscopy; X-ray photoelectron spectroscopy; Article,https://doi.org/10.3390/ijms25094904
https://pmc.ncbi.nlm.nih.gov/articles/PMC8539131/,Structural Adhesives Tapes Based on a Solid Epoxy Resin and Multifunctional Acrylic Telomers,2021,"Thermally curable pressure-sensitive structural adhesives tapes (SATs) were compounded using a solid epoxy resin and multifunctional acrylic telomer solutions (MATs) prepared by a thermally initiated telomerization process in an epoxy diluent containing two kinds of telogens (CBr<sub>4</sub> or CBrCl<sub>3</sub>). Dynamic viscosity, K-value, and volatile mater content in MATs (i.e., MAT-T with CBr<sub>4</sub>, MAT-B with CBrCl<sub>3</sub>) were investigated in relation to telogen type and content. The influence of MATs on the self-adhesive features and curing behavior of UV-crosslinked tapes as well as on the shear strength of thermally cured aluminum–SAT–aluminum joints was investigated as well. Increasing the telogen dose (from 5 to 15 wt. parts) caused significant improvement in the adhesion (+315% and +184%), tack (+147% and +298%), and cohesion (+414% and +1716%) of SATs based on MAT-T and MAT-B, respectively. Additionally, MATs with high telogen content (especially the MAT-T-type) improved the resistance of cured joints to aviation fuel, humidity, and elevated temperature. The highest overlap shear strength values were registered for SATs based on MATs containing 7.5 wt. parts of CBr<sub>4</sub> (16.7 MPa) or 10 wt. parts of CBrCl<sub>3</sub> (15.3 MPa).",epoxy resins; thermoset polymers; structural adhesives; acrylic monomers; telomerization; mechanical properties; Article,https://doi.org/10.3390/polym13203561
https://pmc.ncbi.nlm.nih.gov/articles/PMC11314175/,Thermally Stable UV-Curable Pressure-Sensitive Adhesives Based on Silicon–Acrylate Telomers and Selected Adhesion Promoters,2024,"A new type of UV-curable pressure-sensitive adhesive containing Si atoms (Si-PSAs) was prepared by a solution-free UV-initiated telomerization process of n-butyl acrylate, acrylic acid, methyl methacrylate, and 4-acrylooxybenzophenone using triethylsilane (TES) as a telogen and an acylphosphine oxide (APO) as a radical photoinitiator. Selected commercial adhesion promoters were tested as additives in the formulation of adhesive compositions, i.e., (i) an organic copolymer with polar groups (carboxyl and hydroxyl); (ii) a hydroxymetal-organic compound; and (iii) a quaternary ammonium salt and (iv) a chlorinated polyolefin. No fillers, crosslinking agents, or photoinitiators were used in the adhesive compositions. NMR techniques confirmed the incorporation of silicon atoms into the polyacrylate structure. The influence of adhesion promoters on the kinetics of the UV-crosslinking process of Si-PSAs was investigated by a photo-DSC technique. The obtained Si-PSAs were characterized by adhesion (to steel, glass, PMMA, and PE), tack, and cohesion at 20 °C. Finally, the wetting angle of Si-PSAs with water was checked and their thermal stability was proved (TGA). Unexpectedly, the quaternary ammonium salt had the most favorable effect on improving the thermal stability of Si-PSAs (302 °C) and adhesion to glass and PMMA. In contrast, Si-PSAs containing the hydroxymetal-organic compound showed excellent adhesion to steel.",photopolymerization; telomerization; adhesion promoter; pressure-sensitive adhesives; silicone; acrylate; Article,https://doi.org/10.3390/polym16152178
https://pmc.ncbi.nlm.nih.gov/articles/PMC9502274/,Cellulose from Annual Plants and Its Use for the Production of the Films Hydrophobized with Tetrafluoroethylene Telomers,2022,"Cellulose <bold>HogC</bold> was produced by the modified traditional method with 35% yield from the stem of Sosnovsky hogweed and was characterized by elemental analysis, infrared (IR) spectroscopy, powder X-ray diffractometry, differential scanning calorimetry (DSC) and X-ray photoelectron spectroscopy (XPS). For <bold>HogC</bold>, the degree of crystallinity (approximately 70%) and the glass transition temperature (105–108 °C) were determined. It was found that the whiteness characteristic in the case of <bold>HogC</bold> was 92% and this significate was obtained without a bleaching procedure using chlorine-containing reagents. In this paper, the possibility of hydrophobization of <bold>HogC</bold> films by treatment with radiation-synthesized telomers of tetrafluoroethylene is shown. It was found that the contact angle of the telomer-treated cellulose film surface depended on the properties of the telomers (the chemical nature of the solvent, and the initial concentration of tetrafluoroethylene) and could reach 140 degrees.",cellulose separation; hogweed; telomers of tetrafluoroethylene; hydrophobization; Article,https://doi.org/10.3390/molecules27186002
https://pmc.ncbi.nlm.nih.gov/articles/PMC9787403/,Phosphorus-Containing Telomers as UV-Curable Binders of Solvent-Free Varnish Coatings,2022,"The synthesis of novel phosphorus-containing telomers (P-telomers) was conducted via a solution-free UV-initiated telomerization process of butyl acrylate, methyl methacrylate, 2-hydroxyethyl acrylate, and styrene, different phosphorus telogens (dimethyl phosphite (DMPh), dibutyl phosphite (DBPh), diphenyl phosphite (DPPh) or dibutyl phosphate (DBP)), and a radical photoinitiator-acylphosphine oxide (APO). The course of the UV-phototelomerization process was monitored by photo-DSC and the chemical structures of telomers were assessed by FTIR. Final UV-photocurable varnish compositions consisted of prepared P-telomer syrups, crosslinking monomer (pentaerythritol triacrylate; PETIA), and a radical UV-photoinitiator (α-hydroxyalkylphenone, HAP). The influence of P- telomers on the optical and mechanical features of coatings was investigated. Relatively the highest hardness and satisfactory scratch values, as well as water and solvent resistance, were observed for varnish based on DMPh-telomers. While the strongest adhesive bond to a glass substrate was reported for DPPh-telomers. It is worth pointing out that the P-telomers did not affect the gloss values of varnishes in comparison to the telomer-free reference sample.",phosphorus-containing polymers; telomerization; photopolymerization; (meth)acrylates; varnish; Article,https://doi.org/10.3390/ma15248991
https://pmc.ncbi.nlm.nih.gov/articles/PMC12529911/,"Correlation-Driven Spin-Component-Scaled Second-Order
Møller–Plesset Perturbation Theory (CD-SCS-MP2)",2025,"Møller–Plesset
second-order perturbation theory (MP2)
is one of the most popular and successful methods in computational
chemistry, but it is not without disadvantages. It fails to capture
nondynamic correlation, overestimates dispersion interactions in strongly
polarizable systems, and inaccurately describes delocalized molecules.
Spin-component scaling techniques improve MP2 energies by compensating
for the fact that, in general, opposite-spin correlation plays a significantly
greater role than same-spin correlation. On average, SCS-MP2 improves
the reaction energies of small organic molecules, vibrational frequencies,
thermodynamic properties, and π-stacking interactions; however,
the optimal scaling values are known to be system-dependent, resulting
in multiple SCS-MP2 methods. In this work, we propose improving the
accuracy of SCS-MP2 by scaling the opposite-spin correlation according
to the amount of dynamic correlation as measured from recently developed
correlation indices that depend on the natural orbital occupations.
In this way, the method is correlation-driven and can effectively
adapt to the system-specific nature of spin-scaling factors. The correlation-driven
SCS-MP2 (CD-SCS-MP2) method adds a negligible cost to the MP2 calculation
and provides results superior to those obtained from SCS-MP2.",Article; Quantum Electronic Structure,https://doi.org/10.1021/acs.jctc.5c01167
https://pmc.ncbi.nlm.nih.gov/articles/PMC12522565/,Research in psychoanalysis across theory and practice: a systematic literature review,2025,"The present systematic review of the literature aims to provide a comprehensive overview of the state of the art of research in psychoanalysis. The arguments draw a difference between psychoanalytic research and research in psychoanalysis, meaning that in the past decades, there has been an attempt to bridge the gaps between psychoanalysis and broader research in psychology. Major scientific databases for contemporary psychological research (Ebsco PsycINFO, Ebsco CINAHL, Scopus, Web of Science, PubMed, and PEP-Web) were searched to gather psychoanalytic-oriented research, both theoretical and empirical. The PRIMA method provided a total of 36 results, on which a conceptual/reflexive thematic analysis was conducted. The identified themes or dimensions are: i) the epistemological status of psychoanalysis; ii) the research domains in psychoanalysis; iii) the research methodology in psychoanalysis; iv) the research methods in psychoanalysis; and v) the instruments of research in psychoanalysis. We conclude that, despite long-lasting difficulties in the epistemological cohabitation between psychoanalysis and mainstream psychological research, new hybrid ways for future psychoanalysis can be identified.",psychoanalysis; research; psychoanalysis and psychology research; Review,https://doi.org/10.4081/ripppo.2025.861
https://pmc.ncbi.nlm.nih.gov/articles/PMC12522358/,The effect of nursing care based on Meleis’ Transition Theory on the women’s adjustment to motherhood and perception of their newborns,2025,,Transition; Nursing care; Theory; Postpartum; Prenatal; Newborn; Research,https://doi.org/10.1186/s12884-025-08240-5
https://pmc.ncbi.nlm.nih.gov/articles/PMC12530592/,Exploring the impact of differences between AI streamers and human streamers on consumer purchase intention in live e-commerce: A grounded theory approach,2025,"With the rapid development of live e-commerce, AI streamers have gradually emerged as a new industry trend. However, significant differences exist between AI streamers and human streamers in terms of interaction styles, emotional expression, and user experience. How these differences influence consumer purchase intention has not yet been systematically investigated. Based on this, the present study employs grounded theory and the stimulus-organism-response model to explore the mechanism through which the differences between AI streamers and human streamers in live e-commerce affect consumer purchase intention. Data were collected through in-depth interviews and analyzed using open coding, axial coding, and selective coding. A research model was constructed, incorporating sensory differences, affective differences, and functional differences (stimulus factors), perceived entertainment and social presence (organism factor), and purchase intention (response factor), with consumer purpose as a moderating factor. Our results reveal that AI and human streamers differ in sensory, affective, and functional dimensions. Under purchase motivation, AI streamers, with their standardized and concise sensory presentation, better meet the need for quick decision-making, thus outperforming human streamers in functional differences. In contrast, under viewing motivation, human streamers excel in all three dimensions. These differences affect purchase intention through the mediating roles of perceived entertainment and social presence. Consumer purpose (purchase vs. viewing) moderates these effects. This study bridges the gap in understanding how AI and human streamers’ differences shape consumer behavior, offering practical insights for e-commerce platforms to optimize streamer strategies and guiding the anthropomorphic development of AI streamers.",Research Article; Biology and Life Sciences; Social Sciences; Computer and Information Sciences; Biology and Life Sciences; Biology and Life Sciences; Social Sciences; Biology and Life Sciences; Biology and Life Sciences; Social Sciences; Social Sciences; Biology and Life Sciences; Biology and Life Sciences; Social Sciences; Biology and Life Sciences; Biology and Life Sciences; Biology and Life Sciences; Social Sciences; Biology and Life Sciences; Biology and Life Sciences; Social Sciences,https://doi.org/10.1371/journal.pone.0334530
https://pmc.ncbi.nlm.nih.gov/articles/PMC12527828/,Response: Commentary: The energy model of insulin resistance: a unifying theory linking seed oils to metabolic disease and cancer,2025,,insulin resistance; bias; oxidative stress; metabolic disease; seed oil; mitochondria; paradigm (gestalt) shift; cancer; Nutrition,https://doi.org/10.3389/fnut.2025.1690496
https://pmc.ncbi.nlm.nih.gov/articles/PMC12529922/,"Geometric Direct
Minimization for Low-Spin Restricted
Open-Shell Hartree–Fock Theory",2025,"It has recently been
shown that configuration state functions
(CSFs)
with local orbitals can provide a compact reference state for low-spin
open-shell electronic structures, such as antiferromagnetic states.
However, optimizing a low-spin configuration using self-consistent
field (SCF) theory has been a long-standing challenge since each orbital
must be an eigenfunction of a different Fock operator. We introduce
a low-spin restricted open-shell Hartree–Fock (ROHF) algorithm
to optimize any CSF at mean-field cost. This algorithm employs quasi-Newton
Riemannian optimization on the orbital constraint manifold to provide
robust convergence, extending the geometric direct minimization approach
to open-shell electronic structures with arbitrary genealogical spin
coupling. Numerical calculations on transition metal aquo complexes
show improved convergence over existing methodology, while the possibility
of local CSF energy minima is demonstrated for iron–sulfur
complexes. Finally, open-shell CSFs with different spin coupling patterns
are used to qualitatively study the singlet ground state in polyacenes,
revealing the onset of polyradical character as the chain length increases.",Article; Quantum Electronic Structure,https://doi.org/10.1021/acs.jctc.5c00898
https://pmc.ncbi.nlm.nih.gov/articles/PMC12533249/,The variational modulus density theory explains mechanical responses of cell membranes and membrane crosslinkers,2025,"Both classical mechanics and quantum mechanics explain Brownian motion. However, it remains unclear whether they are compatible with each other, as the physical and mathematical identity of the wavefunction in quantum mechanics has been elusive. In this work, a continuum theory using grammars in classical mechanics modeling, but potentially compatible with the quantum wavefunction, is introduced. The theory explains the confined Brownian motion of cell membrane inclusions interacting with extracellular matrices or cytoskeletons via elastic molecular crosslinkers. This crosslinker theory is integrated into the Canham-Helfrich-Evans model for fluid membranes. Calculations, based on a finite element method for the combined theory, reproduced measured data from adhesion molecular machineries and cell membranes. Overall, by providing physical and mathematical interpretations of the quantum wavefunction, the presented theoretical model provides improved capabilities for the realistic simulation of cell membranes and membrane linker proteins.",Membrane-crosslinker interaction; Confined Brownian motion; Quantum wavefunction; Lipid nanodomain; Adhesion molecular machinery; Finite element method; Membrane biophysics; Mechanical engineering; Computational science; Biological physics; Applied physics; Article,https://doi.org/10.1038/s41598-025-17573-2
https://pmc.ncbi.nlm.nih.gov/articles/PMC12523647/,Why Organizational Commitment and Work Values of Veterans Home Caregivers Affect Retention Intentions: A Social Exchange Theory Perspective,2025,"<bold>Background/Objectives:</bold> The stability of caregiver manpower plays a crucial role in the operation of long-term care institutions. This study adopts Social Exchange Theory as the theoretical foundation to construct the psychological mechanism through which organizational commitment and work value influence retention intention via job involvement. Against the backdrop of Taiwan’s intensifying aging society and the increasing service demands of the veterans’ support system, Veterans Homes have gradually become indispensable within the long-term care system. Therefore, the primary objective of this study is to explore the formation mechanism of retention intention among caregivers in Veterans Homes. <bold>Methods:</bold> Data analysis was conducted using structural equation modeling, with 447 valid samples collected from caregivers across 16 Veterans Homes in Taiwan. <bold>Results:</bold> The results indicate that, in the process of forming retention intention, job involvement serves as a mediator between organizational commitment and work value on retention intention and demonstrates significant mediating effects. <bold>Conclusions:</bold> These findings suggest that when caregivers perceive value realization and organizational identification in their work, they are more likely to exhibit active engagement, thereby strengthening their tendency to remain employed. Furthermore, the study reveals that the effect of organizational commitment on job involvement is stronger than that of work value, indicating that exchange motives triggered by emotional bonds carry greater implications for retention. In conclusion, organizational support and personal value perceptions stimulate emotional engagement, which further influences caregivers’ decisions to remain in long-term service and ultimately shape their retention behavior.",interpersonal relations; personnel turnover; social values; employee participation; Article,https://doi.org/10.3390/healthcare13192396
https://pmc.ncbi.nlm.nih.gov/articles/PMC12532249/,Cracks in the pattern: Gallagher’s theory of the self and the dynamics of schizophrenic selfhood,2025,"The contemporary debate on selfhood in philosophy, psychiatry, and cognitive science unfolds most often between two opposing tendencies: reductionism, seeking to identify a fundamental and minimal core of selfhood, and eliminativism, denying the existence of the self. Shaun Gallagher’s Pattern Theory of the Self (PTS) has emerged as a promising alternative approach. By defining the self as a dynamical gestalt composed of heterogeneous elements and a multiplicity of interacting processes—including embodied, affective, cognitive, narrative, and social dimensions—the PTS offers an integrative and pluralist account of the self. Nevertheless, while the PTS succeeds in avoiding essentialism and supporting pluralism it faces the challenge of providing concrete tools to analyze the organization of self-patterns, particularly in pathological cases such as schizophrenia. We propose a reframing of PTS through the concept of architectonics, rooted in Kantian philosophy and developed in the phenomenological tradition. The architectonic view allows for a stratified and genetic account of self-patterns, attentive to the polyrhythmic unfolding of lived experience across multiple temporal and structural layers. Furthermore, it enables a fine-grained analysis of pathologies and recovery of the self, notably in schizophrenia spectrum disorders, where selfhood appears to be fractured.",selfhood; phenomenology; schizophrenia; mental health; recovery; pattern theory of self; architectonics; Psychiatry,https://doi.org/10.3389/fpsyt.2025.1647545
https://pmc.ncbi.nlm.nih.gov/articles/PMC12529109/,Exploring the determination of the standard rate constant in electrochemical metal deposition: theory and experiment,2025,"A detailed investigation of the electrochemical metal deposition was carried out using both simulation and experimental cyclic voltammetry (CV). Kinetic curves were developed to relate peak-to-peak potential separation (Δ<italic toggle=""yes"">E</italic><sub>p</sub>) to the cathodic charge transfer coefficient (<italic toggle=""yes"">α</italic>) and the standard rate constant (<italic toggle=""yes"">k</italic><sup>0</sup>). From these curves, interpolation equations were derived to estimate <italic toggle=""yes"">k</italic><sup>0</sup>, taking into account the effect of the transfer coefficients sum (<italic toggle=""yes"">α</italic> + <italic toggle=""yes"">β</italic>), whether equals to or different from 1. The validity of the equations was confirmed through the reduction of silver, copper and rhenium ions in various electrolytes, yielding <italic toggle=""yes"">k</italic><sup>0</sup> values of 14.51 × 10<sup>−6</sup> m s<sup>−1</sup> for Ag<sup>+</sup>/Ag, 5.98 × 10<sup>−7</sup> m s<sup>−1</sup> for Cu<sup>+</sup>/Cu and 10.59 × 10<sup>−8</sup> m s<sup>−1</sup> for Re<sup>6+</sup>/Re. According to the Matsuda–Ayabe criteria for assessing electron-transfer reversibility, the Ag<sup>+</sup>/Ag and Cu<sup>+</sup>/Cu redox couples are regarded as quasi-reversible, while the Re<sup>6+</sup>/Re couple is classified as irreversible. The simulated CVs showed strong agreement with experimental results.",Chemistry,https://doi.org/10.1039/d5sc05636e
https://pmc.ncbi.nlm.nih.gov/articles/PMC12487324/,Molecular hallmarks of excitatory and inhibitory neuronal resilience to Alzheimer’s disease,2025,,Cognitive resilience; Cognitive reserve; Alzheimer’s disease; Gene expression; Transcriptomics; Vulnerability; Genetics; Rare variants; Single-cell RNA sequencing; SST interneurons; E/I imbalance; Research Article,https://doi.org/10.1186/s13024-025-00892-3
https://pmc.ncbi.nlm.nih.gov/articles/PMC12518450/,Circular RNAs orchestrating breast cancer hallmarks: bridging tumor biology and therapy resistance,2025,"Breast cancer (BC) remains a leading cause of cancer-related mortality among women worldwide, with treatment resistance posing a significant clinical challenge. Circular RNAs (circRNAs), a class of non-coding RNAs, have gained increasing attention as key regulators of gene expression, influencing BC pathogenesis, progression, and therapeutic response. This review explores the mechanistic insights into circRNA functions in BC, focusing on their involvement in tumor proliferation, metabolic reprogramming, epithelial-mesenchymal transition (EMT), angiogenesis, metastasis, and apoptosis. Additionally, we highlight the crosstalk between circRNAs and microRNAs, emphasizing their potential as diagnostic and prognostic biomarkers. Beyond their roles in tumor biology, circRNAs are implicated in drug resistance, modulating responses to chemotherapy, targeted therapy, and endocrine treatment. Despite their promising applications, challenges remain, including the complexity of circRNA interactions, and the development of robust preclinical models. Addressing these challenges through interdisciplinary research integrating genomics, transcriptomics, and functional studies will pave the way for circRNA-based therapeutic strategies and personalized medicine approaches in BC management.",Breast cancer; Drug resistance; Personalized medicine; Biomarkers; Non-coding RNAs (ncRNAs); CircRNAs; Review,https://doi.org/10.1007/s10142-025-01709-8
https://pmc.ncbi.nlm.nih.gov/articles/PMC12469403/,The Roles of SHCBP1 in Cancer Hallmarks: Molecular Mechanisms and Therapeutic Implications,2025,"The SHCBP1 (SHC SH2-domain-binding protein 1) is identified as an important regulator of cancer biology, participating in the modulation of multiple cancer hallmarks. Initially discovered as a component of the mitotic midbody essential for cytokinesis, SHCBP1 is now recognized for orchestrating a broad spectrum of oncogenic processes such as persistent proliferation, apoptosis resistance, epithelial–mesenchymal transition, and immune system evasion. This review comprehensively explores the molecular features of SHCBP1, its regulatory networks, and its multifaceted roles in cancer progression. SHCBP1 is commonly overexpressed in diverse cancers, with elevated expression levels strongly associated with more aggressive tumors and unfavorable patient prognosis. Mechanistically, SHCBP1 serves as a potential mediator of oncogenic signaling pathways, thereby regulating mitotic processes, transcriptional alterations, and cytoskeletal reorganization. In addition to its biological functions, SHCBP1 offers translational promise as a prognostic marker and a prospective therapeutic target. Preclinical models indicate that genetic depletion or pharmacologic disruption of SHCBP1 limits tumor growth, increases sensitivity to chemotherapy, and reduces metastatic capacity. Despite significant progress, the development of selective SHCBP1 inhibitors remain challenging areas. This review summarizes SHCBP1’s diverse roles in tumor pathogenesis and outlines future research directions to develop SHCBP1-targeted strategies.",SHCBP1; cancer hallmarks; therapeutic target; prognostic biomarker; Review,https://doi.org/10.3390/ijms26188778
https://pmc.ncbi.nlm.nih.gov/articles/PMC12505679/,"The specific hallmarks, emerging roles, key mechanisms, and clinical applications of intra-tumoral microbiota in human cancers",2025,"Intra-tumoral microbes have been revealed to exist in many cancer types, attracting widespread attention. The significance of intra-tumoral microbes is becoming increasingly apparent in various aspects of human cancers, encompassing cancer initiation, progression, metastasis, diagnostic approaches, prognostic evaluations, and therapeutic interventions. Despite the considerable focus dedicated to this topic by numerous scholars, a comprehensive analysis of intra-tumoral microbiota is still lacking in human cancers. Especially, identifying specific microbial hallmarks in the occurrence and development of cancer and different cancers remains the central task for investigators. This review focuses on the identification and analysis of distinct attributes and noteworthy characteristics exhibited by intra-tumoral microbiota across various types of cancer. The potential mechanisms of intra-tumoral microbiota action, as well as the significance of the microbiome in the diagnosis and prognosis of cancer, are systematically summarized. The capacity of intra-tumoral microbes to regulate cancer treatment with a focus on the relevant microbial species, and the possibility of targeting the microbiota to improve treatment effectiveness while preventing toxicity, are specifically highlighted. Lastly, the challenges, limitations, and prospects of intra-tumoral microbes in further study and clinical application, including prognostic, diagnostic, and therapeutic applications, are discussed in cancers. This review provides a systematic summary of the specific characteristics, molecular mechanisms, therapeutic effects, and diagnostic and prognostic values of intra-tumoral microbiota in different cancers, which will help improve the diagnosis, treatment, and prognosis of tumor patients and offer new ideas for achieving precise treatment of cancer with intra-tumoral microbiota.",Cancer; Characteristics; Diagnosis; Intra-tumoral microbiota; Prognosis; Therapy; Review Article,https://doi.org/10.1016/j.gendis.2025.101733
https://pmc.ncbi.nlm.nih.gov/articles/PMC12463678/,The hallmarks of hematopoietic stem cell transplantation for pediatric acute myeloid leukemia,2025,"Allogeneic hematopoietic stem cell transplantation (HSCT) has significantly improved the outcome of children with high-risk (HR) acute myeloid leukemia (AML). Implementing allogeneic HSCT depends on numerous factors, including adverse cytogenetics, molecular abnormalities, poor response to first-line treatment, or relapsed or primary refractory disease. In HR AML, allogeneic HSCT is considered to be the consolidation strategy of choice in first complete remission (CR1) and offers the best chance of cure for patients with relapsed disease. Advances in donor/recipient typing, conditioning regimens, graft-versus-host-disease (GvHD) management, and supportive care have contributed to this improvement in overall—and transplant—outcome. This review will comprehensively discuss indications for HSCT and its modalities in pediatric AML by examining past, current, and future strategies for disease- and response-related stratification. We will examine the key importance of low/negative measurable residual disease (MRD) before transplantation and discuss conditioning regimens and graft variables, as well as novel approaches to harness the graft-versus-leukemia (GvL) effect, including targeted immunotherapy. The review will also address toxicities associated with HSCT, GvHD prophylaxis, and the management of treatment failure. Ultimately, this review seeks to inform clinical practice and highlights how improved outcomes have been achieved through the collective efforts of international study groups.",Acute myeloid leukaemia; Acute myeloid leukaemia; Risk factors; Review Article,https://doi.org/10.1038/s41375-025-02685-5
https://pmc.ncbi.nlm.nih.gov/articles/PMC12428840/,Major Common Hallmarks and Potential Epigenetic Drivers of Wound Chronicity and Recurrence: Hypothesis and Reflections,2025,"Chronic wounds are considered a silent epidemic that impact millions of human lives worldwide, causing comorbidities, reducing life quality and expectancy. Diabetic, pressure, and venous ulcers are the three major clinical entities of chronic wounds, in which the presence of a chronicity phenotype and episodes of recurrence remain as contemporary challenges. We are, accordingly, far from a full understanding about the potential endogenous, predisposing factors that may drive both chronicity and recurrence. Decades of academic and financial endeavors have not translated into a pharmacological intervention that may curb these events. These wounds may exhibit the clinical aspect of a torpid granulative response, poor angiogenesis, delayed or abnormal re-epithelialization, and low contraction rates. At the cellular level, chronicity is propelled and distinguished by the triad of interplaying loops of inflammation, oxidative stress, and cellular senescence. Although the proximal molecular drivers of chronicity and their hierarchal debut sequence are a critical research target and pending task, our unifying hypothesis behind chronicity and recurrence is founded on the existence of an epigenetic pathologic code that originates and perpetuates a “chronic wound memory”. In vitro studies suggest that this <italic toggle=""yes"">de novo</italic> edited script is sheltered in dermal fibroblasts and keratinocytes and is spreadable and transmissible to descendant cells, dictating abnormal traits even in ideal culture conditions and successive passages. The list of epigenomic alterations and their significance in wound pathology is continuously escalating. The accurate identification of the key epigenetic priming codes of impaired healing, and their selective re-editing, will be remarkably beneficial.",chronic wounds; diabetic foot ulcer; pressure injury; venous ulcer; ulcer recurrence; epigenetic; wound healing; Review,https://doi.org/10.3390/ijms26178745
https://pmc.ncbi.nlm.nih.gov/articles/PMC12490097/,Hallmarks of primary headache: part 3 – cluster headache,2025,,Primary headache; Hypothalamus; Circadian rhythm; Trigeminal-autonomic system; Neuropeptides; Treatments; Neuromodulation; Psychological factors; Advocacy; Review,https://doi.org/10.1186/s10194-025-02145-6
https://pmc.ncbi.nlm.nih.gov/articles/PMC12508650/,Unravelling differences and hallmarks in suspected diffuse low-grade gliomas: a multicentre database study,2025,"The natural history of suspected diffuse low-grade gliomas (DLGG) depends heavily upon the molecular status. To fully comprehend this integrated information preoperatively, a clinical phenotype incorporating both clinical and radiological information may be of value. We aimed to analyse this systematically in a large multicentre study to identify clinical/radiological phenotypes of DLGG molecular subgroups at the onset. Patients from nine Scandinavian centres, with confirmed World Health Organization (WHO) grade 2 at the time of diagnosis (according to the WHO 2016/2007 classification), known molecular status [isocitrate dehydrogenase (IDH) status and 1p19q codeletion status] and preoperative images of adequate quality, were analysed. MRI-based tumour volume segmentation was used to create a frequency map of their locations in the Montreal Neurological Institute space. A Brain-Grid (BG) system was also used for tumour invasiveness analysis. Variables were analysed for each subgroup of DLGG with regression analyses. A total of 235 patients were included in the study. The three molecular subgroups differed in age, tumour location, epileptic onset and cognitive status. Seizure onset was linked to the number of BG voxels and the A3C2S2 location in all three molecular subgroups. Cognitive deficits were related to increasing age (IDH-mutated oligodendrogliomas), female gender (IDH-wildtype) and tumour volume (oligodendrogliomas). Patients with IDH-mutated astrocytomas (<italic toggle=""yes"">n</italic> = 65) displayed younger age, left-sided fronto-insular preferential location, infiltration of anterior ventral inferior fronto-occipital fasciculus (IFOF) and external capsule, and seizure as the onset symptoms. Oligodendrogliomas (<italic toggle=""yes"">n</italic> = 116) were more often found in patients >40 years old, with frontal location, dorsal IFOF, frontal aslant tract and superior longitudinal fasciculus invasion, and seizures as the onset symptoms. IDH-wildtype astrocytomas (<italic toggle=""yes"">n</italic> = 54) displayed: age >40 years old, left-sided temporo-insular preferential location, invasion of posterior IFOF and cortico-spinal tract, cognitive deficits at onset and the infiltration of posterior left peri-insular voxel (A3C2S3) as a strong predictor of IDH-wildtype. Using an integrated clinico-radiological approach, we identified differences in age, clinical presentation, preferential location and white matter infiltration among specific molecular subgroups of suspected DLGG. The systematic combination of patient-specific variables (age/clinical onset) and tumour-specific features (sub-lobar preferential location) may be relevant to create future prediction models and to better understand the onco-functional trajectory already at the preoperative stage. Prediction models may benefit from combining information rather than, for instance, analysing images only.",diffuse low-grade gliomas; white matter; molecular profile; epilepsy; onco-functional trajectory; Original Article; AcademicSubjects/MED00310; AcademicSubjects/SCI01870,https://doi.org/10.1093/braincomms/fcaf368
https://pmc.ncbi.nlm.nih.gov/articles/PMC12486013/,"A multi-ancestry polygenic risk score for Alzheimer disease is associated with cognitive decline, hippocampal atrophy and neuropathological hallmarks in diverse populations",2025,"Alzheimer disease (AD) has a strong genetic basis, yet previously derived polygenic risk scores (PRS) are heavily weighted by the <italic toggle=""yes"">APOE</italic> locus and perform inconsistently across diverse ancestries. We developed an <italic toggle=""yes"">APOE</italic>-independent multi-ancestry AD PRS using genome-wide association study summary statistics from cohorts in the United States, Europe and East Asia that were applied to European ancestry (EA), African American (AA), Caribbean Hispanic (CH), and East Asian cohorts from the Alzheimer’s Disease Genetics Consortium. PRS performance was evaluated in the multi-ancestry Alzheimer’s Disease Sequencing Project (ADSP) dataset and validated in several additional multi-ancestry cohorts. The PRS was significantly associated with AD in the ADSP EA, AA, CH, and Native American Hispanic groups with adjusted odds ratios (ORs) between 1.14 and 1.52 per standard deviation of the PRS. PRS performance was validated in the replication cohorts (ORs 1.21–1.65). The PRS was also associated with poorer memory, executive function, and language performance; greater AD-related neuropathological burden (including CERAD, Braak stage, and Thal phase scores); reduced hippocampal volume; lower CSF Aβ42; and elevated total tau and phosphorylated tau (p-tau), with stronger p-tau associations observed in women. Longitudinal analyses revealed that individuals in the highest PRS decile exhibited the steepest cognitive decline, particularly among those who progressed to AD. Our findings demonstrate the utility of an ancestry-aware and APOE-independent PRS for advancing understanding of the genetic basis of AD across diverse populations. Associations observed with early biological and cognitive changes and potential sex-specific differences support the incorporation of a PRS in clinical trials and personalized intervention and prevention strategies.",Article,https://doi.org/10.1101/2025.09.24.25336555
https://pmc.ncbi.nlm.nih.gov/articles/PMC11689670/,DIGITAL MOBILITY MONITORING FOR HEALTHY AGING: RESULTS FROM LARGE AGING COHORTS IN EUROPE AND CANADA,2024,"Mobility has been deemed the ‘sixth vital sign’ because of its ability to predict critical health outcomes in later adulthood. Up to now, there is no consensus on the ideal measurement of mobility, but previous findings and experiences with movement sensors have led to regular application of digital technology. Important but unanswered questions remain around the potential of digital mobility outcomes (DMOs) to monitor individuals’ health status, to serve as markers for physical or functional decline, and to predict clinically meaningful events such as falls and hospitalisations. This could provide a better understanding of older adults’ and patients’ general health based on recurrent monitoring of their mobility. Against this background, data from major cohort studies in Europe and Canada are presented. Marla Beauchamp will present a recently proposed unified framework for mobility measurement, outlining three distinct aspects of mobility and investigating their relationship in a cohort of 1,200 older adults. Carl-Philipp Jansen will complement this data by looking at the same three aspects in a clinical cohort of 566 hip fracture patients, however, comparing their trajectories over one year. Laura Delgado-Ortiz will explore sensor-derived real-world walking in 550 older adults with COPD with healthy older counterparts, thereby capturing different characteristics of walking activity and gait from a single device worn at subjects’ lower back for one week. Karen Van Ooteghem will provide a look beyond single-sensor approaches, highlighting the large potential and presenting principles of multi-sensor approaches to provide comprehensive and meaningful information on mobility in older adults.",Abstracts; AcademicSubjects/SOC02600,https://doi.org/10.1093/geroni/igae098.0739
https://pmc.ncbi.nlm.nih.gov/articles/PMC10917552/,Altered Osteoblast Metabolism with Aging Results in Lipid Accumulation and Oxidative Stress Mediated Bone Loss,2024,"Cellular aging is associated with dysfunction of numerous tissues affecting multiple organ systems. A striking example of this is related to age-related bone loss, or osteoporosis, increasing fracture incidence. Interestingly, the two compartments of bone, cortical and cancellous or trabecular, rely on different mechanisms for development and maintenance during ‘normal’ aging. At a cellular level, the aging process disturbs a multitude of intracellular pathways. In particular, alterations in cellular metabolic functions thereby impacting cellular bioenergetics have been implicated in multiple tissues. Therefore, this study aimed to characterize how metabolic processes were altered in bone forming osteoblasts in aged mice compared to young mice. Metabolic flux analyses demonstrated both stromal cells and mature, matrix secreting osteoblasts from aged mice exhibited mitochondrial dysfunction. This was also accompanied by a lack of adaptability or metabolic flexibility to utilize exogenous substrates compared to osteoblasts cultured from young mice. Additionally, lipid droplets accumulated in both early stromal cells and mature osteoblasts from aged mice, which was further depicted as increased lipid content within the bone cortex of aged mice. Global transcriptomic analysis of the bone further supported these metabolic data as enhanced oxidative stress genes were up-regulated in aged mice, while osteoblast-related genes were down-regulated when compared to the young mice. Collectively, these data suggest that aging results in altered osteoblast metabolic handling of both exogenous and endogenous substrates which could contribute to age-related osteoporosis.",osteoporosis; lipid droplet; bioenergetics; lipid; aging; Original Article,https://doi.org/10.14336/AD.2023.0510
https://pmc.ncbi.nlm.nih.gov/articles/PMC10735736/,COGNITIVE BEHAVIORAL TREATMENT OF INSOMNIA SLOWS THE PACE OF BIOLOGICAL AGING: RESULTS FROM AN RCT IN OLDER ADULTS,2023,"Insomnia in late life has been linked to accelerated biological aging, presenting a behaviorally modifiable target to slow the pace of aging. We previously demonstrated that treatment of insomnia in older adults using cognitive behavioral therapy for insomnia (CBT-I) reduced the expression of the cellular senescence marker, p16INK4a, in peripheral blood mononuclear cells (PBMC). Next, we tested whether this treatment for insomnia would alter the biological pace of aging, estimated from the DNA methylation derived DunedinPACE, as compared to a sleep education therapy (SET), an active comparator condition. Participants 60+ years old with insomnia were enrolled in a randomized controlled trial and assigned to CBT-I (n=49) or SET (n=45). Epigenetic data were obtained from DNA extracted from blood collected prior to initiation of treatment (baseline) and again 18-24 months later. A mixed linear models adjusting for age, sex, BMI, and education revealed a significant treatment by time interaction (p=0.003). Receipt of CBT-I was associated with a decline in the epigenetic pace of aging, while those receiving SET had an increase in their pace of aging. Findings indicate that a behavioral intervention to improve insomnia was effective at slowing the pace of biological aging among older adults. Future research will be needed to replicate these findings in other age groups and specific populations with heightened risk for accelerated aging.",Abstracts; AcademicSubjects/SOC02600,https://doi.org/10.1093/geroni/igad104.0678
https://pmc.ncbi.nlm.nih.gov/articles/PMC12473110/,Higher Local Food Consumption Is Associated with Higher Adherence to the Mediterranean Diet and Better Healthy Aging: Results of the DIAPELH Study,2025,"<bold>Background/Objectives</bold>: Sustainable dietary patterns in geriatrics have gained considerable attention. In this cross-sectional study, we investigated whether higher consumption of locally produced foods is associated with higher adherence to the Mediterranean diet and with better healthy aging status among Greek older adults. <bold>Methods</bold>: Sociodemographic, anthropometrical, lifestyle, dietary, cognitive, and mental characteristics assessed through validated questionnaires and procedures, were assessed. Participants (N = 449) were divided into three local food consumption groups/tertiles: “high” (≥45% of total dietary intake), “moderate” (27–44%) and “low” (≤26%). MedDietScore (0–55) was used to assess the level of adherence to the Mediterranean diet and SAI (0–10) to assess healthy aging. <bold>Results</bold>: Older adults of the “high” group showed an increase of 0.817 units in the SAI index compared to older adults of the “low” group. Additionally, high local food consumption was also associated with higher SAI levels (b = 0.493, <italic toggle=""yes"">p</italic> = 0.007) compared to the “moderate” group. Among older individuals whose diet comprises over 45% local foods, an increase of approximately 2.8 and 1.95 units in the MedDietScore was detected when compared to the “low” and “moderate” groups. <bold>Conclusions</bold>: Higher consumption of local foods, and more specifically consuming local foods in more than 45% of the total dietary intake, is associated with greater adherence to the Mediterranean diet and better healthy aging. The results suggest that food locality may play an important role in shaping better dietary habits, health trajectories, and quality of life of older adults.",local foods; Mediterranean diet; healthy aging; successful aging; older adults; Article,https://doi.org/10.3390/nu17182975
https://pmc.ncbi.nlm.nih.gov/articles/PMC10884611/,Dietary protein intake in midlife in relation to healthy aging – results from the prospective Nurses’ Health Study cohort,2024,,healthy aging; diet; protein; animal protein; plant protein; lifestyle; Original Research Article,https://doi.org/10.1016/j.ajcnut.2023.11.010
https://pmc.ncbi.nlm.nih.gov/articles/PMC11205346/,Evaluating the Impact of Oleocanthal and Oleacein on Skin Aging: Results of a Randomized Clinical Study,2024,"The prevalence of skin aging and the request for effective treatments have driven dermatological research towards natural solutions. This study investigates the anti-aging efficacy of two bioactive natural polyphenols, Oleocanthal and Oleacein, in a skincare formulation. A single-blind, randomized clinical trial involved 70 participants, using a comprehensive exclusion criterion to ensure participant safety and study integrity. Participants applied the Oleocanthal and Oleacein 1% serum formulation twice daily for 30 days. The efficacy was objectively assessed using the VISIA<sup>®</sup> Skin Analysis System at baseline, after 15 days, and after 30 days. Results indicated significant wrinkle reduction in most groups. For women aged 45–79 years, the mean change was −33.91% (95% CI: −46.75% to −21.07%). For men aged 20–44 years, it was −51.93% (95% CI: −76.54% to −27.33%), and for men aged 45–79 years, it was −46.56% (95% CI: −58.32% to −34.81%). For women aged 20–44 years, the change was −25.68% (95% CI: −63.91% to 12.54%), not statistically significant. These findings highlight the potential of EVOO-derived polyphenols in anti-aging skincare, particularly for older adults. This research paves the way for further exploration into natural compounds in dermatology, particularly for aging skin management.",skin aging; wrinkle reduction; extra virgin olive oil; oleocanthal; oleacein polyphenols; VISIA<sup>®</sup> skin analysis system; dermatological research; anti-aging skincare; clinical trial; Communication,https://doi.org/10.3390/medicina60060947
https://pmc.ncbi.nlm.nih.gov/articles/PMC11315217/,Multi-discrimination exposure and biological aging: Results from the midlife in the United States study,2024,"Discrimination is a social determinant of health and health disparities for which the biological mechanisms remain poorly understood. This study investigated the hypothesis that discrimination contributes to poor health outcomes by accelerating biological processes of aging. We analyzed survey and blood DNA methylation data from the Midlife in the United States (MIDUS) study (N = 1967). We used linear regression analysis to test associations of everyday, major, and workplace discrimination with biological aging measured by the DunedinPACE, PhenoAge, and GrimAge2 epigenetic clocks. MIDUS participants who reported more discrimination tended to exhibit a faster pace of aging and older biological age as compared to peers who reported less discrimination. Effect-sizes for associations tended to be larger for the DunedinPACE pace-of-aging clock (effect-size range r = 0.1–0.2) as compared with the PhenoAge and GrimAge2 biological-age clocks (effect-sizes r < 0.1) and for experiences of everyday and major discrimination as compared with workplace discrimination. Smoking status and body-mass index accounted for roughly half of observed association between discrimination and biological aging. Reports of discrimination were more strongly associated with accelerated biological aging among White as compared with Black participants, although Black participants reported more discrimination overall and tended to exhibit older biological age and faster biological aging. Findings support the hypothesis that experiences of interpersonal discrimination contribute to accelerated biological aging and suggest that structural and individual-level interventions to reduce discrimination and promote adaptive coping have potential to support healthy aging and build health equity.",Discrimination; Epigenetics; Biological aging; Full Length Article,https://doi.org/10.1016/j.bbih.2024.100774
https://pmc.ncbi.nlm.nih.gov/articles/PMC10885183/,"Left ventricular hypertrophy as a risk factor for accelerated brain aging: Results from the <styled-content style=""fixed-case"" toggle=""no"">Study of Health in Pomerania</styled-content>
",2024,"Previous studies provided evidence for the importance of cardiac structure abnormalities, in particular greater left ventricular (LV) mass, for brain aging, but longitudinal studies are lacking to date. We included 926 individuals (median age 48 years; 53% women) from the TREND cohort of the Study of Health in Pomerania (SHIP) without reduced ejection fraction or a history of myocardial infarction. LV mass index (LVMI) was determined by echocardiography at baseline. Brain morphometric measurements were derived from magnetic resonance images at baseline and 7‐year follow‐up. Direct effects of baseline LVMI on brain morphometry at follow‐up were estimated using linear regression models with adjustment for baseline brain morphometry. At baseline, median LVMI was 40 g/m<sup>2.7</sup> and 241 individuals (26%) met the criterion of LV hypertrophy. After correction for multiple testing, baseline LVMI was directly associated with reduced global cortical thickness and increased cortical brain age at follow‐up independent from hypertension and blood pressure. Exposure‐outcome relations were nonlinear and significantly stronger in the upper half of the exposure distribution. Specifically, an increase in baseline LVMI from the 50% quantile to the 95% quantile was associated additional 2.7 years (95% confidence interval = [1.5 years, 3.8 years]) of cortical brain age at follow‐up. Additional regional analyses yielded bilateral effects on multiple frontal cortical regions. Our findings highlight the role of cardiac structure in brain aging. LVMI constitutes an easily measurable marker that might help to identify persons at risk for cognitive impairment and dementia.",brain aging; brain imaging; epidemiology; left ventricular hypertrophy; Research Article; Research Articles,https://doi.org/10.1002/hbm.26567
https://pmc.ncbi.nlm.nih.gov/articles/PMC11743368/,Inflammation mediates the association between muscle mass and accelerated phenotypic aging: results from the NHANES 2011–2018,2025,,PhenoAge; skeletal muscle; aging; SII; NHANES; cross-sectional study; Nutrition,https://doi.org/10.3389/fnut.2024.1503702
https://pmc.ncbi.nlm.nih.gov/articles/PMC12023433/,"Low blood levels of selenium, selenoprotein P and GPx3 are associated with accelerated biological aging: results from the Berlin Aging Study II (BASE-II)",2025,,Research,https://doi.org/10.1186/s13148-025-01863-7
https://pmc.ncbi.nlm.nih.gov/articles/PMC12517819/,The association between C-reactive protein-to-lymphocyte ratio and telomere length: A cross-sectional population-based study,2025,"The association of inflammation and telomere length (TL) have drawn much attention. However, the association between the C-reactive protein-to-lymphocyte ratio (CLR) and TL has never been reported before. The authors aimed to investigate the association between CLR and TL in US population. Data for this cross-sectional analysis were extracted from the 1999 to 2001 National Health and Nutrition Examination Survey, including only participants with complete data on CLR and TL. We employed multivariable regression and logistic regression analyses to investigate the independent association between CLR and TL. Additionally, subgroup analyses and interaction tests were conducted to further explore these relationships. A total of 5517 participants were enrolled in the study, with those in the highest quartile of CLR exhibiting a tendency toward shorter TL. The mean TL was 5747.491 ± 677.02 base pairs. Individuals in quartiles with shorter TL showed a trend toward higher CLR values (quartile 1: 5866.17 ± 831.57; quartile 2: 5756.49 ± 632.42; quartile 3: 5704.13 ± 585.09; quartile 4: 5663.31 ± 614.61; <italic toggle=""yes"">P</italic> < .001). Those in the highest CLR quartile displayed a mean TL that was 202.86 base pairs shorter (β = −202.86, 95% CI: −253.09 to −152.63). Subgroup analyses and interaction tests revealed that the negative association between CLR and TL was consistent across populations with varying demographics, including gender, race, smoking, and alcohol consumption, suggesting its applicability to diverse population settings. Higher CLR was significantly associated with shorter TL, suggesting a link between systemic inflammation and telomere attrition.",CLR; C-reactive protein-to-lymphocyte ratio; inflammation; National Health and Nutrition Examination Survey; NHANES; telomere length; TL; 6600; Research Article; Observational Study,https://doi.org/10.1097/MD.0000000000045106
https://pmc.ncbi.nlm.nih.gov/articles/PMC12505143/,Examining the relationship between cardiometabolic risk factors and telomere length in women: a systematic review,2025,,Obesity; Dyslipidemia; Hypertension; Insulin resistance; Scholarly Review; AcademicSubjects/SOC02600,https://doi.org/10.1093/geroni/igaf091
https://pmc.ncbi.nlm.nih.gov/articles/PMC12527430/,Effect of Ethnicity on the Relationship Between Telomere Length and Metabolic Markers in Kuwait,2025,,Telomere length; metabolic markers; multiethnicity; diabetes; insulin resistance; Arabs; Clinical Research Article; AcademicSubjects/MED00250,https://doi.org/10.1210/clinem/dgaf164
https://pmc.ncbi.nlm.nih.gov/articles/PMC12534456/,"Gap-free telomere-to-telomere genome assembly of marbled flounder (<italic toggle=""yes"">Pseudopleuronectes yokohamae</italic>)",2025,"Marbled flounder (<italic toggle=""yes"">Pseudopleuronectes yokohamae</italic>) is becoming a commercially important flatfish species in Northeast Asia due to its strong environmental adaptability and excellent nutritional value. However, no high-quality marbled flounder reference genome was reported to date, which greatly limits the studies of evolutionary and functional genomics. Here, we reported the first gap-free T2T genome in flatfish (marbled flounder), with length of 582.73 Mb (contig N50: 26.29 Mb) combing short reads, PacBio HiFi long reads, ONT ultra-long reads, and Hi-C data. All of the genome sequences were assembled onto 24 chromosomes, and 48 telomeres were identified on both ends of all chromosomes. 99.29% complete BUSCOs were identified, demonstrating a high level of completeness. The average mapping ratio of short reads, PacBio HiFi reads, and ONT ultra-long reads aligned to the genome was more than 99.89%. 121.02 Mb repeating elements and 22,778 protein-coding genes were identified in the genome assembly. These results provide valuable resources for the evolutionary genomics research and the identification of key candidate genes for economic traits in marbled flounder.",Genomics; Sequencing; Data Descriptor,https://doi.org/10.1038/s41597-025-05942-5
https://pmc.ncbi.nlm.nih.gov/articles/PMC12508358/,Exploring the shared genetic architecture between leukocyte telomere length and renal cell carcinoma: a cross-trait analysis,2025,,Leukocyte telomere length; RCC; Genome-wide cross-trait analysis; Genetic architecture; Analysis,https://doi.org/10.1007/s12672-025-03565-1
https://pmc.ncbi.nlm.nih.gov/articles/PMC12517040/,Evaluation of a screening protocol for telomere biology disorders in individuals with interstitial lung disease undergoing lung transplant evaluation,2025,,Original Research Article; 13,https://doi.org/10.1183/23120541.00875-2024
https://pmc.ncbi.nlm.nih.gov/articles/PMC12509804/,Telomere length across the spectrum of metabolic health: an analysis from the LIPIDOGEN2015 study,2024,,longevity; metabolic health; metabolic syndrome; obesity; telomere length; Clinical Research,https://doi.org/10.5114/aoms/195465
https://pmc.ncbi.nlm.nih.gov/articles/PMC12486564/,Divergent landscapes and evolutionary trajectories of 5S rDNA and Cassandra retroelement in Saccharinae,2025,,5S rDNA; Cassandra elements; Phylogenetic relationship; Evolution; Research,https://doi.org/10.1186/s12870-025-07279-y
https://pmc.ncbi.nlm.nih.gov/articles/PMC12462306/,"18S/28S rDNA metabarcoding identifies <italic toggle=""yes"">Cryptosporidium parvum</italic> and <italic toggle=""yes"">Blastocystis</italic> ST1 as the predominant intestinal protozoa in hospital patients from Changchun, Northeast China",2025,,"<italic toggle=""yes"">Cryptosporidium parvum</italic>; <italic toggle=""yes"">gp60</italic> IIdA19G1; <italic toggle=""yes"">Blastocystis</italic> ST1; Metabarcoding; Pooled sampling; Northeast China; Intestinal parasites; RDNA amplicons; Research",https://doi.org/10.1186/s13071-025-07043-z
https://pmc.ncbi.nlm.nih.gov/articles/PMC12504294/,Integrative analysis of serum microorganisms and serum metabolomics in osteoporosis patients based on 16S rDNA sequencing and UHPLC/MS-based metabolomics,2025,,metabolomics; microbiome; serum; osteoporosis; biomarkers; Medicine,https://doi.org/10.3389/fmed.2025.1664359
https://pmc.ncbi.nlm.nih.gov/articles/PMC12514575/,"Nucleolar protein DCAF13 promotes non–small cell lung cancer cell proliferation <italic toggle=""yes"">via</italic> facilitating rDNA transcription and ribosome biogenesis",2025,"The nucleolus is an important nonmembranous organelle within the nucleus and is responsible for ribosome biogenesis. This process is frequently upregulated in tumors to support elevated protein synthesis and sustain tumor growth. The transcription of ribosomal DNA (rDNA) into pre-45S rRNA, a rate-limiting step in ribosomal biogenesis, has been reported to be enhanced to drive the progression of non—small cell lung cancer (NSCLC). However, the mechanism that upregulating rDNA transcription in NSCLC remains unclear. Here, we show that rDNA transcript levels were increased in NSCLC tumor tissues. Reduction of rDNA transcription by CX-5461, an RNA polymerase I inhibitor, significantly inhibited NSCLC cell proliferation. We found that the expression level of DDB1- and CUL4-associated factor 13 (DCAF13), a nucleolar protein, positively correlated with that of pre-45S rRNA. DCAF13 knockdown impairs rDNA transcription, ribosome biogenesis, and protein synthesis, indicating that DCAF13 participates in rDNA transcription. Mechanistically, DCAF13 interacts directly with TAF1A, a component of the RNA polymerase I preinitiation complex. This interaction is necessary for preinitiation complex assembly. In addition, DCAF13 is highly expressed in NSCLC, and its expression is negatively correlated with the overall survival in NSCLC patients. DCAF13 knockout inhibited NSCLC cell proliferation, colony formation, and migration, indicating that DCAF13 is a poor prognosis indicator of NSCLC. In summary, we found that DCAF13 promotes NSCLC cell proliferation by coordinating with TAF1A to regulate rDNA transcription and maintain high ribosome biogenesis.",lung cancer; oncogene; cancer biology; ribosome biogenesis; transcription regulation; DCAF13; rDNA; Research Article,https://doi.org/10.1016/j.jbc.2025.110656
https://pmc.ncbi.nlm.nih.gov/articles/PMC12489285/,"The pitfalls of r<styled-content style=""fixed-case"" toggle=""no"">DNA</styled-content>‐based <styled-content style=""fixed-case"" toggle=""no"">AMF</styled-content> identification: a comparative analysis of r<styled-content style=""fixed-case"" toggle=""no"">DNA</styled-content> and protein‐coding genes",2025,"
<list list-type=""bullet"" id=""nph70557-list-0001""><list-item id=""nph70557-li-0001""><p>Intragenomic polymorphism of rDNA in arbuscular mycorrhizal fungi (AMF) has been largely overlooked in ecological and taxonomic studies, and the reliability of nuclear rDNA regions for species identification has not been comprehensively evaluated and compared with protein‐coding genes.</p></list-item><list-item id=""nph70557-li-0002""><p>Analysis of rDNA copies from <italic toggle=""no"">Rhizophagus irregularis</italic> strains revealed average intragenomic distances ranging from 0.08% (small subunit) to 6.9% (internal transcribed spacer 2 (ITS2)), with a maximum of 21.1% in ITS1 within strain DAOM 197198. Intragenomic rDNA polymorphisms are widespread throughout the AM fungal phylogeny, as confirmed by single nucleotide polymorphism density analysis and PacBio sequencing of 148 AM fungal cultures representing 44 species. All commonly targeted rDNA loci in ecological and taxonomic studies are polymorphic, with ITS and large subunit being the most variable, leading to paraphyletic clades and misleading phylogenetic interpretations among closely related species.</p></list-item><list-item id=""nph70557-li-0003""><p>No unique genetic distance threshold can be applied to identify AMF, because none of the examined protein‐coding genes or partial rDNA had a barcode gap. However, indicative distance thresholds of 1% for glomalin, 1.1% for RPB1, and 1.7% for H<sup>+</sup>‐ATPase provide guidance for species delimitation.</p></list-item><list-item id=""nph70557-li-0004""><p>This study characterizes the extent of intragenomic rDNA polymorphism in AMF, underscores the taxonomic challenges posed by highly variable loci, and describes a bioinformatics pipeline for recovering rDNA copies.</p></list-item></list>
",arbuscular mycorrhizal fungi; DNA barcoding; intragenomic polymorphism; PacBio sequencing; protein‐coding genes; rDNA copies; species delimitation; Full Paper; Research,https://doi.org/10.1111/nph.70557
https://pmc.ncbi.nlm.nih.gov/articles/PMC12460815/,Nuclear FGF2 orchestrates phase separation-mediated rDNA chromatin architecture to control BMSCs cell fate,2025,"Ribosomal RNA (rRNA) synthesis is intricately tied to cellular growth and proliferation. Basic fibroblast growth factor (FGF2), a pivotal factor for bone marrow mesenchymal stem cells (BMSCs), can stimulates rRNA transcription, though the underlying mechanism remains unknown. Here, we demonstrate that the cytoplasm-nucleus translocation of FGF2 is determined by the stable nuclear localization motif. Meanwhile, the nuclear FGF2 regulates rRNA expression and BMSCs proliferation via phase separation. Next, through FGF2 related epigenomics and 3D genomes analysis, we identified chromatin architectures during BMSCs differentiation and aging. In the process, topologically associating domains (TADs) and chromatin loops profiling revealed the attenuated genomic interaction among proximal chromosomes 13, 14, 15, 21, and 22, where phase-separated FGF2 facilitates rDNA transcription depend on specific super-enhancers (SEs). Furthermore, we validated that FGF2 orchestrates rDNA chromatin architecture in coordination with STAT5. Together, these findings underscore the pivotal role of FGF2 in rDNA chromatin architectures, which determines BMSCs cell fate.",Bone; Bone quality and biomechanics; Article,https://doi.org/10.1038/s41413-025-00451-y
https://pmc.ncbi.nlm.nih.gov/articles/PMC12508691/,"Hypertranscription of <styled-content style=""fixed-case"" toggle=""no"">rDNA</styled-content> Responsible for Nucleolar Remodelling is a Doorman for Acquiring Pluripotency",2025,"Ribosome biogenesis occurs within the nucleolus, with the initial step being the transcription of ribosomal DNA (rDNA). Although rDNA transcription is limited in somatic cells, it is more active in stem cells. Nevertheless, the mechanisms involved in somatic cell reprogramming remain elusive. Both somatic and stem cell nucleoli exhibit a reticular structure. However, under the electron microscope, we identified an intermediate nucleolar state during reprogramming. This state underwent changes characterised by rDNA hypertranscription, resulting in an enlarged nucleolus, enhanced activity of nucleolus organiser regions (NORs), and a transition from the reticular nucleolar type to an intermediate state of reprogramming, whose three liquid phase boundaries are blurred. Our research revealed that Oct4 was directly targeted to the rDNA enhancer region, promoting its hypertranscription and nucleolar enlargement during reprogramming. Using rDNA transcriptional inhibitors, we proved that nucleolar remodelling and subsequent reprogramming are halted by inhibiting rDNA transcription. But why could rDNA transcriptional activity influence reprogramming? Our findings elucidate that the active nucleoli have the capability to release perinucleolar heterochromatin. By joint analysis of Assay for Transposase‐Accessible Chromatin with high throughput sequencing (ATAC‐seq) and RNA‐seq, we have characterised the perinucleolar chromatin released by the nucleolus in a reprogramming intermediate state. The released chromatin mainly impacted mesenchymal‐to‐epithelial transition (MET)‐related genes. MET is a stage of silencing of mesenchymal genes, accompanied by the activation of epithelial genes. Concurrently, the morphology of mouse embryonic fibroblast cells (MEFs) transitions from elongated spindle‐shaped cells to short roundish forms, exhibiting a propensity to cluster together. MET was considered an early event in reprogramming; our findings suggested that nucleolar remodelling occurred before MET.",chromatin accessibility; iPSC reprogramming; nucleoli; rDNA; Original Article; Original Article,https://doi.org/10.1111/cpr.70052
https://pmc.ncbi.nlm.nih.gov/articles/PMC12469942/,Research Progress on 35S rDNA and 5S rDNA in Sugarcane: Challenges and Prospects,2025,"rDNA is abundant in various organisms, typically expressed as conserved tandem repeats. It plays a crucial role in ribosome synthesis, gene transcription, and expression, and it affects the occurrence of diseases in both animals and plants, aging, protein synthesis, genomic stability, and genome evolution across a wide range of organisms. Among the different types of rDNA, 35S rDNA (also referred to as 45S rDNA) and 5S rDNA are particularly important in plant research. The use of 35S rDNA and 5S rDNA as probes has enabled the study of chromosomal composition, revealing species characteristics that are valuable for crop breeding, evolutionary biology, systematics, and other fields. This review focuses on the application of 35S rDNA and 5S rDNA and discusses research findings on sugarcane and its related germplasm that have been obtained through fluorescence in situ hybridization. This information has provided a foundation for understanding the genetic relationships, genetics, breeding, and evolutionary classification of sugarcane.",35S rDNA; 5S rDNA; sugarcane; FISH; chromosome; Review,https://doi.org/10.3390/ijms26188773
https://pmc.ncbi.nlm.nih.gov/articles/PMC12467288/,"Research on 5S rDNA, Mitochondria and Nutritional Components of <italic toggle=""yes"">Cambaroides dauricus</italic>",2025,"The research aimed to study the characteristics of the mitochondrial genome, nutritional components, and genetic relationships of <italic toggle=""yes"">Cambaroides dauricus</italic>. Phylogenetic analyses showed that <italic toggle=""yes"">Cambaroides dauricus</italic> has a very close relationship with <italic toggle=""yes"">Cambaroides wladiwostokiensis</italic>. The results of 5S rDNA analysis indicated that the genetic relationship between <italic toggle=""yes"">Procambarus clarkii</italic> and <italic toggle=""yes"">Cambaroides dauricus</italic> is quite close. Additionally, the analysis of nutritional components in the muscles of <italic toggle=""yes"">Cambaroides dauricus</italic>’ muscles showed that it is highly nutritious value. The research results presented in this article have positive significance for the industry and genomic research on crayfish.","decapoda; phylogenetics; mitochondrial genome; <italic toggle=""yes"">Cambaroides dauricus</italic>; Article",https://doi.org/10.3390/biology14091215
https://pmc.ncbi.nlm.nih.gov/articles/PMC12508810/,"An update on the phylogeny of capillariid nematodes based on 18S rDNA sequences of <italic toggle=""yes"">Amphibiocapillaria tritonispunctati</italic> (Diesing, 1851) and four other species",2025,"The nematode family Capillariidae represents a taxonomically complex and understudied group of parasitic nematodes infecting a broad range of vertebrate hosts. Despite more than 300 described species, phylogenetic relationships within the family remain unresolved due to limited molecular data and ongoing taxonomic revisions. In this study, we generated new sequences of the 18S ribosomal RNA gene for <italic toggle=""yes"">Amphibiocapillaria tritonispunctati</italic> from the Danube crested newt, <italic toggle=""yes"">Triturus dobrogicus</italic>, and four additional capillariid species (<italic toggle=""yes"">Aonchotheca annulosa</italic>, <italic toggle=""yes"">Baruscapillaria inflexa</italic>, <italic toggle=""yes"">Eucoleus</italic> sp. 1 from the common starling <italic toggle=""yes"">Sturnus vulgaris</italic>, and <italic toggle=""yes"">Eucoleus</italic> sp. 2 from the black-headed gull <italic toggle=""yes"">Chroicocephalus ridibundus</italic>) from birds and rodents, expanding the molecular dataset for the group. Phylogenetic analyses using Bayesian inference and Maximum Likelihood methods revealed <italic toggle=""yes"">A. tritonispunctati</italic> as the earliest-diverging lineage within the Capillariidae, suggesting deep evolutionary divergence. Our results also supported the monophyly of <italic toggle=""yes"">Eucoleus</italic> and <italic toggle=""yes"">Capillaria</italic> and confirmed the distinctness of <italic toggle=""yes"">Baruscapillaria</italic>. Morphological examination of <italic toggle=""yes"">A. tritonispunctati</italic> corroborated its identification and highlighted the weight of diagnostic characters of the genus <italic toggle=""yes"">Amphibiocapillaria</italic>. Our findings underscore the need for broader molecular sampling and integrative taxonomy to clarify capillariid systematics and host-parasite relationships, particularly among nematodes from cold-blooded vertebrates.",Capillariidae; Phylogenetics; Parasite; Helminth; Nematoda; Europe; Amphibians; Research Article,https://doi.org/10.1016/j.crpvbd.2025.100321
https://pmc.ncbi.nlm.nih.gov/articles/PMC11085406/,Potential Use of Andean Tuber Waste for the Generation of Environmentally Sustainable Bioelectricity,2024,"The growing demand for agricultural products has increased exponentially, causing their waste to increase and become a problem for society. Searching for sustainable solutions for organic waste management is increasingly urgent. This research focuses on considering the waste of an Andean tuber, such as Olluco, as a fuel source for generating electricity and becoming a potential sustainable energy source for companies dedicated to this area. This research used Olluco waste as fuel in single-chamber microbial fuel cells using carbon and zinc electrodes. An electric current and electric potential of 6.4 ± 0.4 mA and 0.99 ± 0.09 V were generated, operating with an electrical conductivity of 142.3 ± 6.1 mS/cm and a pH of 7.1 ± 0.2. It was possible to obtain a 94% decrease in COD and an internal resistance of 24.9 ± 2.8 Ω. The power density found was 373.8 ± 28.8 mW/cm<sup>2</sup> and the current density was 4.96 A/cm<sup>2</sup>. On day 14, the cells were connected in earnest, achieving a power of 2.92 V and generating enough current to light an LED light bulb, thus demonstrating the potential that Olluco waste has to be used as fuel in microbial fuel cells.",sustainability; organic waste; Olluco; bioenergy; bioelectricity; Article,https://doi.org/10.3390/molecules29091978
https://pmc.ncbi.nlm.nih.gov/articles/PMC12297067/,"The driving role of extracellular polymeric substances in the bioelectrical conversion of petroleum hydrocarbons by rhizosphere microbial fuel cells: bioelectricity production, substrate bioconversion, microbial function and their network correlation",2025,"Extracellular polymeric substances (EPS), are crucial components of biofilms that drive the bioelectrical conversion of petroleum hydrocarbons (PHCs), but their role has not been adequately addressed. This research explores the driving role of EPS in bioelectrical PHC conversion by rhizosphere microbial fuel cells (MFCs). We found that current density, output voltage, coulombic efficiency, power density, current stabilization time, metabolite volatile fatty acid (VFA) production and PHC biodegradation ratio initially increased and then decreased with rising initial EPS level (0-128 mg·g<sup>− 1</sup>), peaking at 64 ± 1 mA·m<sup>− 2</sup>, 8.04 ± 0.16 V, 60.9 ± 1.2%, 129 ± 3 mW·m<sup>− 2</sup>, 23 ± 1 days, 1.77 ± 0.04 g·kg<sup>− 1</sup> and 66.7 ± 1.5%, respectively. Fluorescence intensity of proteins having tyrosine-tryptophan demonstrated a continuous enhancement, consistent with increased biofilm thickness. Within an appropriate range of initial EPS levels (0–64 mg·g⁻¹), bioelectricity generation and PHC bioconversion enhanced as the EPS content rose in mature biofilms. However, excessive EPS addition could increase biofilm thickness to 0.48 mm, which in turn reduced biofilm activity and overall system performance. The abundances of electrochemically active and PHC-degrading bacteria presented an initial increase followed by a subsequent decrease as the initial EPS level rose, highlighting that EPS at the optimal level enriched and activated these functional bacteria. The positive correlations between the relative abundances of these bacteria and various metrics of bioelectricity generation and PHC bioconversion underscored the critical role of EPS in shaping microbial community structure and enhancing electron transfer efficiency through biofilm formation and stabilization. These findings not only provide a critical theoretical foundation and novel ideas to promote the conversion of PHC into renewable bioenergy but also highlight the potential scalability and environmental benefits of this technology in the field of clean remediation of PHC-polluted soils and recovery of bioenergy. Integrating EPS-driven MFCs with other renewable energy technologies will offer promising opportunities to develop hybrid systems that generate clean energy while mitigating environmental pollution. Furthermore, this approach also has the potential as biosensors for the real-time detection of PHCs, thus contributing to broadening its application in environmental monitoring.",Bioelectricity generation; Bioelectrical conversion; Microbial function; Network correlation; Extracellular polymeric substances; Research,https://doi.org/10.1186/s40643-025-00922-4
https://pmc.ncbi.nlm.nih.gov/articles/PMC11717935/,Modeling suction of unsaturated granular soil treated with biochar in plant microbial fuel cell bioelectricity system,2025,"There is an initiative driven by the carbon-neutrality nature of biochar in recent times, where various countries across Europe and North America have introduced perks to encourage the production of biochar for construction purposes. This objective aligns with the zero greenhouse emission targets set by COP27 for 2050. This research work seeks to assess the effectiveness of biochar in soils with varying grain size distributions in enhancing the soil–water characteristic curve (SWCC). This work further explores the effect of different combinations of biochar content (0 to 15 mass %) on the bioelectricity generation from biochar-improved plant microbial fuel cells (BPMFC). Additionally, different machine learning models such as the “Gradient Boosting (GB)”, “CN2 Rule Induction (CN2)”, “Naive Bayes (NB)”, “Support vector machine (SVM), “Stochastic Gradient Descent (SGD)”, “K-Nearest Neighbors (KNN)”, “Tree Decision (Tree)”, “Random Forest (RF)”, and “Response Surface Methodology” (RSM), have been developed to predict SWCC based on soil suction, electric current, electrical potential, volumetric water content, temperature, and bulk density. The newly established model demonstrates a reasonable ability to predict SWCC and a cheaper technology in predicting the suction of unsaturated soils in relation to the studied bioelectric factors of the BPMFC. Overall, in this research paper, the GB, SVM and CN2 outclassed the other regression techniques in this order thereby proposing the cheapest technology with the highest performance index to predict the SWCC behavior of unsaturated soils in a BPMFC system.",Bioelectricity; Plant microbial fuel cell system; Biochar; Unsaturated granular soil; Suction pressure; Environmental sciences; Civil engineering; Article,https://doi.org/10.1038/s41598-025-85701-z
https://pmc.ncbi.nlm.nih.gov/articles/PMC11711590/,Monitoring and modulating cardiac bioelectricity: from Einthoven to end-user,2024,"In 2024, we celebrate the 100th anniversary of Willem Einthoven receiving the Nobel Prize for his discovery of the mechanism of the electrocardiogram (ECG). Building on Einthoven’s legacy, electrocardiography allows the monitoring of cardiac bioelectricity through solutions to the so-called forward and inverse problems. These solutions link local cardiac electrical signals with the morphology of the ECG, offering a reversible connection between the heart’s electrical activity and its representation on the body surface. Inspired by Einthoven’s work, researchers have explored the transition from monitoring to modulation of bioelectrical activity in the heart for the development of new anti-arrhythmic strategies, e.g. via optogenetics. In this review, we demonstrate the lasting influence that Einthoven has on our understanding of cardiac electrophysiology in general, and the diagnosis and treatment of cardiac arrhythmias in particular.",Electrocardiography; Nobel Prize; Einthoven; Forward problem; Inverse problem; Mechanism of arrhythmia; Reentry; Optogenetics; State of the Art Review; AcademicSubjects/MED00200; Eurheartj/8; Eurheartj/9; Eurheartj/11; Eurheartj/1; Eurheartj/2,https://doi.org/10.1093/europace/euae300
https://pmc.ncbi.nlm.nih.gov/articles/PMC11809311/,Bioelectricity is a universal multifaced signaling cue in living organisms,2025,"The cellular electrical signals of living organisms were discovered more than a century ago and have been extensively investigated in the neuromuscular system. Neuronal depolarization and hyperpolarization are essential for our neuromuscular physiological and pathological functions. Bioelectricity is being recognized as an ancient, intrinsic, fundamental property of all living cells, and it is not limited to the neuromuscular system. Instead, emerging evidence supports a view of bioelectricity as an instructional signaling cue for fundamental cellular physiology, embryonic development, regeneration, and human diseases, including cancers. Here, we highlight the current understanding of bioelectricity and share our views on the challenges and perspectives.",Perspectives,https://doi.org/10.1091/mbc.E23-08-0312
https://pmc.ncbi.nlm.nih.gov/articles/PMC11621926/,"Efficiency of microbial desalination cells in treating wastewater, desalinating saltwater, and generating bioelectricity in Bangladesh<xref rid=""fn1"" ref-type=""fn"">†</xref>",2024,"Desalination ensures the provision of potable water to those living in coastal areas, thereby guaranteeing access to safe drinking water. Urbanization and industrialization pollute natural water sources with untreated and partially treated wastewater. International researchers have been searching for cost-effective and environmentally friendly solutions to the above-highlighted difficulties. Developed countries efficiently treat wastewater and desalinate seawater at a minimal expense while reducing nonrenewable energy consumption using microbial desalination cells (MDCs). The use of ion exchange resin-based MDCs is expected to remove salt from seawater and produce bioelectricity. This research aimed to build MDCs with two types of electrodes and determine their efficiency in the desalination of seawater and generation of bioelectricity while treating wastewater. Results showed that MDCs with Zn–Cu and carbon fiber cloth electrodes effectively treated textile and tannery effluents. Calculations encompassed several parameters such as current, voltage, power, current density, power density, desalination efficiency, rate, COD reduction, and TDS reduction. MDCs containing Zn–Cu electrodes generated energy and removed 65% COD and 33% TDS while treating wastewater. The most efficient MDC (Zn–Cu electrode-based MDC) reduced the salinity of seawater by 85%. At the same time, using the carbon fiber cloth electrode-based MDC, about 78% salinity could have been reduced from seawater. The maximum and minimum desalination rates for this experiment were 1.24 and 1.096 ppt per day, respectively. MDCs efficiently desalinated saltwater, treated wastewater, and generated bioelectricity. Therefore, for countries such as Bangladesh, this method is economically viable.",Chemistry,https://doi.org/10.1039/d4ra06317a
https://pmc.ncbi.nlm.nih.gov/articles/PMC11730527/,Novel ionic liquid-infused PVA-based anion exchange membranes boosting bioelectricity yield from microbial fuel cells,2025,"The goal of this research is to develop and characterize low-cost NH<sub>4</sub>I doped polyvinyl alcohol (PVA)–4-ethyl-4-methylmorpholiniumbromide (ionic liquid) anion exchange membranes (AEM) and its application for membrane cathode assembly. Physical characterization like FTIR, POM, and XRD notified the functional groups, basic structure, and amorphosity of the produced membrane, and it was employed in single-chambered microbial fuel cells (sMFCs) as a separator. The membranes in terms of oxygen diffusion, proton conductivity, and ion exchange capabilities were evaluated. PVA–ionic liquid composite membrane had a greater volumetric power density (PD) with a rise in the ionic liquid concentration, owing to lower internal resistance and reduced biofouling. Ionic conductivity also reduces as loading increases over a certain level of concentration. The incorporation of ionic liquid into the membrane had a considerable impact on impedance minimization (an enhancement in anionic conductivity) and biofouling. When MFC was used with a PVA–ionic liquid-based membrane cathode assembly (MCA), the highest PD of 7.98 W/m<sup>3</sup> was attained which is better than other composite membranes. The MCA surface area boosted the power output. The PVA–ionic liquid composite membrane proved to be a viable alternative to the more costly commercially available MFC membrane. This paper's novelty lies in synthesizing ammonium iodide (NH4I) doped PVA-ionic liquid membrane and further utilizing it as a separator in MFC. Also, this study demonstrates the membrane's potential for enhancing MFC performance, establishing it as a viable alternative to expensive commercial membranes.",Polyvinyl alcohol; Microbial fuel cell; Ionic liquid; Anion exchange membrane; Research Article,https://doi.org/10.1016/j.heliyon.2024.e41426
https://pmc.ncbi.nlm.nih.gov/articles/PMC11205780/,"Reduction of Toxic Metal Ions and Production of Bioelectricity through Microbial Fuel Cells Using <italic toggle=""yes"">Bacillus marisflavi</italic> as a Biocatalyst",2024,"Industrialization has brought many environmental problems since its expansion, including heavy metal contamination in water used for agricultural irrigation. This research uses microbial fuel cell technology to generate bioelectricity and remove arsenic, copper, and iron, using contaminated agricultural water as a substrate and <italic toggle=""yes"">Bacillus marisflavi</italic> as a biocatalyst. The results obtained for electrical potential and current were 0.798 V and 3.519 mA, respectively, on the sixth day of operation and the pH value was 6.54 with an EC equal to 198.72 mS/cm, with a removal of 99.08, 56.08, and 91.39% of the concentrations of As, Cu, and Fe, respectively, obtained in 72 h. Likewise, total nitrogen concentrations, organic carbon, loss on ignition, dissolved organic carbon, and chemical oxygen demand were reduced by 69.047, 86.922, 85.378, 88.458, and 90.771%, respectively. At the same time, the PD<sub>MAX</sub> shown was 376.20 ± 15.478 mW/cm<sup>2</sup>, with a calculated internal resistance of 42.550 ± 12.353 Ω. This technique presents an essential advance in overcoming existing technical barriers because the engineered microbial fuel cells are accessible and scalable. It will generate important value by naturally reducing toxic metals and electrical energy, producing electric currents in a sustainable and affordable way.",agricultural wastewater; heavy metals; removal; bioelectricity; microbial fuel cells; Article,https://doi.org/10.3390/molecules29122725
https://pmc.ncbi.nlm.nih.gov/articles/PMC12533209/,Leukemic Cells Hijack Stromal Bioelectricity to Reprogram the Bone Marrow Niche via CaV1.2‐Dependent Mechanisms,2025,"Mesenchymal stromal cells (MSCs) are key components of the tumor microenvironment (TME), influencing leukemia progression through poorly understood mechanisms. Here, the bioelectrical properties of MSCs derived from pediatric acute myeloid leukemia (AML) patients (AML‐MSCs) are investigated, identifying a significant depolarization of their resting voltage membrane potential (V<sub>mem</sub>, −14.7 mV) compared to healthy MSCs (h‐MSCs, −28.5 mV), accompanied by downregulation of Calcium channel, voltage‐dependent, L type, alpha 1C subunit1.2 (CaV1.2) L‐type calcium channel expression. AML‐MSCs display increased spontaneous calcium oscillations, suggesting altered ion homeostasis. Notably, h‐MSCs exposed to AML blasts undergo a similar V<sub>mem</sub> depolarization (−11.8 mV) and CaV1.2 downregulation, indicating that leukemic cells actively reprogram MSCs. Functionally, V<sub>mem</sub> depolarization in h‐MSCs promotes a pro‐leukemic phenotype, whereas hyperpolarization of AML‐MSCs restores a normal behavior. CaV1.2 over‐expression by lentiviral vectors in AML‐MSCs shifts the V<sub>mem</sub> toward hyperpolarization and partially reverses their leukemia‐supportive properties, in part through CaV1.2 transfer via tunneling nanotubes. These findings reveal that AML blasts impose a bioelectrical signature on MSCs, modulating ion channel activity to sustain a leukemic niche. Targeting this electrical reprogramming through CaV1.2 restoration represents a potential strategy to re‐establish homeostasis in the bone marrow microenvironment.",acute myeloid leukemia; bioelectricity; mesenchymal stromal cells; tumor microenvironment; voltage membrane potential; Research Article; Research Article,https://doi.org/10.1002/advs.202508940
https://pmc.ncbi.nlm.nih.gov/articles/PMC11714408/,Valorization of mixed blackwater/agricultural wastes for bioelectricity and biohydrogen production: A microbial treatment pathway,2025,"The management of wastewater and agricultural wastes has been limited by the separate treatment processes, which exacerbate pollution and contribute to climate change through greenhouse gas emissions. Given the energy demands and financial burdens of traditional treatment facilities, there is a pressing need for technologies that can concurrently treat solid waste and generate energy. This study aimed to evaluate the feasibility of producing bioelectricity and biohydrogen through the microbial treatment of blackwater and agricultural waste using a dual-chamber Microbial Fuel Cell (MFC). The research focused on identifying optimal feedstock ratios and pH conditions, accompanied by biochemical assays to characterize the microbial community involved. The predominant microorganisms identified included <italic toggle=""yes"">Escherichia coli</italic>, <italic toggle=""yes"">Salmonella</italic> spp., and <italic toggle=""yes"">Pseudomonas aeruginosa</italic>, among others. The highest open circuit voltage achieved was 1090 mV at a hydraulic retention time (HRT) of 6 days. Maximum removal efficiencies for Chemical Oxygen Demand (COD) and Biochemical Oxygen Demand (BOD) were 90.87 % and 76.67 %, respectively, with a Columbic efficiency of 40.17 %. The peak power density measured was 345 mW/m<sup>2</sup>, and the highest hydrogen yield was 483 ppm/s. The optimal feedstock ratio was found to be 3:1:1 (300 g cassava peel, 100 g banana peel, and 100 g tomato waste), with ideal pH conditions at 9.35. This study underscores the potential for generating bioelectricity and biohydrogen from the microbial treatment of mixed blackwater and agricultural wastes in a single system, eliminating the need for separate treatment and the use of external energy source. The work contributes to the advancement of environmental engineering and management, bioenergy, microbial fuel cell, and affordable and clean energy.",Blackwater/Agricultural Waste; Microbial treatment; Microbial fuel cell; Biohydrogen; Bioelectricity; Research Article,https://doi.org/10.1016/j.heliyon.2024.e41126
https://pmc.ncbi.nlm.nih.gov/articles/PMC12506653/,"Somatic gonad morphogenesis in <italic toggle=""yes"">C. elegans</italic> requires the heterochronic pathway acting through HBL-1",2025,"Heterochronic genes are known for acting in succession to control the timing of stage-specific events of the developing <italic toggle=""yes"">Caenorhabditis elegans</italic> larva. While most heterochronic mutants have normal gonad development, in a few cases, defective timing regulators lead to variations in gonad development, although with little to no effect on fertility. We found that a double mutant of 2 heterochronic genes, a <italic toggle=""yes""><ext-link http://www.w3.org/1999/xlink href=""https://identifiers.org/bioentitylink/WB:WBGene00003014?doi=10.1093/g3journal/jkaf170"" ext-link-type=""uri"">lin-28</ext-link></italic> null allele and <italic toggle=""yes""><ext-link http://www.w3.org/1999/xlink href=""https://identifiers.org/bioentitylink/WB:WBGene00001824?doi=10.1093/g3journal/jkaf170"" ext-link-type=""uri"">hbl-1</ext-link></italic> hypomorphic allele, results in a catastrophic failure of gonad morphogenesis resulting in sterility. This defect includes a high-penetrance disruption of normal gonad arm migration as well as frequent absence of 1 or both spermathecae. We demonstrate that the abnormal gonad morphology and novel sterility phenotype is ultimately due to loss of <italic toggle=""yes""><ext-link http://www.w3.org/1999/xlink href=""https://identifiers.org/bioentitylink/WB:WBGene00001824?doi=10.1093/g3journal/jkaf170"" ext-link-type=""uri"">hbl-1</ext-link></italic> activity in larval development. To clarify the mechanism of how <italic toggle=""yes""><ext-link http://www.w3.org/1999/xlink href=""https://identifiers.org/bioentitylink/WB:WBGene00003014?doi=10.1093/g3journal/jkaf170"" ext-link-type=""uri"">lin-28</ext-link></italic> positively influences <italic toggle=""yes""><ext-link http://www.w3.org/1999/xlink href=""https://identifiers.org/bioentitylink/WB:WBGene00001824?doi=10.1093/g3journal/jkaf170"" ext-link-type=""uri"">hbl-1</ext-link></italic> activity, we demonstrate a direct interaction between the RNA-binding protein <ext-link http://www.w3.org/1999/xlink href=""https://identifiers.org/bioentitylink/WB:WBGene00003014?doi=10.1093/g3journal/jkaf170"" ext-link-type=""uri"">LIN-28</ext-link> and the 5′UTR of <italic toggle=""yes""><ext-link http://www.w3.org/1999/xlink href=""https://identifiers.org/bioentitylink/WB:WBGene00003031?doi=10.1093/g3journal/jkaf170"" ext-link-type=""uri"">lin-46</ext-link></italic>, and in turn, a direct interaction between <ext-link http://www.w3.org/1999/xlink href=""https://identifiers.org/bioentitylink/WB:WBGene00003031?doi=10.1093/g3journal/jkaf170"" ext-link-type=""uri"">LIN-46</ext-link> and 2 zinc fingers of <ext-link http://www.w3.org/1999/xlink href=""https://identifiers.org/bioentitylink/WB:WBGene00001824?doi=10.1093/g3journal/jkaf170"" ext-link-type=""uri"">HBL-1</ext-link>. Nevertheless, our genetic analysis indicates that <italic toggle=""yes""><ext-link http://www.w3.org/1999/xlink href=""https://identifiers.org/bioentitylink/WB:WBGene00003031?doi=10.1093/g3journal/jkaf170"" ext-link-type=""uri"">lin-46</ext-link></italic> accounts for only part of <italic toggle=""yes""><ext-link http://www.w3.org/1999/xlink href=""https://identifiers.org/bioentitylink/WB:WBGene00003014?doi=10.1093/g3journal/jkaf170"" ext-link-type=""uri"">lin-28</ext-link></italic>'s regulation of <italic toggle=""yes""><ext-link http://www.w3.org/1999/xlink href=""https://identifiers.org/bioentitylink/WB:WBGene00001824?doi=10.1093/g3journal/jkaf170"" ext-link-type=""uri"">hbl-1</ext-link></italic> and that some portion of <italic toggle=""yes""><ext-link http://www.w3.org/1999/xlink href=""https://identifiers.org/bioentitylink/WB:WBGene00003014?doi=10.1093/g3journal/jkaf170"" ext-link-type=""uri"">lin-28</ext-link></italic>'s effect is independent of <italic toggle=""yes""><ext-link http://www.w3.org/1999/xlink href=""https://identifiers.org/bioentitylink/WB:WBGene00003031?doi=10.1093/g3journal/jkaf170"" ext-link-type=""uri"">lin-46</ext-link></italic>.","<italic toggle=""yes"">Caenorhabditis elegans</italic>; gonad morphogenesis; heterochronic genes; nematode development; RNA-binding; zinc fingers; WormBase; Investigation; AcademicSubjects/SCI01180; AcademicSubjects/SCI01140",https://doi.org/10.1093/g3journal/jkaf170
https://pmc.ncbi.nlm.nih.gov/articles/PMC12520088/,"Rad53 orchestrates divergent pathways governing genotoxic resistance, morphogenesis, and virulence in <italic toggle=""yes"">Candida albicans</italic>: Mechanistic decoupling through overexpression analysis",2025,"The DNA damage response (DDR), an evolutionarily conserved surveillance mechanism enabling cells to detect genomic lesions and cell cycle arrest for repair, coordinates genomic stability through key effector kinases. In <italic toggle=""yes"">Candida albicans</italic>, our prior work characterized Rad53-mediated transcriptional reprogramming based on the <italic toggle=""yes"">RAD53</italic> deletion strain, establishing its canonical DDR functions. However, Rad53 activation dynamically orchestrates cell cycle synchronization and repair coordination during genotoxic challenge. Investigating cellular modifications resulting from increased Rad53 functionality is essential for a deeper understanding of its regulatory response. To this end, we overexpressed Rad53 revealing its dual regulatory capacity in stress adaptation and developmental plasticity. Global transcriptomic profiling demonstrated that <italic toggle=""yes"">RAD53</italic> overexpression enhances methyl methanesulfonate (MMS) resistance while paradoxically stimulating filamentous growth, accompanied by upregulation of DNA repair/replication genes (<italic toggle=""yes"">RFA3</italic>, <italic toggle=""yes"">POL30</italic>) and non-canonical DDR targets including cell wall remodeling factors. Comparative analysis of <italic toggle=""yes"">RAD53</italic> deletion and overexpression transcriptomes identified enriched transcription factors, notably Sfl1, Yox1, and Rfx1. In particular, Rfx1 mediated the resistance to genotoxic stress resulting from <italic toggle=""yes"">RAD53</italic> overexpression or deletion. Surprisingly, Rad53 overexpression substantially hindered hyphal formation and virulence, whereas its kinase-dead mutation restored these deficiencies. Notably, Rad53’s role in mediating morphogenesis was independent of Rfx1. This multi-modal functionality positions Rad53 as a critical node interfacing genomic stability, developmental plasticity, and pathogenicity in <italic toggle=""yes"">C. albicans</italic>. Our study enhances the understanding of the DDR pathway in <italic toggle=""yes"">C. albicans</italic>, providing a potential target for treating this fungal pathogen.","<italic toggle=""yes"">Candida albicans</italic>; virulence; checkpoint kinase; Rad53; hyphal formation; Research Article; Fungal and Parasitic Pathogenesis",https://doi.org/10.1080/21505594.2025.2569631
https://pmc.ncbi.nlm.nih.gov/articles/PMC12508835/,Integrative Spatial and Single-Nucleus Transcriptomics Elucidate Cell Lineage Dynamics in Human Tooth Morphogenesis,2025,,Human embryonic teeth; Spatial RNA sequencing; Single-nucleus RNA sequencing; Spatial-temporal expression pattern; Scientific Research Report,https://doi.org/10.1016/j.identj.2025.103920
https://pmc.ncbi.nlm.nih.gov/articles/PMC12535978/,Editorial: Editors’ showcase 2024: insights in morphogenesis and patterning,2025,,morphogenesis; patterning; development; zygotic activation; evolution; Cell and Developmental Biology,https://doi.org/10.3389/fcell.2025.1712557
https://pmc.ncbi.nlm.nih.gov/articles/PMC12525016/,Molecular Insights into Human Placentation: From Villous Morphogenesis to Pathological Pathways and Translational Biomarkers,2025,"Placental dysfunction underlies the major obstetric syndromes, including preeclampsia, fetal growth restriction, placenta accreta spectrum, pregnancy loss, and monochorionic twin complications. Recent molecular studies have revealed that dysregulated oxygen sensing, impaired angiogenic signaling, altered immune tolerance, and defective trophoblast fusion represent shared pathogenic pathways that converge across these disorders. Integrating morphological evidence with mechanistic data highlights how villous maldevelopment, shallow trophoblast invasion, and aberrant vascular remodeling translate into clinical disease. Advances in biomarker research have already transformed clinical care: the sFlt-1/PlGF ratio is now established in the prediction and management of preeclampsia, while placental proteins such as PAPP-A and PP13, nucleic acid signatures including cfDNA, cfRNA and miRNAs, and extracellular vesicle cargo show promising potential for early, non-invasive detection of placental pathology. Multi-omics approaches, particularly single-cell and spatial transcriptomics combined with proteomic and metabolomic profiling, are paving the way for composite diagnostic panels that capture the polygenic and multicellular nature of placental disease. This review synthesizes current knowledge of molecular mechanisms, histological correlates, and translational biomarkers, and outlines how precision obstetrics may emerge from bridging mechanistic discoveries with clinical applications.",placenta; molecular insights; trophoblast invasion; maternal–fetal interface; preeclampsia; fetal growth restriction; placenta accreta spectrum; biomarkers; multi-omics; Review,https://doi.org/10.3390/ijms26199483
https://pmc.ncbi.nlm.nih.gov/articles/PMC12526163/,Characterization and Phylogenetic Analysis of MADS-Box Gene Family in Magnoliids: Insights into the Evolution of Floral Morphogenesis in Angiosperms,2025,"Magnoliids represent one of the most basal lineages within angiosperms, and their ancestral floral morphology provides crucial insights into the evolution of flowers in angiosperms. MCM1-AGAMOUS-DEFICIENS-SRF (MADS)-box transcription factors play crucial roles in specifying floral organs. To understand their evolutionary history and functional divergence in magnoliids, we identified MADS-box genes, and conducted phylogenetic and expression analysis in 33 magnoliids and 8 other angiosperm plants. A total of 1310 MADS-box genes were identified and classified into Type I and Type II. The expansion of MADS-box genes in magnoliids mainly arose from whole-genome duplication events. In <italic toggle=""yes"">Liriodendron chinensis</italic> and <italic toggle=""yes"">Chimonanthus praecox</italic>, we identified floral homeotic MADS-box genes that are orthologous to the ABCDE model genes of floral organ identity determination. The broad expression pattern of A and B genes in floral organs and overlapping activity of ABCDE-model genes are consistent with the “shifting−fading borders” scheme proposed in basally diverging angiosperm lineages. Our results not only elucidate the driving forces underlying the diversification of MADS-box genes in magnoliids, but also shed light on the evolutionary models of floral development in angiosperms.",magnoliids; MADS-box genes; expression pattern; ABCDE model; evolution of floral development; Article,https://doi.org/10.3390/plants14192991
https://pmc.ncbi.nlm.nih.gov/articles/PMC12510268/,Abnormal Internal Carotid Artery Kinking in a Cadaver: Morphogenesis and a Potential Link to Alzheimer’s Disease,2025,"We report the case of a 95-year-old female cadaver with a documented history of Alzheimer’s disease (AD) and an anteroinferior kinking of the right internal carotid artery (ICA). On dissection, the right ICA bifurcated at the superior one-third of C3 and demonstrated a marked kink with an inferior deviation of 45° followed by superior redirection of 60°, consistent with morphologic criteria for kinking. A digital caliper was used to obtain vessel measurements. The right ICA lumen measured 4.2 mm in diameter with a focal wall thickness of 2.5 mm, exceeding the Mannheim consensus plaque threshold of 1.5 mm and consistent with advanced atherosclerosis. No histologic sections were available to confirm carotid plaque composition, and the diagnosis of AD was based on past medical history without neuropathologic staging. Nevertheless, the coexistence of severe ICA kinking and extensive plaque formation raises the possibility that chronic vascular insufficiency contributed to the decedent's cognitive decline. This interpretation remains speculative, particularly in the context of advanced age and likely coexisting vascular risk factors. This case underscores the importance of recognizing congenital and acquired ICA anomalies during morphologic and clinical evaluation. Quantitative assessment of ICA variation may help refine diagnostic considerations in dementia and support further investigation into the vascular contributions to neurodegeneration.",alzheimer's disease; atherosclerosis; carotid artery kinking; cerebrovascular disease; internal carotid artery (ica); vascular dementia; vascular morphogenesis; Neurology; Cardiology; Anatomy,https://doi.org/10.7759/cureus.91906
https://pmc.ncbi.nlm.nih.gov/articles/PMC12497650/,"<italic toggle=""yes"">FOXP</italic> genes regulate Purkinje cell diversity and cerebellar morphogenesis",2025,"Cerebellar Purkinje cells (PCs), the sole output neurons of the cerebellar cortex, are essential for motor coordination, learning and circuit formation. While functionally diverse, the extent of PC heterogeneity and the molecular drivers of this diversity remain unclear. Using single-cell RNA sequencing, we identified at least 11 molecularly distinct PC subtypes in the embryonic mouse cerebellum. Spatial reconstruction revealed that these subtypes are organized in embryonic patterns that predict key features of adult cerebellar architecture, including longitudinal stripes and lobular specificities. PC-subtype identity is defined by the combinatorial expression of <italic toggle=""yes"">Foxp1</italic>, <italic toggle=""yes"">Foxp2</italic> and <italic toggle=""yes"">Foxp4</italic>. Genetic deletion of <italic toggle=""yes"">Foxp1</italic> and <italic toggle=""yes"">Foxp2</italic> disrupts PC diversification and cerebellar patterning, including the loss of a <italic toggle=""yes"">Foxp1</italic><sup>+</sup> subtype and the failure of cerebellar hemisphere formation. <italic toggle=""yes"">Foxp1</italic><sup>+</sup> PCs are enriched in the fetal human cerebellum but are rare in chick, suggesting a role in cerebellar evolution. These findings uncover early PC diversification and identify Foxp1<sup>+</sup> PCs as critical regulators of cerebellar hemispheric development.",Differentiation; Cell type diversity; Cerebellum; Article,https://doi.org/10.1038/s41593-025-02042-w
https://pmc.ncbi.nlm.nih.gov/articles/PMC12502467/,"Coordinated expression of <styled-content style=""fixed-case"" toggle=""no"">BMP10</styled-content>/<styled-content style=""fixed-case"" toggle=""no"">ALK1</styled-content>/endoglin—proteins that drive embryonic cardiac and vascular morphogenesis—in patients with heart failure: The <styled-content style=""fixed-case"" toggle=""no"">EMPEROR</styled-content> Program",2025,,Expression of foetal genes; Heart failure; BMP10; ALK1; Endoglin; Research Article; BASIC MECHANISM,https://doi.org/10.1002/ejhf.3764
https://pmc.ncbi.nlm.nih.gov/articles/PMC12514029/,Injury-induced intestinal stem cell renewal requires capillary morphogenesis gene 2,2025,"Patients with the rare genetic disorder Hyaline Fibromatosis Syndrome (HFS) often succumb before 18 months of age due to severe diarrhea. As HFS is caused by loss-of-function mutations in the gene encoding capillary morphogenesis gene 2 (CMG2), these symptoms highlight a critical yet unexplored role for CMG2 in the gut. Here, we demonstrate that CMG2 knockout mice exhibit normal colon morphology and no signs of inflammation until the chemical induction of colitis. In these conditions, the colons of knockout mice do not regenerate despite previously experiencing similarly severe colitis, due to an inability to replenish their intestinal stem cell pool. Specifically, CMG2 knockout impairs the transition from fetal-like to Lgr5+ adult stem cells, which is associated with a defect in ß-catenin nuclear translocation. Based on our findings, we propose that CMG2 functions as a context-specific modulator of Wnt signaling, essential for replenishing the pool of intestinal stem cells following injury. This study provides new insights into the molecular mechanisms underlying lethal diarrhea in HFS and offers a broader understanding of fetal-like regenerative responses.","Lgr5; Regeneration; Fetal-like Stem Cells; Colitis; Wnt Signaling; Digestive System; Genetics, Gene Therapy & Genetic Disease; Article",https://doi.org/10.1038/s44321-025-00295-3
https://pmc.ncbi.nlm.nih.gov/articles/PMC12525383/,Mechanistic Insights into Cytokinin-Regulated Leaf Senescence in Barley: Genotype-Specific Responses in Physiology and Protein Stability,2025,"Cytokinins (CKs) are central regulators of leaf senescence, yet their cultivar-specific functions in cereals remain insufficiently understood. Here, we examined dark-induced senescence (DIS) in three barley (<italic toggle=""yes"">Hordeum vulgare</italic> L.) cultivars: Carina, Lomerit, and Bursztyn, focusing on responses to exogenous benzyladenine (BA) and inhibition of endogenous CK biosynthesis via the mevalonate (MVA) pathway using lovastatin (LOV). Bursztyn, a winter cultivar, displayed a previously uncharacterized stay-green phenotype, characterized by delayed chlorophyll and protein degradation and reduced sensitivity to BA with respect to chlorophyll retention. In contrast, Carina (spring) senesced rapidly but exhibited strong responsiveness to BA. Lomerit (winter) showed an intermediate phenotype, combining moderate natural resistance to senescence with clear responsiveness to BA. CK application suppressed SAG12 cysteine protease accumulation in all cultivars, serving as a marker of senescence and N remobilization, stabilized photosystem II efficiency, preserved photosynthetic proteins, and alleviated oxidative stress without promoting excessive energy dissipation. Although BA only partially mitigated the decline in net CO<sub>2</sub> assimilation, it sustained ribulose-1,5-bisphosphate regeneration, supported electron transport, and stabilized Rubisco and Rubisco activase. Moreover, LOV-based inhibition of the MVA pathway of CK biosynthesis revealed that endogenous CK contributions to senescence delay were most pronounced in Lomerit, moderate in Bursztyn, and negligible in Carina, indicating genotype-specific reliance on MVA-versus methylerythritol phosphate (MEP) pathway-derived CK pools. Collectively, these findings identify Bursztyn as a novel genetic resource for stay-green traits and demonstrate that BA delays DIS primarily by maintaining photosynthetic integrity and redox balance. The results highlight distinct regulatory networks shaping CK-mediated senescence responses in cereals, with implications for improving stress resilience and yield stability.",barley; cytokinins; benzyladenine (BA); lovastatin (LOV); leaf senescence; dark-induced senescence (DIS); stay-green phenotype; photosynthesis; reactive oxygen species (ROS); photosynthetic protein stability; Article,https://doi.org/10.3390/ijms26199749
https://pmc.ncbi.nlm.nih.gov/articles/PMC12522741/,CLE14 peptide delays broccoli senescence by regulating chlorophyll metabolism and reactive oxygen species homeostasis,2025,"CLE (CLAVATA3/Endosperm surrounding region-related) is a peptide hormone with multiple biological functions in plants. Previous studies have demonstrated that it plays an important role in modulating leaf senescence in <italic toggle=""yes"">Arabidopsis</italic>. However, the role of the CLE in broccoli senescence remains largely unknown. Here, we found that the expression of <italic toggle=""yes"">BoCLE14</italic> was highly induced in broccoli during storage, and exogenous application of 50 µM CLE14 significantly delayed the senescence of broccoli. Transcriptomic analysis revealed that chlorophyll metabolism and peroxisomes are involved in CLE14-mediated broccoli senescence. qRT-PCR analysis showed that the expression of the chlorophyll degradation genes <italic toggle=""yes"">BoPPH</italic>, <italic toggle=""yes"">BoPAO</italic>,<italic toggle=""yes""> BoNYC1</italic> and <italic toggle=""yes"">BoCLH2</italic> were inhibited by CLE14 treatment, resulting in higher levels of chlorophyll. Moreover, CLE14 treatment also prevented reactive oxygen species (ROS) accumulation by increasing antioxidant enzyme activities and the O<sub>2</sub><sup>•−</sup> scavenging rate. Overall, these results demonstrate that CLE14 treatment delays broccoli senescence by inhibiting chlorophyll degradation and improving the antioxidant capacity of broccoli, which provides both theoretical foundations and practical strategies for developing bioactive peptide-based green preservation technologies.",Peptide; CLE; Broccoli senescence; Chlorophyll metabolism; Reactive oxygen species; Research,https://doi.org/10.1186/s12870-025-07326-8
https://pmc.ncbi.nlm.nih.gov/articles/PMC12521829/,THC reverses SIV-induced senescence in astrocytes: possible compensatory mechanism against HIV associated brain injury?,2025,,NeuroHIV; cannabinoid receptor modulation; astrocyte activation; neuroprotection; endocannabinoid signaling; HIV-associated brain injury (HABI); CB1/CB2 receptor activation; Tat neurotoxicity; Original Research,https://doi.org/10.3389/fncel.2025.1642917
