paper_url,paper_name,paper_year,abstract,keywords,doi_url
https://www.ncbi.nlm.nih.gov/pubmed/41122866,Chidamide Accelerates the Death of Senescence-Like Diffuse Large B-Cell Lymphoma Cells With TP53 Mutation Induced by Doxorubicin.,2025,"Diffuse large B-cell lymphoma (DLBCL), a heterogeneous malignancy characterized by distinct genetic and clinical subtypes, remains a therapeutic challenge despite standard R-CHOP chemotherapy. This study systematically investigated the synergistic anti-tumor efficacy and mechanism of the histone deacetylase inhibitor chidamide (CHI) combined with doxorubicin (DOX) in DLBCL models. Through multimodal experimental approaches including CCK8 proliferation assays, senescence-associated β-galactosidase (SA-β-gal) staining analysis, comet assay for DNA damage quantification, and comprehensive western blotting for molecular mechanism elucidation, we identified a potent synergistic interaction between CHI and DOX. By constructing a xenograft tumor model, the synergistic effect of the two drugs and its mechanism in vivo were confirmed. Our research found that CHI showed cell cycle inhibition and apoptosis induction effects on DLBCL cells. When combined with DOX, both synergistically inhibited the proliferation of DLBCL cells and promoted death of DOX-induced senescent cells. Preliminary mechanism studies revealed that CHI can reduce the level of mutant p53, inhibit cell senescence, and induce irreparable DNA damage in DOX-induced senescent tumor cells, ultimately leading them into programmed apoptosis. Thus, the ""One-two punch"" strategy increased the sensitivity of p53-mutated DLBCL cells to CHI. In summary, our study demonstrates that CHI synergizes with DOX to suppress DLBCL and presents a promising strategy to augment the therapeutic efficacy of DOX.","Doxorubicin, Lymphoma, Large B-Cell, Diffuse, Humans, Animals, Tumor Suppressor Protein p53, Mice, Aminopyridines, Cellular Senescence, Mutation, Benzamides, Apoptosis, Cell Line, Tumor, Xenograft Model Antitumor Assays, Cell Proliferation, Drug Synergism, DNA Damage, Antibiotics, Antineoplastic, Mice, Nude, Histone Deacetylase Inhibitors",https://doi.org/10.1096/fj.202500962RR
https://www.ncbi.nlm.nih.gov/pubmed/41098800,The Ambiguous Role of HMGB1 Across the Hallmarks of Aging: A Narrative Review.,2025,"Aging is a complex, multifactorial process driven by interconnected biological mechanisms collectively known as the hallmarks of aging, which contribute to functional decline and the onset of age-related diseases. High-mobility group box 1 (HMGB1), a nuclear DNA chaperone and damage-associated molecular pattern (DAMP), plays a pivotal role in regulating these hallmarks through its dual functions: preserving genomic stability within the nucleus and promoting inflammatory responses when released extracellularly. This review examines the multifaceted involvement of HMGB1 in key aging hallmarks, such as genomic instability, telomere attrition, mitochondrial dysfunction, and chronic inflammation among others. Preclinical studies demonstrate that nuclear HMGB1 supports chromatin integrity and DNA repair, whereas its extracellular release triggers TLR4/RAGE signaling pathways, thereby intensifying inflammaging and senescence-associated secretory phenotypes (SASP). Emerging therapeutic approaches-such as HMGB1 inhibitors, neutralizing antibodies, and epigenetic modulators-show potential in restoring genomic homeostasis and mitigating age-related pathologies. Nevertheless, significant challenges remain, including elucidating HMGB1's roles in nutrient sensing and psychosocial stress, fine-tuning interventions to preserve its nuclear functions while minimizing extracellular toxicity, and establishing efficacy in human clinical settings. Addressing these gaps may position HMGB1 as a promising multifunctional target for delaying aging and translating preclinical findings into clinical applications.","HMGB1 Protein, Humans, Aging, Inflammation, Genomic Instability, Animals, Signal Transduction, Senescence-Associated Secretory Phenotype, DNA Repair",https://doi.org/10.2147/CIA.S550572
https://www.ncbi.nlm.nih.gov/pubmed/41120620,Diversity of oxidative stress and senescence phenotypes induced by chemotherapeutic agents in HUVECs.,2025,"Chemotherapy-induced endothelial cell senescence impacts tumor angiogenesis and therapy outcomes. While senescence can suppress tumorigenesis, it may also promote chronic inflammation and vascular toxicity. This study investigates how different chemotherapeutic agents induce senescence in human umbilical vein endothelial cells (HUVECs) and explores the roles of reactive oxygen species (ROS) and ataxia telangiectasia mutated (ATM) kinase. HUVECs were treated with DNA crosslinkers (doxorubicin, mitomycin C), topoisomerase inhibitors (etoposide, camptothecin), and methotrexate (MTX). Senescence was assessed via senescence-associated β-galactosidase (SA-β-gal) staining, senescence-associated secretory phenotype related factors, Phalloidin staining, immunofluorescence (p53, Ki67, 53BP1, γH2AX), mitochondrial morphology, ROS measurement, and transcriptomic sequencing. ROS scavenger Mito-Q and ATM inhibitor KU55933 were co-administered to evaluate their modulatory effects. SA-β-gal staining demonstrated that all agents induced senescence, with etoposide being the most potent (80% SA-β-gal-positive cells) and methotrexate the weakest (40%). DNA damage markers (53BP1, γH2AX) and ROS levels increased significantly, accompanied by mitochondrial fragmentation, reduced Ki67, and increased cell morphology. Furthermore, Mito-Q alleviated methotrexate-induced senescence but had no effect on other agents. ATM inhibition did not demonstrate an effect across all treatments in this study. Transcriptomic analysis revealed the p53 signaling pathway as a pivotal molecular determinant in chemotherapy-induced cellular senescence. MTX appeared mechanistically linked to TNF-mediated signaling cascades. Chemotherapeutic agents triggered endothelial senescence via DNA damage and ROS accumulation, with heterogeneity in potency and mechanisms. ROS scavengers may mitigate methotrexate-associated vascular toxicity, and targeting ROS could enhance chemotherapy safety by preserving endothelial function.","Humans, Cellular Senescence, Human Umbilical Vein Endothelial Cells, Reactive Oxygen Species, Oxidative Stress, Ataxia Telangiectasia Mutated Proteins, Antineoplastic Agents, Methotrexate, Phenotype, Senescence-Associated Secretory Phenotype, Mitochondria, Etoposide",https://doi.org/10.1038/s41598-025-20652-z
https://www.ncbi.nlm.nih.gov/pubmed/41113460,"Mitochondrial dysfunction in age-related sarcopenia: mechanistic insights, diagnostic advances, and therapeutic prospects.",2025,"Sarcopenia is a progressive age-related decline in skeletal muscle mass, strength, and function, representing a significant health burden in older adults. Diagnostic criteria have been established that integrate measures of muscle mass, strength, and physical performance [e.g., European Working Group on Sarcopenia in Older People 2010 (EWGSOP1) and 2019 (EWGSOP2) criteria]. Mechanistically, sarcopenia is driven by hormonal changes, chronic inflammation, cellular senescence, and, importantly, mitochondrial dysfunction. Age-related declines in sex hormones and activation of myostatin impair muscle regeneration and metabolism, while chronic low-grade inflammation disrupts protein synthesis and accelerates proteolysis via the ubiquitin-proteasome system (UPS) and autophagy-lysosome pathway (ALP). The accumulation of senescent cells and their secretory phenotype further exacerbates muscle degeneration and functional decline. Mitochondrial dysfunction plays a central role, characterized by impaired biogenesis, excessive reactive oxygen species (ROS) production, compromised autophagy/mitophagy, and accumulation of mitochondrial DNA (mtDNA) mutations. These defects collectively disrupt muscle energy homeostasis, promoting atrophy. The AMPK/SIRT1/PGC-1α and mTORC1 signaling pathways, along with PINK1/Parkin-mediated and receptor-dependent mitophagy, are essential for regulating mitochondrial biogenesis, protein synthesis, and mitochondrial quality control. Current and emerging therapeutic approaches include resistance and endurance exercise, nutritional and pharmacological agents targeting mitochondrial health, and hormonal modulation. Innovative treatments such as senolytics, exerkines, and gene therapies show promise but require further validation. Future advances in mechanistic understanding, diagnostics, and therapeutic strategies offer hope for mitigating sarcopenia and improving the quality of life in aging populations.",,https://doi.org/10.3389/fcell.2025.1590524
https://www.ncbi.nlm.nih.gov/pubmed/41120532,Assortative breeding experiment in a songbird suggests telomere length is determined during early life rather than at conception.,2025,"Telomere length (TL) early in life often shows high heritability and may predict telomere shortening later in life and life expectancy. Yet, there is limited data about what influences TL and TL change at early developmental stages. It is debated whether early-life TL is determined at conception or shaped by early environmental conditions. Here, we investigate whether TL and telomere shortening are set close to conception. We assortatively paired zebra finches (Taeniopygia guttata) based on their TL when nestlings, forming two parental pair groups with either 'short' or 'long' TL. We then measured TL in the offspring of these pairs at the embryo and nestling stages. In embryos, TL did not differ between offspring from the two parental pair groups. However, in nestlings, particularly in sons, offspring TL matched parental TL. Our results suggest that early-life TL itself is not determined at conception. Instead, telomere shortening rate before and just after hatching appears to determine early postnatal TL. These findings highlight that early development is critical for telomere shortening during early life stages and that it may be a key process underlying the similarity in early-life TL between parents and offspring, potentially affecting telomere dynamics throughout life.","Animals, Female, Male, Telomere, Telomere Shortening, Finches, Fertilization, Breeding, Telomere Homeostasis, Songbirds",https://doi.org/10.1038/s41598-025-23517-7
https://www.ncbi.nlm.nih.gov/pubmed/41084113,Mitochondrial Oxidative Stress and Cardiac Dysfunction in TERT Deficient Progeria Mice.,2025,"Heart failure (HF) is a major cause of hospitalisation in the elderly. Its incidence increases with aging and the presence of risk factors such as hypertension and diabetes. Aging-related myocardial fibrosis, characterised by alterations in the extracellular matrix and myocardial structure, leads to impairment of cardiac function. However, the specific mechanisms linking mitochondrial oxidative stress to cardiac remodelling in aging remain unclear. To elucidate the mechanisms underlying aging-related ventricular electrical and structural remodelling and to determine the role of mitochondrial dysfunction in modulating aging-associated HF. We developed third-generation homozygous telomerase reverse transcriptase deficient (TERT<sup>-/-</sup>) progeria mice to model accelerated aging. Compared to wild-type controls, these mice exhibited marked upregulation of aging-associated genes and proteins such as p53 in ventricular tissue. Echocardiographic analysis revealed significant reductions in left ventricular ejection fraction and fractional shortening, indicating both systolic and diastolic dysfunction. Histological staining showed increased interstitial fibrosis and inflammatory cell infiltration, which correlated with elevated expression of fibrosis markers including collagen type I and TGF-β. Electrocardiography and epicardial mapping demonstrated prolonged QRS duration and slowed ventricular conduction velocity. These findings, together with increased conduction heterogeneity, are indicative of electrical remodelling. Furthermore, RNA sequencing and biochemical assays identified upregulation of mitochondrial oxidative stress pathways and elevated levels of malondialdehyde and MnSOD, alongside disrupted mitochondrial ultrastructure and downregulation of mitochondrial dynamics-related proteins such as MFN2 and Drp1. These findings highlight the central role of mitochondrial dysfunction in driving structural and electrical cardiac remodelling in aging. The findings demonstrate that third-generation TERT<sup>-/-</sup> senescent mice exhibit significant cardiac impairments, including electrical remodelling, structural changes, and mitochondrial dysfunction, suggesting mitochondrial oxidative stress may be related to aging-related HF. These insights underscore the potential of targeting mitochondrial dysfunction for therapeutic strategies in aging-related HF. Collectively, these data demonstrate that telomerase deficiency drives cardiac structural and electrical remodelling through mitochondrial oxidative stress, underscoring mitochondrial quality control as a potential therapeutic target in aging-related HF.","Animals, Oxidative Stress, Telomerase, Mice, Progeria, Mitochondria, Heart, Aging, Mice, Knockout, Male, Fibrosis",https://doi.org/10.1111/1440-1681.70082
https://www.ncbi.nlm.nih.gov/pubmed/41122379,Emerging roles of primary cilia in the pathogenesis of amyotrophic lateral sclerosis.,2025,"Amyotrophic lateral sclerosis (ALS) is a progressive neurodegenerative disease primarily affecting motor neurons, for which effective disease-modifying therapies remain elusive. Primary cilia are solitary microtubule-based organelles critical for signal transduction and have recently been implicated in ALS pathogenesis. In this review, we provide a basic overview of the structure, dynamics, and functions of primary cilia, particularly in the brain. We highlight accumulating evidence from ALS models showing altered ciliary structure and function and explore how mutations in ALS-associated genes such as <i>NEK1</i>, <i>C21orf2</i>, and <i>C9orf72</i> disrupt ciliogenesis and ciliary signaling. Moreover, we examine the interplays between primary cilia dysfunction and known ALS-related mechanisms, including loss of proteostasis, abnormal RNA metabolism, microtubule dysfunction, neuroinflammation, and mitochondrial dysfunction. Collectively, the evidence suggests a bidirectional relationship in which ciliary impairment and ALS pathomechanisms reinforce one another in a vicious cycle. We further discuss emerging therapeutic strategies targeting ciliary function, as well as the potential for primary cilia as novel clinical applications. Our review highlights primary cilia as a previously underappreciated yet potentially important component of ALS biology, offering novel insights into disease mechanisms and future therapeutic development.",,https://doi.org/10.3389/fnins.2025.1688839
https://www.ncbi.nlm.nih.gov/pubmed/41121401,Antagonistic regulation of LINE-1/Alu elements and their repressor APOBEC3B in cellular senescence.,2025,"Long Interspersed Nuclear Elements-1 (LINE-1 or L1) make up approximately 21% of the human genome, with some L1 loci containing intact open reading frames (ORFs) that facilitate retrotransposition. Because retrotransposition can have deleterious effects leading to mutations and genomic instability, L1 activity is typically suppressed in somatic cells through transcriptional and post-transcriptional mechanisms. However, L1 elements are derepressed in senescent cells causing age-associated inflammation. Despite the recognition of L1 activity as a hallmark of aging, the underlying molecular mechanisms governing L1 derepression in these cells are not fully understood. In this study, we employed high throughput sequencing datasets and validated our findings through independent experiments to investigate the regulation of L1 elements in senescent cells. Our results reveal that both replicative and oncogene-induced senescence are associated with reduced expression of the cytidine deaminase APOBEC3B, a known suppressor of L1 retrotransposition. Consequently, senescent cells exhibited diminished levels of C-to-U editing of full-length L1 elements. Moreover, Ribo-seq profiling indicated that progression to senescence is not only associated with increased L1 transcription, but also translation of L1 ORFs. In summary, our results suggest that the depletion of APOBEC3B contributes to enhanced activity of L1 in senescent cells and promotion of L1-induced DNA damage and aging.",,https://doi.org/10.1186/s13100-025-00378-5
https://www.ncbi.nlm.nih.gov/pubmed/41121355,Spatiotemporal transcriptomic characteristics of immune and metabolic dysregulation during mouse brain aging.,2025,"Aging and its associated neurodegenerative diseases were increasingly recognized as one of the greatest global health threats. Brain aging involved a multitude of pathological changes, including immune inflammation and metabolic dysregulation. We systematically characterized spatiotemporal heterogeneity and dynamic gene expression profiles related to immune and metabolic dysfunction during mouse brain aging. By analyzing differentially expressed genes and conducting functional enrichment and gene set enrichment analysis, we constructed a spatiotemporal transcriptomic atlas of aging-associated metabolic and immune features. We further performed transcription factor enrichment analysis, regulatory network construction, weighted gene co-expression network analysis, and single-cell deconvolution analysis to further reveal underlying mechanisms. Our results showed that, throughout aging, most brain regions underwent widespread immune-inflammatory activation with distinct timing and magnitude: svz exhibited the strongest activation at 26 months, th peaks at 21 months, while olf maintained low immune activation. In terms of metabolic function, different regions responded oppositely to oxidative stress and compensatory mechanisms: mPTP pathway's genes were significantly upregulated in th but downregulated in cor. Moreover, each brain region possessed its own unique regulatory network, and the H3K27-methyltransferase activity of the PRC2 complex displayed region-dependent age dynamics, suggesting these epigenetic differences (especially ent and olf) might serve as novel targets for anti-aging interventions. This work presented a high-resolution spatiotemporal transcriptomic atlas of mouse brain aging, revealed regionally staggered immune activation, contrasted metabolic adaptations, and illustrated PRC2-mediated epigenetic remodeling during brain aging. These insights advanced our understanding of brain aging mechanisms and identified region-specific therapeutic targets for precision interventions in neurodegenerative diseases.","Animals, Aging, Brain, Transcriptome, Mice, Inbred C57BL, Gene Regulatory Networks, Gene Expression Profiling, Mice, Male, Spatio-Temporal Analysis",https://doi.org/10.1186/s12967-025-07171-1
https://www.ncbi.nlm.nih.gov/pubmed/41105805,Identification of blood-derived DNA methylation biomarkers of glaucoma and intraocular pressure measurements in three European ancestry cohorts including the Canadian longitudinal study on aging.,2025,"Glaucoma is a major cause of blindness globally and its prevalence rises with age. This study explored systemic blood-derived DNA methylation epigenetic biomarkers for association with glaucoma and intraocular pressure (IOP). Blood-derived DNA methylation (DNAm) was analyzed in 1,201 European participants from the Canadian Longitudinal Study on Aging (CLSA; Illumina EPIC v1 array) and 843 European participants from TwinsUK (450k array). An Epigenome-Wide Association Study (EWAS) for glaucoma and IOP was conducted, adjusting for age, sex, tobacco smoking, and leukocyte cell types. DNAm-based EpiScores estimates for 108 plasma protein levels were evaluated for associations with glaucoma and IOP. Additionally, 'biological' age acceleration, estimated using five established DNAm 'clocks,' was assessed for glaucoma and IOP and replicated in The Health and Retirement Study (HRS; <i>n</i> = 3,453). EWAS analyses of glaucoma and IOP in individual cohorts did not identify genome-wide significant associations. However, a combined EWAS for overlapping probes in both cohorts identified two epigenome-wide significant CpGs: cg03498697 in the <i>FRMD3</i> promoter (<i>p</i> = 6.86x10<sup>-8</sup>) and cg06044751 intronically within <i>PALLD</i> (<i>p</i> = 1.76x10<sup>-7</sup>). EpiScore analysis revealed one IOP Bonferroni-significant association with TNFRSF1B levels in the meta-analysis of both cohorts (<i>p</i> = 1.31x10<sup>-4</sup>). DNAm 'clock' analysis in the HRS identified a GrimAge-positive age acceleration associated with glaucoma (<i>p</i> = 0.01). This study identified significant epigenetic blood-derived biomarkers that are associated with glaucoma and IOP. These findings warrant replication in larger and more diverse populations as well as via longitudinal analysis to assess their robustness and potential predictive power.","Humans, Intraocular Pressure, DNA Methylation, Male, Female, Aged, Biomarkers, Glaucoma, Canada, Longitudinal Studies, Aging, Middle Aged, Genome-Wide Association Study, White People, Aged, 80 and over, Epigenesis, Genetic",https://doi.org/10.1080/15592294.2025.2566496
https://www.ncbi.nlm.nih.gov/pubmed/41117937,Comparing loss of individual fragile X proteins suggests strong links to cellular senescence and aging.,2025,"Members of the fragile X protein (FXP) family (FMR1, FXR1 and FXR2) are differentially expressed in most types of cancer and major neurodegenerative diseases. While increased expression of FXR1 in cancer has been linked to senescence evasion and consequently tumor initiation and progression, decreased expression of FXPs in neurodegeneration may contribute to pathogenic protein aggregation and death of vulnerable neurons. However, due the causal role in fragile x syndrome, most data are available about loss of FMR1 in neurons while functions of FXR1 and especially FXR2 remain largely unexplored. To address this knowledge gap, and to directly compare functions of the FXPs, we used proteomics of CRISPR/Cas9 edited HAP1 cells carrying knockouts of the individual FXPs for identification of cellular mechanisms associated with these proteins. Further exploration of proteomic findings suggests roles of the FXPs in ribosome biogenesis, autophagy and mitochondrial health linked to organismal aging, and cellular senescence. Validation of FXP induced defects relevant for neurodegenerative diseases in neuroblastoma cell line SH-SY5Y upon FXP knockdown revealed high cell type specificity of individual FXP functions. Overall, we provide a comprehensive overview and comparison of cellular mechanisms related to the individual FXPs, as well as starting points for further studying this protein family in respective cell types of FXP associated diseases, and in aging in general.","Humans, Cellular Senescence, Fragile X Mental Retardation Protein, Aging, RNA-Binding Proteins, CRISPR-Cas Systems, Autophagy, Cell Line, Tumor, Proteomics, Mitochondria, Fragile X Syndrome, Neurodegenerative Diseases",https://doi.org/10.1007/s00018-025-05898-0
https://www.ncbi.nlm.nih.gov/pubmed/41101068,Kang Shuai Lao Pian exerts anti-aging effects by enhancing mitochondrial oxidative metabolism.,2025,"Mitochondrial dysfunction is regarded as a central node in the network of senescence markers. Therefore, rebuilding mitochondrial function is crucial for slowing down the aging process in multiple organs. Kang Shuai Lao Pian (KSLP), a traditional herbal formula with anti-aging properties, has multiple pharmacological effects. Nevertheless, the impact of KSLP on the overall aging state and mitochondrial function has not been explored. The purpose of this study was to uncover the effects of KSLP on the overall aging state and reveal the underlying mechanism through which KSLP exerts its effects. We constructed aged mouse models to evaluate the multidimensional efficacy of KSLP. Subsequently, with the help of multi-omics joint analysis technology, we predicted the potential targets of the KSLP in modulating the aging of the heart, brain, and gastrocnemius. Finally, we employed targeted metabolomic assays, qRT-PCR, and western blot to validate the molecular mechanism underlying KSLP treatment in aging. We observed that Kang Shuai Lao Pian alleviated the aging-associated phenotypes across the heart, brain, and gastrocnemius by altering seven aging hallmarks, including mitochondrial dysfunction, deregulated nutrient-sensing, intercellular communication, etc. Notably, multi-organ integration analysis identified the Oxidative phosphorylation (OXPHOS) pathway, widely regulated by KSLP in individual tissues, as the core pathway for delaying aging. We further elucidated that KSLP resets the OXPHOS pathway and promotes pyruvate oxidation, improving the coupling of glycolysis and glucose oxidation to maintain myocardial mitochondrial oxidative metabolism. Our work highlights that KSLP promotes mitochondrial rejuvenation in aged mice by coordinately enhancing pyruvate oxidation capacity and electron transport chain (ETC) efficiency. Furthermore, we reveal the molecular landscapes by which KSLP regulates aging in diverse organs, offering a promising strategy for maintaining mitochondrial oxidative metabolism and delaying aging.",,https://doi.org/10.1016/j.phymed.2025.157376
https://www.ncbi.nlm.nih.gov/pubmed/41120263,P-selectin overexpression impairs hematopoietic stem cell homeostasis via inflammatory receptor-mediated proliferation and differentiation.,2025,"Hematopoietic stem cells (HSC) sustain lifelong blood and immune system homeostasis. This study identifies P-selectin as a pivotal regulator of HSC function under aging and inflammatory stress. We observed pronounced Selp upregulation in aged HSC and inflammatory contexts, which drives excessive proliferation and differentiation while depleting their long-term self-renewal capacity. Using tissue-specific Selp overexpression models, we demonstrate that chronic Selp elevation disrupts HSC polarity, promotes oxidative stress accumulation, and induces genomic instability. Over time, sustained Selp expression leading to LT-HSC exhaustion and impaired hematopoietic reconstitution. Single-cell transcriptomics revealed that Selp enforces a pro-inflammatory transcriptional program in HSC, hyperactivating IFN-γ and PI3K-AKT-MOTR signaling pathways. Mechanistically, P-selectin directly interacted with IFNγR1 on the HSC surface, which driving activation of JAK1-STAT1 and PI3K-AKT-mTOR signaling axes. Notably, Selp overexpression suppresses the pathogenic capacity of leukemia stem cells (LSC), highlighting potential therapeutic implications. Our findings established P-selectin as a molecular nexus linking chronic inflammation and aging to hematopoietic decline, with dual therapeutic implications: targeting P-selectin may mitigate age-related hematopoietic dysfunction while offering a strategy to selectively impair LSC activity in malignancies.","Hematopoietic Stem Cells, Animals, Cell Differentiation, Cell Proliferation, Homeostasis, P-Selectin, Mice, Humans, Signal Transduction, Inflammation, Mice, Inbred C57BL, Receptors, Interferon, Phosphatidylinositol 3-Kinases, Interferon gamma Receptor, Proto-Oncogene Proteins c-akt",https://doi.org/10.1038/s41419-025-08050-9
https://www.ncbi.nlm.nih.gov/pubmed/40941989,Ginsenoside Re Regulates the Insulin/Insulin-like Growth Factor-1 Signaling Pathway and Mediates Lipid Metabolism to Achieve Anti-Aging Effects in <i>Caenorhabditis elegans</i>.,2025,"The increasing demographic aging of society is a great challenge to the healthcare sector and raises the socio-economic burden. Therefore, elucidating the mechanisms of aging and developing safe effective anti-aging products to prolong people's healthy lifespan are paramount nowadays. <i>Panax ginseng</i> has been highly regarded since ancient times for its ability to enhance health and prolong life. However, its main active substances of anti-aging and their mechanisms are not fully understood. In this research, <i>Caenorhabditis elegans</i> was used as a model organism to explore and confirm the key active substances from <i>Panax ginseng</i> and the mechanisms that exert anti-aging effects. Various ginsenoside compounds were evaluated based on longevity, anti-stress, physiological function, etc. Ginsenoside Re, which has powerful anti-aging activity, was screened. In the follow-up trials, transcriptomics and RT-qPCR techniques were used to investigate the mechanism of Re in exerting its anti-aging properties. Differential genes were enriched in the Insulin/Insulin-like Growth Factor-1 Signaling (IIS) pathway, the neuropeptide signaling pathway, and lipid metabolism. A significant increase in the expression levels of <i>daf-16</i>, <i>sgk-1</i>, <i>skn-1</i>, <i>hsf-1</i>, <i>hsp-16.2</i>, <i>sod-3</i>, <i>gst-4</i>, <i>fil-2</i>, <i>lips-11</i>, <i>cyp-35A4</i>, and <i>aex-2</i> genes, and a significant decrease in the expression levels of <i>daf-2</i>, <i>age-1</i>, and <i>akt-2</i> genes were verified. These suggest that ginsenoside Re exerts its life-extending influence by regulating lipid metabolism and the IIS pathway.","Ginsenosides, Animals, Caenorhabditis elegans, Lipid Metabolism, Insulin-Like Growth Factor I, Signal Transduction, Insulin, Aging, Caenorhabditis elegans Proteins, Panax, Longevity, Insulin-Like Peptides",https://doi.org/10.3390/molecules30173463
https://www.ncbi.nlm.nih.gov/pubmed/41082298,Aging-Related Mechanisms Underlying Carcinogenesis: Therapeutic Opportunities.,2025,"Aging is a gradual loss of tissue homeostasis that leads to impaired physiological organ functions and constitutes a major risk factor for cancer initiation and progression. Despite advances in anti-tumor therapies, cancer remains the second leading cause of death worldwide. The rising incidence of cancer is intimately associated with increased lifespan and the growing proportion of older adults, with 64% of cancers diagnosed in people aged 60 and above. Mechanisms underlying aging include accumulation of somatic mutations, deficient DNA damage repair machinery, telomere shortening, enhanced genomic instability, epigenetic alterations, loss of heterochromatin, chronic low-grade inflammation, mitochondrial dysfunction, cellular senescence and its associated secretory phenotype, stem cell exhaustion, aberrant intercellular communications, remodeling of extracellular matrix and microenvironment, impaired nutrient sensing and alterations in the proteome. Additionally, dysregulation of the circadian clock, the endocannabinoid system and the microbiota may also play important roles. Given that many of these processes are also crucial for cancer development, it is widely admitted that aging and cancer are tightly interconnected. Consequently, many therapies aimed at delaying or mitigating aging, such as physical exercise, specific dietary regimens, chronotherapy, epigenetic drugs and senotherapeutics, might also prevent or retard cancer development and progression and reduce the side effects of cancer therapies. However, special caution must be taken in older cancer patients due to their comorbidities and possible frailty, selecting specific patients' treatments and balancing the extended survival with the preservation of independence and quality of life.",,https://doi.org/10.14336/AD.2025.0861
https://www.ncbi.nlm.nih.gov/pubmed/41096895,Critical Requirement of Senescence-Associated CCN3 Expression in CD44-Positive Stem Cells for Osteoarthritis Progression.,2025,"Osteoarthritis (OA) is a degenerative joint disease characterized by progressive cartilage breakdown, synovial inflammation, and subchondral bone remodeling. Previous studies have shown that cellular communication network factor 3 (CCN3) expression increases with age in cartilage, and its overexpression promotes OA-like changes by inducing senescence-associated secretory phenotypes. This study aimed to investigate the effect of <i>Ccn3</i> knockout (KO) on OA development using a murine OA model. Destabilization of the medial meniscus (DMM) surgery was performed in wild-type (WT) and <i>Ccn3</i>-KO mice. Histological scoring and staining were used to assess cartilage degeneration and proteoglycan loss. Gene and protein expressions of catabolic enzyme (<i>Mmp9</i>), hypertrophic chondrocyte marker (<i>Col10a1</i>), senescence marker, and cyclin-dependent kinase inhibitor 1A (<i>Cdkn1a</i>) were evaluated. Single-cell RNA sequencing (scRNA-seq) data from WT and <i>Sox9</i>-deficient cartilage were reanalyzed to identify <i>Ccn3</i><sup>+</sup> progenitor populations. Immunofluorescence staining assessed CD44 and Ki67 expression in articular cartilage. The effects of <i>Ccn3</i> knockdown on IL-1β-induced <i>Mmp13</i> and <i>Adamts5</i> expression in chondrocytes were examined <i>in vitro</i>. <i>Ccn3</i> KO mice exhibited reduced cartilage degradation and catabolic gene expression compared with WT mice post-DMM. scRNA-seq revealed enriched <i>Ccn3</i>-<i>Cd44</i> double-positive cells in osteoblast progenitor, synovial mesenchymal stem cell, and mesenchymal stem cell clusters. Immunofluorescence showed increased CCN3<sup>+</sup>/CD44<sup>+</sup> cells in femoral and tibial cartilage and meniscus. Ki67<sup>+</sup> cells were significantly increased in DMM-treated <i>Ccn3</i> KO cartilage, mostly CD44<sup>+</sup>. In vitro <i>Ccn3</i> knockdown attenuated IL-1β-induced <i>Mmp13</i> and <i>Adamts5</i> expressions in chondrocytes. <i>Ccn3</i> contributes to OA pathogenesis by promoting matrix degradation, inducing hypertrophic changes, and restricting progenitor cell proliferation, highlighting <i>Ccn3</i> as a potential therapeutic target for OA.","Animals, Osteoarthritis, Mice, Nephroblastoma Overexpressed Protein, Mice, Knockout, Chondrocytes, Hyaluronan Receptors, Matrix Metalloproteinase 13, Cellular Senescence, ADAMTS5 Protein, Cartilage, Articular, Disease Progression, Disease Models, Animal, Male, Stem Cells, Mice, Inbred C57BL, Interleukin-1beta",https://doi.org/10.3390/ijms26199630
https://www.ncbi.nlm.nih.gov/pubmed/41112286,A long-term culture model for investigating senescence-associated dysregulation in macrophages.,2025,"Macrophage senescence is increasingly recognized as a key contributor to immune dysfunction during aging and chronic inflammation. Here, we developed a reproducible long-term <i>in vitro</i> culture model to investigate the senescence's phenotypic and functional consequences in human macrophages. Monocyte-derived macrophages (MDMs) were cultured for 7, 14, or 21 days and assessed for canonical senescence markers and immune function. While macrophages at day 7 exhibited minimal expression of β-galactosidase, H2AXpS139, and CDKN2A (p16INK4a), these markers were significantly upregulated at days 14 and 21, indicating progressive acquisition of a senescent phenotype. Cell viability remained above 95% across all time points, confirming the system's stability. High-dimensional flow cytometry and unsupervised clustering revealed marked phenotypic remodeling over time, shifting from anti-inflammatory CD163<sup>+</sup>/CD206<sup>+</sup> profiles to proinflammatory CD14<sup>+</sup>/CD64<sup>+</sup>/TLR2<sup>+</sup> populations. Five distinct macrophage subpopulations were identified, each with dynamic temporal distribution and unique marker expression, highlighting a loss of plasticity and emergence of senescence-associated states. Functionally, day 7 macrophages produced a diverse cytokine panel responding to lipopolysaccharide (LPS), including IL-2, IL-12p70, IL-4, IL-5, TNF-α, GM-CSF, IFN-γ, and IL-10. In contrast, macrophages at days 14 and 21 displayed a markedly restricted cytokine profile, retaining the secretion of cytokines but significantly downregulating the secretion of Th1-type cytokines. This long-term culture model constitutes a robust, physiologically relevant tool to study immune aging, senescence-driven immune reprogramming, and inflammation in macrophages with the potential for the preclinical evaluation of therapeutic strategies to ameliorate inflammaging and restore immune competence.","Humans, Macrophages, Cellular Senescence, Cytokines, Cells, Cultured, Biomarkers, Cell Culture Techniques",https://doi.org/10.3389/fimmu.2025.1661497
https://www.ncbi.nlm.nih.gov/pubmed/41114122,The multifaceted role of autophagy and mitophagy in cardiovascular health and disease.,2025,"The cardiovascular system, consisting of the heart and blood vessels, ensures delivery of oxygen and nutrient-rich blood throughout the whole body. The major cell types include cardiomyocytes, endothelial cells, and vascular smooth muscle cells. Dramatic consequences, sometimes with a deadly outcome, may arise when the activity of cardiovascular cells is compromised. The cardiomyocytes are terminally differentiated cells and thus do not normally regenerate. To sustain the high energy demand of the beating heart, the cardiomyocytes contain a high amount of energy producing mitochondria. Adaptation to metabolic demands is an integral part of cellular homeostasis and involves autophagy. Autophagy is an evolutionary conserved intracellular degradation pathway of cellular constituents. Mitophagy refers to selective degradation of damaged, and thus potentially harmful, mitochondria through autophagy. Both autophagy and mitophagy are widely implicated in physiological and pathological processes within cardiovascular cells. In this review, we highlight studies applying genetic modifications in mouse models to reveal the impact of autophagy and mitophagy on cardiovascular health and disease.",,https://doi.org/10.1080/27694127.2025.2572511
https://www.ncbi.nlm.nih.gov/pubmed/40332016,Methylation clocks for evaluation of anti-aging interventions.,2025,"Methylation clocks have found their way into the community of aging research as a way to test anti-aging interventions without having to wait for mortality statistics. But methylation is a primary means of epigenetic control, and presumably has evolved under strong selection. Hence, if methylation patterns change consistently at late ages it must mean one of two things. Either (1) the body is evolved to destroy itself (with inflammation, autoimmunity, etc.), and the observed methylation changes are a means to this end; or (2) the body detects accumulated damage, and is ramping up repair mechanisms in a campaign to rescue itself. My thesis herein is that both Type 1 and Type 2 changes are occurring, but that only Type 1 changes are useful in constructing methylation clocks to evaluate anti-aging interventions. This is because a therapy that sets back Type 1 changes to an earlier age state has stopped the body from destroying itself; but a therapy that sets back Type 2 changes has stopped the body from repairing itself. Thus, a major challenge before the community of epigenetic clock developers is to distinguish Type 2 from Type 1. The existence of Type 1 epigenetic changes is in conflict with conventional Darwinian thinking, and this has prompted some researchers to explore the possibility that Type 1 changes might be a form of stochastic epigenetic drift. I argue herein that what seems like directed epigenetic change really is directed epigenetic change. Of five recent articles on ""stochastic methylation clocks,"" only one (from the Conboy lab) is based on truly stochastic changes. Using the Conboy methodology and a methylation database, I construct a measure of true methylation drift, and show that its correlation with age is too low to be useful.","Humans, Aging, Epigenesis, Genetic, DNA Methylation, Animals",https://doi.org/10.18632/aging.206245
https://www.ncbi.nlm.nih.gov/pubmed/41117851,Obstructive sleep apnea and aging of the cardiovascular system: a multidimensional analysis of the mechanisms involved.,2025,"Emerging evidence has revealed a strong association between obstructive sleep apnea (OSA) and aging. Considering the critical role of the cardiovascular system, this review explores the key mechanisms linking OSA to cardiovascular aging through a focus on chronic intermittent hypoxia (CIH) -induced oxidative stress and chronic inflammation. Specifically, we examine six key pathways: (1) cellular senescence, (2) mitochondrial dysfunction, (3) metabolic dysregulation, (4) telomere attrition, (5) impaired intercellular communication, and (6) adipose tissue senescence. These insights provide a foundation for identifying novel interventions and therapeutic targets to mitigate or even reverse cardiovascular aging.","Humans, Sleep Apnea, Obstructive, Aging, Oxidative Stress, Cardiovascular System, Animals, Cellular Senescence, Cardiovascular Diseases, Inflammation",https://doi.org/10.1007/s10522-025-10337-5
https://www.ncbi.nlm.nih.gov/pubmed/41122959,"Effectiveness of Neoadjuvant Chemotherapy With Docetaxel, Cisplatin, and S-1 for Locoregionally Advanced Gastric Adenocarcinoma: Findings From a University Hospital in Vietnam.",2025,"To evaluate treatment results of a neoadjuvant regimen consisting of Docetaxel + Cisplatin + S-1 (DCS) in patients with locoregionally advanced unresectable gastric adenocarcinoma characterized by tumors with bulky regional lymph nodes (T1-4a, N-bulky, M0) or T4b tumors (any N, M0)). This study included 78 patients with locoregionally advanced gastric adenocarcinoma treated at a university hospital in Vietnam, comprising 47 retrospective and 31 prospective cases. Patients received 2 - 4 cycles of DCS chemotherapy, with each cycle comprising intravenous docetaxel (35 mg/m<sup>2</sup>) and cisplatin (35 mg/m<sup>2</sup>) on days 1 and 15, and oral S-1 (40 mg/m<sup>2</sup>/twice daily) from days 1 to 14, repeated every 4 weeks. Clinical treatment response was assessed after every three cycles and re-staging evaluation by using the RECIST criteria and contrast-enhanced CT scans after 2 - 4 cycles, depending on patient response and tolerability. Patients with a good response and down-staging were referred for gastrectomy. The median age was 58 years, and 64.1% were male. Following neoadjuvant chemotherapy, the proportion of T4b tumors decreased from 78.2% to 52.6%, while T4a tumors increased from 20.5% to 43.6%. The rate of N-bulky decreased from 23.1% to 11.5%. Anemia and neutropenia were the most common hematological toxicities, predominantly grade 1-2. Gastrointestinal toxicity and hair loss were the most frequent clinical adverse events, mostly grade 1-2. Among 65 patients (83.3%) achieving an objective response to neoadjuvant chemotherapy, 42 (53.8%) underwent gastrectomy, with R0 resection achieved in 92.9%. Neoadjuvant chemotherapy using the DCS regimen every 4 weeks demonstrated high effectiveness and safety in patients with locoregionally advanced unresectable gastric adenocarcinoma characterized by extensive regional metastases, and increased their eligibility for successful gastrectomy (R0 resection). Not applicable. This study is a retrospective and prospective cohort study, not a clinical trial.",,https://doi.org/10.1111/ajco.70039
https://www.ncbi.nlm.nih.gov/pubmed/41122868,Advanced medical treatments for hair loss.,2025,"Patients with hair-loss experience stress and a loss of confidence. Several factors contribute to hair loss, including aging, androgen hormone effects, genetics, and diseases. Normally, physicians treat hair loss using medications such as minoxidil and finasteride. However, these treatments are associated with side effects and some limitations. Currently, hair transplantation is the most efficient technique; however, it requires the use of numerous hair grafts. Stem cell and hair follicle cell (HFC) treatments have been developed for hair-loss treatment. Previously, stem cell and HFC therapies have been shown to promote hair development, prolong the anagen phase, and increase hair diameter and density. In addition, growth factors and extracellular vesicles (EVs) are important for prolonging the anagen phase, improving hair follicle health, and reducing dihydrotestosterone effects. Furthermore, gene therapy and tissue engineering have also been developed as treatments for hair loss. In this review, we discuss (i) the basic knowledge and molecular signaling relevant to hair regeneration and (ii) advanced technology medical treatments for hair loss (stem cells, HFCs, growth factor, EVs, gene therapy, and tissue engineers).","Humans, Alopecia, Hair Follicle, Animals, Genetic Therapy, Stem Cell Transplantation, Tissue Engineering, Stem Cells",https://doi.org/10.1177/09636897251382318
https://www.ncbi.nlm.nih.gov/pubmed/41068147,The dissipation theory of aging: a quantitative analysis using a cellular aging map.,2025,"We propose a new theory for aging based on dynamical systems and provide a data-driven computational method to quantify the changes at the cellular level. We use ergodic theory to decompose the dynamics of changes during aging and show that aging is fundamentally a dissipative process within biological systems, akin to dynamical systems where dissipation occurs due to non-conservative forces. To quantify the dissipation dynamics, we employ a transformer-based machine learning algorithm to analyze gene expression data, incorporating age as a token to assess how age-related dissipation is reflected in the embedding space. By evaluating the dynamics of gene and age embeddings, we provide a cellular aging map (CAM) and identify patterns indicative of divergence in gene embedding space, nonlinear transitions, and entropy variations during aging for various tissues and cell types. Our results provide a novel perspective on aging as a dissipative process and introduce a computational framework that enables measuring age-related changes with molecular resolution.",,https://doi.org/10.1038/s41514-025-00277-2
https://www.ncbi.nlm.nih.gov/pubmed/41112260,Immunoglobulin: unraveling its complex web in aging.,2025,"Aging is a complex biological phenomenon, which involved in a large number of diseases such as cancer, neurodegeneration, and cardiovascular diseases. Understanding the mechanism of aging may facilitate the development of preventive strategies of age-related diseases. Immunoglobulin (Ig) includes proteins with antibody (Ab) activity or membrane-bound proteins that share a chemically analogous structure to Ab. Ig can recognize and neutralize numerous antigens, which constitutes the main characteristic of adaptive immunity. The quantity, glycosylation and function of Ig change with advancing age. Some Ig is found to be accumulated in aged tissues and appear to be regarded as a potential marker for aging, which indicates the critical role of Ig in aging. B cells are main producers of antibodies and undergo aging-related changes, leading to increased autoimmune responses and reduced vaccine responses. The immune dysregulation of B cells is also intensively involved in the alteration of Ig. In this review, we focus on the current research findings on Ig, discuss the relation between Ig and aging, highlight the complex interplay among B cell, gut microbiota, Ig, and aging, and explore potential therapeutic strategy. We hope this review may provide an insight for investigating the regulatory mechanism of Ig in aging, as well as for evaluating the therapeutic potential in treating age-related diseases.","Humans, Aging, Animals, B-Lymphocytes, Immunoglobulins, Gastrointestinal Microbiome",https://doi.org/10.3389/fimmu.2025.1690018
https://www.ncbi.nlm.nih.gov/pubmed/40867560,Exploring the Antioxidant Roles of Cysteine and Selenocysteine in Cellular Aging and Redox Regulation.,2025,"Aging is a complex, universal biological process characterized by the progressive and irreversible decline of physiological functions across multiple organ systems. This deterioration is primarily driven by cumulative cellular damage arising from both intrinsic and extrinsic stressors. The free radical theory of aging, first proposed by Denham Harman in 1956, highlights the role of reactive oxygen species (ROS), byproducts of normal metabolism, in driving oxidative stress and age-related degeneration. Emerging evidence emphasizes the importance of redox imbalance in the onset of neurodegenerative diseases and aging. Among the critical cellular defenses against oxidative stress are sulfur-containing amino acids, namely cysteine (Cys) and selenocysteine (Sec). Cysteine serves as a precursor for glutathione (GSH), a central intracellular antioxidant, while selenocysteine is incorporated into key antioxidant enzymes such as glutathione peroxidases (GPx) and thioredoxin reductases (TrxR). These molecules play pivotal roles in neutralizing ROS and maintaining redox homeostasis. This review aims to provide an updated and critical overview of the role of thiol-containing amino acids, specifically cysteine and selenocysteine, in the regulation of redox homeostasis during aging.","Selenocysteine, Humans, Cysteine, Oxidation-Reduction, Antioxidants, Animals, Cellular Senescence, Oxidative Stress, Reactive Oxygen Species, Aging",https://doi.org/10.3390/biom15081115
https://www.ncbi.nlm.nih.gov/pubmed/40028606,"A bird's eye view to the homeostatic, Alzheimer and Glioblastoma attractors.",2025,"Dimensional reduction analysis of available data for white matter of the brain allows to locate the normal (homeostatic), Glioblastoma and Alzheimer's disease attractors in gene expression space and to identify paths related to transitions like carcinogenesis or Alzheimer's disease onset. A predefined path for aging is also apparent, which is consistent with the hypothesis of programmatic aging. In addition, reasonable assumptions about the relative strengths of attractors allow to draw a schematic landscape of fitness: a Wright's diagram. These simple diagrams reproduce known relations between aging, Glioblastoma and Alzheimer's disease, and rise interesting questions like the possible connection between programmatic aging and Glioblastoma in this tissue. We anticipate that similar multiple diagrams in other tissues could be useful in the understanding of the biology of apparently unrelated diseases or disorders, and in the discovery of unexpected clues for their treatment.",,https://doi.org/10.1016/j.heliyon.2025.e42445
https://www.ncbi.nlm.nih.gov/pubmed/40339121,NF-κB-mediated developmental delay extends lifespan in <i>Drosophila</i>.,2025,"Developmental time (or time to maturity) strongly correlates with an animal's maximum lifespan, with late-maturing individuals often living longer. However, the genetic mechanisms underlying this phenomenon remain largely unknown. This may be because most previously identified longevity genes regulate growth rate rather than developmental time. To address this gap, we genetically manipulated prothoracicotropic hormone (PTTH), the primary regulator of developmental timing in <i>Drosophila</i>, to explore the genetic link between developmental time and longevity. Loss of <i>PTTH</i> delays developmental timing without altering the growth rate. Intriguingly, <i>PTTH</i> mutants exhibit extended lifespan despite their larger body size. This lifespan extension depends on ecdysone signaling, as feeding 20-hydroxyecdysone to <i>PTTH</i> mutants reverses the effect. Mechanistically, loss of <i>PTTH</i> blunts age-dependent chronic inflammation, specifically in fly hepatocytes (oenocytes). Developmental transcriptomics reveal that NF-κB signaling activates during larva-to-adult transition, with PTTH inducing this signaling via ecdysone. Notably, time-restricted and oenocyte-specific silencing of <i>Relish</i> (an NF-κB homolog) at early 3rd instar larval stages significantly prolongs adult lifespan while delaying pupariation. Our study establishes an aging model that uncouples developmental time from growth rate, highlighting NF-κB signaling as a key developmental program in linking developmental time to adult lifespan.","Animals, Longevity, NF-kappa B, Drosophila Proteins, Signal Transduction, Drosophila melanogaster, Insect Hormones, Gene Expression Regulation, Developmental, Ecdysone, Larva, Hepatocytes, Ecdysterone",https://doi.org/10.1073/pnas.2420811122
https://www.ncbi.nlm.nih.gov/pubmed/37584665,Developmental Diet Alters the Fecundity-Longevity Relationship and Age-Related Gene Expression in Drosophila melanogaster.,2023,"The standard evolutionary theory of aging predicts a negative relationship (trade-off) between fecundity and longevity. However, in principle, the fecundity-longevity relationship can become positive in populations in which individuals have unequal resources. Positive fecundity-longevity relationships also occur in queens of eusocial insects such as ants and bees. Developmental diet is likely to be central to determining trade-offs as it affects key fitness traits, but its exact role remains uncertain. For example, in Drosophila melanogaster, changes in adult diet can affect fecundity, longevity, and gene expression throughout life, but it is unknown how changes in developmental (larval) diet affect fecundity-longevity relationships and gene expression in adults. Using D. melanogaster, we tested the hypothesis that varying developmental diets alters the directionality of fecundity-longevity relationships in adults, and characterized associated gene expression changes. We reared larvae on low (20%), medium (100%), and high (120%) yeast diets, and transferred adult females to a common diet. We measured fecundity and longevity of individual adult females and profiled gene expression changes with age. Adult females raised on different larval diets exhibited fecundity-longevity relationships that varied from significantly positive to significantly negative, despite minimal differences in mean lifetime fertility or longevity. Treatments also differed in age-related gene expression, including for aging-related genes. Hence, the sign of fecundity-longevity relationships in adult insects can be altered and even reversed by changes in larval diet quality. By extension, larval diet differences may represent a key mechanistic factor underpinning positive fecundity-longevity relationships observed in species such as eusocial insects.","Female, Bees, Animals, Drosophila melanogaster, Fertility, Longevity, Diet, Larva, Saccharomyces cerevisiae, Gene Expression",https://doi.org/10.1093/gerona/glad199
https://www.ncbi.nlm.nih.gov/pubmed/40574888,"An evolutionary medicine and life history perspective on aging and disease: Trade-offs, hyperfunction, and mismatch.",2025,"The rise in chronic diseases over the last century presents a significant health and economic burden globally. Here, we apply evolutionary medicine and life history theory to better understand their development. We highlight an imbalanced metabolic axis of growth and proliferation (anabolic) versus maintenance and dormancy (catabolic), focusing on major mechanisms including IGF-1, mTOR, AMPK, and Klotho. We also relate this axis to the hyperfunction theory of aging, which similarly implicates anabolic mechanisms such as mTOR in aging and disease. Next, we highlight the Brain-Body Energy Conservation model, which connects the hyperfunction theory with energetic trade-offs that induce hypofunction and catabolic health risks such as impaired immunity. Finally, we discuss how modern environmental mismatches exacerbate this process. Following our review, we discuss future research directions to better understand health risk. This includes studying IGF-1, mTOR, AMPK, and Klotho and how they relate to health and aging in human subsistence populations, including with lifestyle shifts. It also includes understanding their role in the developmental origins of health and disease as well as the social determinants of health disparities. Furthermore, we discuss the need for future studies on exceptionally long-lived species to understand potentially underappreciated trade-offs and costs that come with their longevity. We close with considering possible implications for therapeutics, including (i) compensatory pathways counteracting treatments, (ii) a ""Goldilocks zone,"" in which suppressing anabolic metabolism too far introduces catabolic health risks, and (iii) species constraints, in which therapeutics tested in shorter lived species with greater anabolic imbalance will be less effective in humans.",,https://doi.org/10.1093/emph/eoaf010
https://www.ncbi.nlm.nih.gov/pubmed/41122486,A novel near-infrared fluorescent hERG potassium channel probe for glioblastoma therapy and imaging.,2025,"Glioblastoma multiforme (GBM) is the most common and malignant type of primary brain tumor, and its therapy remains challenging. The hERG potassium channel represents a promising target for GBM therapy and imaging. However, there are currently few efficient hERG channel inhibitors with low toxicity for cancer therapy. In this work, a novel near-infrared fluorescent probe A8 with high binding affinity for the hERG channel was developed, and then it was encapsulated into an ApoE peptide-modified liposome to improve its transport across the blood-brain barrier and tumor targeting. The obtained liposome, ApoE-Lipo@A8, can significantly suppress the growth of orthotopic glioblastoma xenografts with reduced cardiac toxicity. Additionally, our studies unveil a novel molecular mechanism underlying the antitumor effect of hERG channel inhibition, including suppression of the CDK2-pRB-E2F axis and induction of ER-stress-dependent apoptosis and autophagy. Additionally, A8 is characterized by an aggregation-caused fluorescence quenching switch, and it can be used to light up the hERG channel and, further, for GBM imaging <i>in vivo</i>. Together, this study systematically explores the therapeutic and imaging potential of the hERG channel for glioblastomas using the probe A8, which would promote the development of the hERG channel as a therapeutic and imaging target for cancer.",,https://doi.org/10.1039/d5sc05222j
https://www.ncbi.nlm.nih.gov/pubmed/41122877,[The effect of CD33<sup>+</sup>MDSC-mediated T lymphocyte function on the therapeutic efficacy of <sup>125</sup>I particle implantation combined with arterial chemoembolization in the treatment of cervical cancer].,2025,"Objective To explore the expression levels of CD33<sup>+</sup> myeloid-derived suppressor cell (MDSC)-mediated T lymphocyte function and related inflammatory factors secreted by T lymphocyte subsets in patients with cervical cancer, and to analyze their correlation with the treatment efficacy of <sup>125</sup>I particle implantation combined with arterial chemoembolization, as well as predictive value for treatment outcomes and interaction effects. Methods From January 1st, 2021 to January 1st, 2024, our hospital admitted 152 patients with advanced cervical cancer, who were confirmed by pathological examination. All patients received uterine artery chemoembolization combined with <sup>125</sup>I particle implantation. The predictive value of CD33<sup>+</sup>MDSC levels for clinical treatment response in cervical cancer was assessed using receiver operating characteristic (ROC) curve analysis. Multivariate logistic regression analysis was performed to evaluate both multiplicative and additive interactions between CD33<sup>+</sup>MDSC and T lymphocytes in predicting clinical treatment failure of cervical cancer. Kaplan Meier method was used to analyze the survival differences between cervical cancer patients with high and low CD33<sup>+</sup>MDSC expression levels. Results Compared with the effective group, patients in the ineffective group had decreased expression levels of CD3<sup>+</sup> T lymphocyte, CD4<sup>+</sup> T lymphocyte, interleukin 2 (IL-2) and interferon γ (IFN-γ), while showing increased expression levels of CD33<sup>+</sup>MDSC, CD8<sup>+</sup> T lymphocyte, IL-4 and IL-6, along with increased tumor necrosis factor α (TNF-α) levels, larger maximum tumor diameters, and a higher incidence of lymph node metastasis. The expression levels of CD33<sup>+</sup>MDSCs demonstrated good predictive performance for treatment efficacy in cervical cancer patients. The high CD33<sup>+</sup>MDSC expression group had a significantly shorter overall survival (OS) than the low CD33<sup>+</sup>MDSC expression group (6.0±1.0 months vs. 12.0±1.2 months; t=33.280). The interaction analysis revealed that CD33<sup>+</sup>MDSCs and CD8<sup>+</sup> T lymphocytes were highly expressed, while CD3<sup>+</sup> and CD4<sup>+</sup> T lymphocytes were lowly expressed, which was associated with an increased risk of clinical treatment failure in cervical cancer patients. Conclusion CD33<sup>+</sup>MDSCs can inhibit CD3<sup>+</sup> and CD4<sup>+</sup> T lymphocytes. It can upregulate the expression of CD8<sup>+</sup> T lymphocytes, form an immunosuppressive microenvironment, and reduce the treatment response rate of <sup>125</sup>I particle implantation combined with arterial chemoembolization. CD33<sup>+</sup>MDSCs may serve as an independent biomarker for predicting the therapeutic efficacy and poor prognosis.","Humans, Female, Uterine Cervical Neoplasms, Middle Aged, Chemoembolization, Therapeutic, Sialic Acid Binding Ig-like Lectin 3, Adult, T-Lymphocytes, Aged, Treatment Outcome",
https://www.ncbi.nlm.nih.gov/pubmed/41122920,Metamorphoses in pancreatic cancer precursors: the role of simple mucinous cysts<sup>†</sup>.,2025,"Pancreatic cystic lesions present a unique opportunity to identify and potentially prevent pancreatic ductal adenocarcinoma (PDAC), one of the deadliest solid tumors. Until now, research has primarily focused on intraductal papillary mucinous neoplasms (IPMNs) and mucinous cystic neoplasms (MCNs), whose potential for malignant transformation is well established. In recent years, however, a new pathological entity has emerged: the simple mucinous cyst (SMC). SMCs are distinct from other cystic lesions, as they lack both communication with the pancreatic ductal system (a hallmark of IPMNs), and the ovarian-like stroma, characteristic of MCNs. The recent work by Pea et al, published in The Journal of Pathology, suggests that these lesions can progress to PDAC, underscoring the need for further characterization. In this commentary, we review the key findings of this study and discuss the potential next steps required to translate these discoveries into actionable clinical practice. © 2025 The Author(s). The Journal of Pathology published by John Wiley & Sons Ltd on behalf of The Pathological Society of Great Britain and Ireland.",,https://doi.org/10.1002/path.6493
https://www.ncbi.nlm.nih.gov/pubmed/41122933,"Alleviation of photoaging-associated MMP upregulation, prostanoid biosynthesis, and cell cycle arrest with titanium dioxide, zinc oxide, and inorganic-only (ZnO + TiO<sub>2</sub>) sunscreens.",2025,"Exposure to UVR is well understood to accelerate symptoms of photoaging such as wrinkling and loss of skin elasticity. Sunscreen formulations containing titanium dioxide (TiO<sub>2</sub>) and zinc oxide (ZnO) UV filters can therefore be used as an effective photoprotective measure to prevent the induction of signaling pathways in skin that contribute to photoaging. The aim of this study is to provide a broad investigation on the photoprotective impact of TiO<sub>2</sub>, ZnO, and inorganic-only (ZnO + TiO<sub>2</sub>) sunscreen formulations in human dermal fibroblasts at a gene and protein level. The study focused on genes involved in UV-only and complete solar light-induced MMP production, prostanoid biosynthesis for inflammation, and cell cycle arrest, as previously identified through RNA-seq analysis. Three inorganic formulations were prepared at commercially applicable active levels and varying particle sizes: (1) F(TiO<sub>2</sub> <sup>179nm</sup>), (2) F(ZnO<sup>57nm</sup>), and (3) an inorganic-only (ZnO + TiO<sub>2</sub>) formulation F(ZnO<sup>57nm</sup>/TiO<sub>2</sub> <sup>47nm</sup>). The three formulations significantly alleviated the irradiation-induced expression of MMP1, MMP3, PTGS1, PTGES, MDM2, CDKN1A, and CCNE2, with the latter most alleviated by up to 77% (p ≤ 0.05). The inorganic-only (ZnO + TiO<sub>2</sub>) formulation, containing both inorganic UV filters, exhibited the greatest mean or maximum alleviation in 75% of the genes investigated. Protein analyses of MMP1, PTGES, and p21, by immunocytochemistry and Western blot, also showed positive translation of alleviation at a protein level. The study provides further academic and commercial insights on the photoprotective impact of inorganic particles in sunscreens, based on relevant signaling pathways, genes, and proteins that are induced by UV to accelerate photoaging.",,https://doi.org/10.1111/php.70043
https://www.ncbi.nlm.nih.gov/pubmed/41122881,[Ferroptosis: from molecules to diseases].,2025,"Ferroptosis is a regulated form of cell death, with its core mechanism being intracellular iron overload-induced lipid peroxidation, leading to cellular dysfunction and mitochondrial structural abnormalities. Ferroptosis is closely related to various diseases including neurodegenerative disorders, tumors, and ischemia-reperfusion organ damage, and has become a potential therapeutic target. Iron is essential for life but can also cause cell death. Despite continuous progress in iron-related biomedical research, many questions remain unanswered. Advances in high-throughput technologies, genomics and proteomics are expected to reveal the cellular iron regulatory mechanism and open up new therapeutic approaches for ferroptosis-related diseases. This article reviews the research progress on iron in terms of its biology, metabolism, regulation, and related diseases, aiming to provide clues and references for developing new ferroptosis-targeted therapeutic strategies and facilitating more in-depth molecular studies from multiple perspectives.","Humans, Ferroptosis, Iron, Animals, Neoplasms, Neurodegenerative Diseases",
https://www.ncbi.nlm.nih.gov/pubmed/41070789,7T <sup>19</sup>F/<sup>1</sup>H MRI with perfluorocarbon-labeled immune cells in pigs: Pilot results with a dedicated twin-array system with pTX support.,2025,"Cardiac inflammation plays a key role in many diseases. However, its underlying mechanisms and progression remain poorly understood. Using an ultra-high field (UHF) may increase the sensitivity of MRI of inflammatory processes with <sup>19</sup>F-labeled immune cells. The high Larmor frequency of <sup>19</sup>F (∼95% of that for <sup>1</sup>H-nuclei) leads to similar technical hurdles in acquiring MR images at UHF that originate from the heterogeneity of B<sub>1</sub> <sup>+</sup>. We aimed to develop a system of transmit/receive (Tx/Rx) arrays exploiting parallel transmit (pTX) technology for B<sub>1</sub> <sup>+</sup>-shimming to acquire a combination of high-quality anatomical <sup>1</sup>H MR-images of a pig heart and <sup>19</sup>F images of labeled immune cells at 7T. The 16-element twin-arrays for <sup>1</sup>H and <sup>19</sup>F nuclei were designed using electromagnetic simulations with a focus on optimal B<sub>1</sub>-shimming and g-factor in the region of the pig heart. pTX support allows for the subject-specific B<sub>1</sub>-shimming for <sup>1</sup>H cardiac MRI and transfer of settings for the B<sub>1</sub>-shimming to the <sup>19</sup>F twin-array. The twin-array system was implemented and tested in a pig-thorax--shaped phantom, in-vivo in a myocardial infarction pig model, and in an excised heart. A transfer of static B<sub>1</sub>+ shimming setting between the <sup>1</sup>H to <sup>19</sup>F arrays was demonstrated. The parallel imaging acceleration of up to a factor 4 was possible with a g-factor <1.3 for both arrays. The 7T MRI of <sup>19</sup>F-labeled immune cells in the heart of the pig was demonstrated both in-vivo and ex-vivo. The 7T MRI of perfluorocarbon-labeled immune cells in a large-animal myocardial infarction model becomes feasible using a novel dedicated twin-arrays system.",,https://doi.org/10.1002/mrm.70105
https://www.ncbi.nlm.nih.gov/pubmed/39772039,Expression of an Efficient Selection Marker Out of a Duplicated Site in the ITRs of a Modified Vaccinia Virus Ankara (MVA).,2024,"<b>Background/Objectives</b>: Poxviruses are large DNA viruses that replicate in the host cytoplasm without a nuclear phase. As vaccine vectors, they can package and express large recombinant cassettes from different positions of their genomic core region. We present a comparison between wildtype modified vaccinia Ankara (MVA) and isolate CR19, which has significantly expanded inverted terminal repeats (ITRs). With this expansion, a site in wildtype MVA, called deletion site (DS) IV, has been duplicated at both ends of the genome and now occupies an almost central position in the newly formed ITRs. <b>Methods</b>: We inserted various reporter genes into this site and found that the ITRs can be used for transgene expression. However, ITRs are genomic structures that can rapidly adapt to selective pressure through transient duplication and contraction. To test the potential utility of insertions into viral telomers, we inserted a factor from the cellular innate immune system that interferes with viral replication as an example of a difficult transgene. <b>Results</b>: A site almost in the centre of the ITRs can be used for transgene expression, and both sides are mirrored into identical copies. The example of a challenging transgene, tetherin, proved to be surprisingly efficient in selecting candidate vectors against the large background of parental viruses. <b>Conclusions</b>: Insertion of transgenes into ITRs automatically doubles the gene doses. The functionalisation of viruses with tetherin may accelerate the identification and generation of recombinant vectors for personalised medicine and pandemic preparedness.",,https://doi.org/10.3390/vaccines12121377
https://www.ncbi.nlm.nih.gov/pubmed/41122957,Cost and Workflow Impact of a Primary Care Based Multi-Level Pediatric Oral Health Intervention.,2025,"A recent trial demonstrated the effectiveness of a primary care-based multilevel intervention to increase dental attendance in 3- to 6-year-old Medicaid-insured children. We estimate the cost and workflow impact for real-world practices wishing to implement this intervention. Intervention practices from the trial integrated oral health (OH) questions into their electronic medical records (EMR). Providers received theory-based training on delivering OH education and provided ""prescriptions"" for dental visits and a list of Medicaid-accepting dentists. EMR enhancement and training costs were estimated by applying nationally-representative, role-specific hourly labor costs to reported time spent by study participants performing each activity. Study staff timed the OH portion of 2 to 3 randomly selected encounters per provider. Twenty-eight providers from 9 intervention pediatric practices participated. The percentage of Medicaid patients in these practices ranged from 22% to 86%. Practices corresponding in size to the smallest, median, and largest in the intervention group can expect first-year implementation costs of $579.79, $863.86, and $1482.15, respectively, with subsequent annual maintenance costs of $167.11, $451.18, and $1069.47. Encounter time for the intervention averaged 38 s longer than for standard care (control group). Implementation of this effective pediatric OH intervention appears to entail modest costs and lengthen encounters minimally.",,https://doi.org/10.1177/21501319251369991
https://www.ncbi.nlm.nih.gov/pubmed/41121761,Translation of GGC repeats into a toxic polyglycine protein in oculopharyngodistal myopathy type 2.,2025,"GGC repeat expansions in the 5' untranslated region (UTR) of the GIPC1 gene have been implicated in the pathogenesis of oculopharyngodistal myopathy type 2 (OPDM2).To investigate the underlying mechanism, we generated a series of reporter constructs to confirm he translation product of GIPC1 expanded GGC repeats. We further developed a specific antibody targeting the predicted N-terminus of the predominant translation product. Its expression and toxicity were validated in patient-derived induced pluripotent stem cell (iPSC)-derived myotubes and zebrafish model. Here, we demonstrate that the expanded GGC repeats undergo repeat-associated non-AUG (RAN) translation in multiple reading frames, predominantly generating a polyglycine-containing protein (uGIPC1polyG) initiated at an upstream CTG codon. These polyG-containing proteins aggregate and form intranuclear and cytoplasmic p62/ubiquitin-positive inclusions, which are pathogenic hallmarks of OPDM2. The translation of GGC repeats into a polyG protein further causes mitochondrial dysfunction and disrupts nuclear lamina architecture, thereby inducing cytotoxicity and apoptosis in cell lines, including HEK293T cells, fibroblasts, and iPSC-derived myotubes from OPDM2 patients. Additionally, the zebrafish model exhibits developmental malformation and compromised locomotor function, demonstrating the in vivo toxicity of uGIPC1polyG. These findings suggest that the translation of expanded GGC repeats into a toxic polyG protein might play a crucial role in the pathogenesis of OPDM2, highlighting uGIPC1polyG as a potential biomarker and therapeutic target.",,https://doi.org/10.1093/brain/awaf390
https://www.ncbi.nlm.nih.gov/pubmed/41091000,Impact of Aging and Light Stimulation Parameters on Retinal Hyperemia Responses in Functional Optical Coherence Tomography Angiography.,2025,"The purpose of this study was to investigate the effect of physiological aging and flickering light stimulation (FLS) parameters on retinal functional hyperemia response using functional optical coherence tomography angiography (fOCTA). Healthy C57BL/6J mice were dark-adapted and anesthetized with pentobarbital, then fOCTA was used to measure retinal neurovascular coupling (rNVC) function. In the experiments of this paper, FLS protocols-including light color, intensity, flicker frequency, and duration-were set up to investigate the effects of FLS parameters on functional hyperemia response measurements in C57BL/6J mice (12 weeks). Then, we selected five groups (8, 12, 24, 32, and 48 weeks) of healthy mice at different ages for cross-sectional study to evaluate age-dependent rNVC changes. The results of the parameter study show that both white and green FLS induce a significant retinal microvascular functional hyperemia response in healthy adult mice. Additionally, notable retinal functional hyperemia response is observed within the FLS intensity range exceeding 260 lux and the frequency range of 4 to 24 hertz (Hz). As the duration of FLS increases, the dynamic functional hyperemia response in retinal trilaminar vascular network becomes more pronounced. In the physiological aging model, the peak amplitude of rNVC at 12 to 24 weeks of age and significantly declines by 48 weeks. FLS parameters' optimization can enable low-dose, high-efficacy stimulation for precise rNVC evaluation in physiological and pathological contexts. In addition, the aging results reveal changes in neurovascular coupling function associated with physiological age. This study underscores the reliability of fOCTA as a noninvasive tool for evaluating retinal microvascular rNVC.","Animals, Tomography, Optical Coherence, Mice, Inbred C57BL, Mice, Hyperemia, Retinal Vessels, Aging, Fluorescein Angiography, Photic Stimulation, Male, Light, Neurovascular Coupling",https://doi.org/10.1167/iovs.66.13.26
https://www.ncbi.nlm.nih.gov/pubmed/41122413,Intragenic suppressors of the <i>C. elegans</i> <i>clk-2(qm37)</i> mutation.,2025,"The <i>C. elegans</i> gene <i>clk-2</i> , which encodes the orthologue of yeast Tel2p and human TELO2, is implicated in development, lifespan, and telomere length regulation, among other functions. The thermosensitive allele <i>clk-2 ( qm37 )</i> (C772Y) is lethal and sterile at 25 °C. We identified eight intragenic mutations that rescue <i>qm37</i> defects in suppressor screens. Six yield an A828T substitution, one A828V, and one S859N. All restore viability and fertility at 25 °C, with A828T conferring the most efficient suppression at higher temperature. AlphaFold modeling of the proteins encoded by <i>clk-2 ( qm37 )</i> and suppressor mutations points to suppressors stabilizing the CLK-2 (C772Y) protein, and suppression correlates with increased protein accumulation.",,https://doi.org/10.17912/micropub.biology.001828
https://www.ncbi.nlm.nih.gov/pubmed/41122665,Chromosome-specific oligo-painting provides insights into the cytogenetic basis of karyotypic stasis in paleo-allotetraploid <i>Cucurbita</i>.,2025,"Post-polyploid karyotype evolution represents a crucial cytological mechanism contributing to angiosperm diversification and speciation. Many polyploids show extensive karyotypic reshuffling relative to their pre-ancestors. However, karyotypic stasis is gaining popularity as an alternative evolutionary pathway following polyploidization, whose underlying cytological mechanisms remain poorly understood. Here, we successfully developed a set of enhanced oligo-painting (EOP) probes specific to 20 chromosomes of <i>Cucurbita</i> (2<i>n</i> = 40), a paleo-polyploid with very small chromosomes and rich genetic diversity. The probes generated robust fluorescence <i>in situ</i> hybridization (FISH) signals across six <i>Cucurbita</i> and one sister outgroup species. Cross-species EOP results confirmed that <i>Cucurbita</i> genomes originated from a paleo-allotetraploid and maintained remarkably conserved chromosomal synteny without chromosome reshuffling, indicating karyotypic structural stasis during post-polyploid diploidization. Repositioning and amplification/elimination of rDNA loci (45S and 5S) across species caused significant morphological variations on seven out of 20 chromosomes. Six predicted centromeric monomers showed dramatic variations in localization and copy number along the phylogenetic relationships, highlighting the rapid turnover of centromere-associated sequences. In conclusion, our results suggest that <i>Cucurbita</i> genomes maintain karyotypic structural stasis during post-polyploid diploidization, with karyotype evolution instead being driven by rDNA repositioning and centromere turnover events, which constitute the cytogenetic basis for species divergence in <i>Cucurbita</i>. This finding highlights the more refined cytological evolutionary mechanisms underlying karyotypic stasis, providing new insights into post-polyploid karyotype evolution.",,https://doi.org/10.1093/hr/uhaf179
https://www.ncbi.nlm.nih.gov/pubmed/41121429,Automatic computational classification of bone marrow cells for B cell pediatric leukemia using UMAP.,2025,"B Acute Lymphoblastic Leukemia (B-ALL) accounts for approximately 80% of pediatric leukemia cases. Despite treatment advances, 15-20% of children experience relapse, highlighting the need of improved monitoring of patients and novel strategies leading to successful therapies. Flow Cytometry is an essential technique for measuring residual disease and guiding treatment. However, traditional manual gating limits its efficiency. In recent years, computational tools have been integrated to enhance these clinical processes but many mathematical techniques are underexploited. Particularly, Uniform Manifold Approximation and Projection (UMAP), together with Machine Learning, provide promising approaches for analyzing large datasets. Mathematical tools and artificial intelligence offer new perspectives on these health problems, beyond the usual approach in biomedicine. We have exploited 234 samples from 75 B-ALL patients to develop an artificial intelligence-based algorithm that can improve patient classification and therapy decisions in different patient cohorts. This implies an advancement on the routine manual analysis of the disease progression, as we identify key subpopulations automatically, distinguishing patients' bone marrow regeneration patterns, thus improving the prediction and prognosis of the disease.",,https://doi.org/10.1186/s13040-025-00488-z
https://www.ncbi.nlm.nih.gov/pubmed/41100794,Bilocated Intracochlear Electrocochleography During Cochlear Implantation to Provide Surgical Feedback.,2025,"Recent advancements toward minimizing surgical trauma and preserving residual hearing during cochlear implantation have promoted the use of intracochlear electrocochleography (ECochG) for intraoperative surveillance. However, variations in the distribution of response generators throughout the cochlea complicate the interpretation of signal changes during electrode array insertion. This exploratory study aimed to investigate whether simultaneous recordings from 2 locations within the cochlea could address this issue. This was done by (1) comparing recordings acquired simultaneously from an apical and a more basal electrode contact during atraumatic electrode array insertions; and (2) comparing these response patterns with preoperative pure-tone audiograms. In 10 standard CI recipients, ECochG recordings were obtained during stepwise insertion of a short-temporary electrode array. Simultaneous intracochlear recordings were acquired from 2 contacts separated by 4.2 mm in response to 500 Hz tone bursts. For both electrode contacts, the differences between responses to alternating-polarity stimuli, hereafter named ""ECochG responses,"" were derived. After completion of the recordings, the temporary electrode array was removed and a standard CI electrode array inserted. In 6 of 10 participants, ECochG response amplitude decreases of ≥3 dB were recorded at the more basal electrode contact. In 4 cases, these amplitude drops were preceded by amplitude drops recorded at the apical electrode contact, with both occurring no more than 1.7 mm apart along the cochlear duct. Trauma would be expected to produce a simultaneous amplitude drop-at different recording locations-for both electrodes. In contrast, a drop at the basal electrode that is preceded by a drop in the ECochG recording at the apical electrode, with both drops occurring at approximately the same location, is likely atraumatic. These atraumatic drops may also be associated with large phase shifts. Overall, the ECochG response tracks recorded at the apical and more basal contact were similar, while the ECochG response patterns and audiogram did not show a strong resemblance. The proposed approach could facilitate the detection of ECochG response changes relevant for predicting hearing preservation during cochlear implantation. By distinguishing between simultaneous and sequential amplitude drops, this method could provide additional insights into the atraumatic nature of certain ECochG response changes.",,https://doi.org/10.1097/MAO.0000000000004675
https://www.ncbi.nlm.nih.gov/pubmed/41122353,Editorial: Editors' showcase 2024: insights in morphogenesis and patterning.,2025,,,https://doi.org/10.3389/fcell.2025.1712557
https://pmc.ncbi.nlm.nih.gov/articles/PMC12537270/,Exercise-induced angiogenesis and lymphangiogenesis: A potential therapeutic tool to fight aging and disease,2025,"Abstract: Aging is an inevitable, physiological process of the human body, leading to deterioration in bodily function and increased susceptibility to various diseases. Effective endogenous therapeutic strategies for anti-aging and related diseases remain limited. Exercise confers multifaceted benefits to physical health by augmenting osteogenic and myogenic processes, enhancing cardiovascular and nervous system function, and attenuating chronic inflammation. Angiogenesis and lymphangiogenesis play pivotal roles in anti-aging, tissue repair, and immune response modulation, underscoring their potential as therapeutic targets for age-related diseases. Modulating angiogenic and lymphangiogenic pathways may provide a promising strategy for mitigating vascular decline and immune system dysfunction associated with aging. Exercise-induced endogenous angiogenesis and lymphangiogenesis can exert beneficial effects on physiological function, thereby representing a potential therapeutic paradigm for combating age-related decline and diseases. This review offers a thorough summary of the present knowledge regarding angiogenesis and lymphangiogenesis induced by exercise, encompassing the underlying mechanisms and the effects in different organs. In addition, it explores the potential of physical activity as a non-pharmacological intervention for anti-aging strategies and disease management, offering novel insights into the intersection of physical activity, aging, and disease progression.",Exercise; Angiogenesis; Lymphangiogenesis; Aging; Disease; Review Article,https://doi.org/10.1097/CM9.0000000000003831
https://pmc.ncbi.nlm.nih.gov/articles/PMC12536935/,"Genetic perturbation of cellular homeostasis regulates integrated stress response signaling to control <italic toggle=""yes"">Drosophila</italic> hematopoiesis",2025,"ABSTRACT: Aging results in a decline in cellular and molecular functions. One of the hallmarks of aging is stem cell exhaustion, which impacts self-renewal and differentiation. We employ the <italic toggle=""yes"">Drosophila</italic> larval lymph gland (LG) to investigate the impact of genetic perturbation of cellular homeostasis on hematopoiesis. The LG consists of a posterior signaling center (PSC) – a stem cell niche that maintains medullary zone (MZ) prohemocytes, whereas the cortical zone (CZ) consists of differentiated hemocytes. We employed over-activation of Toll or Imd pathway to disrupt cellular homeostasis, whereas we over-expressed Foxo or Atg8 to balance it. Genetic perturbation of cellular homeostasis displays hallmarks of aging. Induction of Toll or Imd pathway locally and systemically leads to a decreased niche size and increased differentiation, whereas Foxo or Atg8 over-expression shows an opposite trend. We showed that the integrated stress response (ISR) pathway is induced upon Toll or Imd over-activation and LGs with ISR perturbation show increased hemocyte differentiation. Genetic epistasis shows that ectopic over-expression of ISR components upon Imd activation can rescue hematopoietic defects. Overall, our study explores how genetic perturbation of cellular homeostasis can impact hematopoiesis. Our research has implications in understanding how abrogation of cellular homeostatic mechanisms may lead to onset of malignancies.","Homeostasis; Stem cells; Signaling; Hematopoiesis; <italic toggle=""yes"">Drosophila</italic>; Research Article",https://doi.org/10.1242/bio.062046
https://pmc.ncbi.nlm.nih.gov/articles/PMC12524863/,"Phlorizin Ameliorates Amyloid-β Toxicity and Enhances Fatty Acid β-Oxidation in <italic toggle=""yes"">Caenorhabditis elegans</italic> via NHR-49-Dependent Pathway",2025,"Phlorizin (PHZ) is a glucoside of phloretin, belonging to the dihydrochalcone class within flavonoids; It is one of the active ingredients of the plant Cynomorium, and it has been shown that PHZ can regulate lipid metabolism disorders as well as having anti-aging properties. However, no studies have investigated whether PHZ ameliorates Aβ-induced toxicity in Alzheimer’s disease (AD) by regulating fatty acid β-oxidation. This study aims to investigate the effects of PHZ on the regulation of fatty acid β-oxidation and resistance to Aβ-associated toxicity on the AD <italic toggle=""yes"">Caenorhabditis elegans</italic> and the mechanisms of action. Wild-type N2 and AD model CL4176 <italic toggle=""yes"">C. elegans</italic> were used; lifespan, heat stress resistance, chronic paraquat stress, reactive oxygen species (ROS), behavioral performance, and lipofuscin accumulation assays were examined to evaluate the anti-aging effects; and non-esterified fatty acid (NEFA), triglyceride (TG) and lipidomic contents were quantified after PHZ treatment. The detection of genes related to fatty acid β-oxidation pathways was performed using qRT-PCR. <italic toggle=""yes"">nhr-49</italic> knockout mutant RB1716; and GFP-binding mutants PMD150 WBM170 were used to observe the effect of PHZ on NHR-49 pathways, and molecular docking studies were performed by combining PHZ with NHR-49 proteins. Results showed that PHZ improved worms’ survival and delayed senescence, as demonstrated by enhanced performance in lifespan, heat stress, ROS, and paraquat assays and chronic paraquat assays; PHZ also reduced lipid accumulation in worms, affected the unsaturated fatty acid pathway, and significantly increased the expression of fatty acid metabolism-related genes <italic toggle=""yes"">nhr-49</italic>, <italic toggle=""yes"">acs-2</italic>, and <italic toggle=""yes"">cpt-5</italic>, and can be tightly coupled to NHR-49 targets. PHZ may play an anti-Aβ toxicity role by regulating lipid metabolism disorders through the NHR-49—related pathway and anti-aging in AD worms.","Phlorizin; <italic toggle=""yes"">Caenorhabditis elegans</italic>; Alzheimer’s disease; fatty acid β-oxidation; lipid metabolism; Article",https://doi.org/10.3390/ijms26199303
https://pmc.ncbi.nlm.nih.gov/articles/PMC12530284/,No Evidence That Life History Strategies Shape Within‐Body Mosaics of Ageing,2025,"ABSTRACT: Tissues across the body may age at different rates, which creates within‐body mosaic ageing. Life history strategies shape ageing patterns at the inter‐ and intra‐specific level, but the impact of life history strategies on mosaic‐ageing patterns <italic toggle=""no"">within</italic> individuals remains unknown. Reproductive tissues in individuals selected to prioritise reproduction may age faster than somatic tissues because of increased ‘wear and tear’. Alternatively, individuals that prioritise reproduction may specially protect reproductive tissues at the expense of somatic tissues to allow for increased reproductive function. Here, we used Japanese quail (<styled-content style=""fixed-case"" toggle=""no"">
<italic toggle=""no"">Coturnix japonica</italic>
</styled-content>) artificially selected for increased versus reduced reproductive investment (egg size) to test how reproductive strategies modulate within‐body variation in ageing patterns, by measuring telomere length as an ageing biomarker in blood cells, spleen and reproductive tissue (oviduct and testis). Although there were absolute, sex‐specific differences in telomere length across tissue types, we did not find evidence that an individual's reproductive strategy shapes within‐body mosaics of ageing: patterns of relative telomere length in somatic and reproductive tissues were similar in individuals selected for high and low reproductive investment, respectively (i.e., no significant selection regime × tissue type interaction), and consistent strong positive correlations in telomere lengths among blood cells, spleen and reproductive tissue were observed within individuals across reproductive investment selection regimes. Our results suggest that an individual's life history strategy does not affect tissue‐specific ageing rates or that ‘wear and tear’ and ‘special protection’ mechanisms might act simultaneously and cancel each other out.",asynchronous ageing; differential ageing; disposable soma theory of ageing; pace of life; sexual dimorphism; telomere shortening and attrition; Original Article; ORIGINAL ARTICLE,https://doi.org/10.1111/mec.70040
https://pmc.ncbi.nlm.nih.gov/articles/PMC12408736/,"Subtelomeric elements provide stability to short telomeres in telomerase-negative cells of the budding yeast <italic toggle=""yes"">Naumovozyma castellii</italic>",2025,"Telomerase plays an important role in sustaining eukaryotic linear chromosomes, as elongation of telomeres is needed to counterbalance the shortening occurring in each replication round. Nevertheless, in telomerase-deficient cells, Alternative Lengthening of Telomeres (ALT) pathways can maintain telomeres by employing recombination-based mechanisms. In the budding yeast <italic toggle=""yes"">Naumovozyma castellii</italic>, effective activation of the ALT pathway leads to bypass of senescence and supports long-term growth. We found that telomere structures in <italic toggle=""yes"">N. castellii</italic> ALT cells are stably maintained at a shortened uniform length over extensive numbers of generations. This is correlated to the spreading of a subtelomeric sequence, TelKO element, to all telomeres. Genome sequencing of the wild-type strain revealed variants of the TelKO element, differing in their lengths, and separate ALT strains are maintained by spreading of distinct TelKO element variants. Although short uniform telomere structures are predominant, sporadic telomere lengthening events occur by addition of long repeated arrays of TelKO elements. The telomere-binding protein Rap1 can bind to TelKO sequences in vitro, indicating a functional role of TelKO elements in providing stability to shortened ALT telomeres. Our results suggest that stable maintenance and telomere functionality may be achieved by incorporating the distal subtelomeric TelKO sequences into the telomeric chromatin cap.","Telomere; Genome integrity; Alternative lengthening of telomeres (ALT); Telomerase-independent telomere maintenance; Subtelomeres; Budding yeast<italic toggle=""yes""> Naumovozyma castellii</italic>; Original Article",https://doi.org/10.1007/s00294-025-01325-w
https://pmc.ncbi.nlm.nih.gov/articles/PMC12517210/,Mitochondrial proteins as biomarkers of cellular senescence and age-associated diseases,2025,"Research in the field of mitochondrial biomarkers plays an important role in understanding the processes of cellular aging. Mitochondria are not only the energy centers of the cell, but also key regulators of signaling within the cell. They significantly affect the life and function of the cell. The aging process of cells is associated with various factors, including DNA damage, disruption of the cell cycle, changes in mitochondria, and problems with signal transmission. Mitochondrial dysfunction is a major contributor to cellular and organismal aging. As we age, there is an accumulation of dysfunctional mitochondria, leading to decreased efficiency of oxidative phosphorylation and increased production of reactive oxygen species. This review focuses on the main mitochondrial markers involved in the mechanisms of cell aging: DRP1, Prohibitin, Parkin, PINK1, MFF, VDAC, TOM. These signaling molecules are involved in mitochondrial fission and the mechanisms of mitochondria-dependent apoptosis, in the regulation of mitochondrial respiratory activity, ensuring the stability of the organization and copying of mitochondrial DNA, protecting cells from oxidative stress, in the process of autophagy of damaged mitochondria, in protective mechanisms during stress-induced mitochondrial dysfunction. Analysis of mitochondrial markers can provide valuable information about the state of cells and their functional significance at various stages of aging, which could promote our understanding of cellular aging mechanisms and developing corrective methods. These insights highlight mitochondrial proteins as potential therapeutic targets to combat age-related diseases.",mitochondria; mitochondrial proteins; biomarkers; cellular senescence; age-associated diseases; Review,https://doi.org/10.18632/aging.206305
https://pmc.ncbi.nlm.nih.gov/articles/PMC12523526/,Tert-Butyl Hydroperoxide in Human Adult Mesenchymal Stem Cells Isolated from Dermis: A Stress-Induced Premature Senescence Model,2025,"Stem cell (SC)-based therapy exploits the ability of cells to migrate to damaged tissues and repair them. In this context, there is a strong interest in the use of mesenchymal stem cells (MSCs), multipotent SCs that are easy to obtain and are able to differentiate into various cell lineages. However, MSCs undergo cellular senescence during in vitro expansion, and may also become senescent in vivo, influenced by multiple molecular, cellular, and environmental interactions. Therefore, the development of in vitro cell models is crucial to study the mechanisms underlying senescence in MSCs. This study aimed to investigate the effects of tert-butyl hydroperoxide (t-BHP) as a senescence inducer in human dermal MSCs (hDMSCs), a promising tool for tissue repair. t-BHP induced a pro-senescent effect on hDMSCs greater than hydrogen peroxide (H<sub>2</sub>O<sub>2</sub>), as evidenced by ROS production, DNA damage, cell cycle arrest, inhibition of cell proliferation, changes in cellular and nuclear morphology, and cytoskeletal reorganization, as well as the increase in other senescence markers, including senescence-associated β-galactosidase (SA-β-Gal)-positive cells, and senescence-associated secretory phenotype (SASP). These results indicate that t-BHP could be a promising compound for inducing stress-induced premature senescence (SIPS) in hDMSCs, providing a valuable tool to investigate this process and evaluate the efficacy of senolytic compounds.",dermal mesenchymal stem cells; tert-butyl hydroperoxide; hydrogen peroxide; stress-induced premature senescence (SIPS); Article,https://doi.org/10.3390/cells14191563
https://pmc.ncbi.nlm.nih.gov/articles/PMC12537207/,The regulatory mechanisms of active ingredients in traditional Chinese medicine for inflammation in Parkinson disease: A review,2025,"Parkinson disease (PD) is the second most common neurodegenerative disorder worldwide, affecting countless patients. Inflammation is a major pathogenic factor in PD. The regulation of inflammation involves multiple processes, including glial cell activation, oxidative stress responses, gut–brain axis signaling, and associated molecular pathways. In recent years, some progress has been made in the study of anti-inflammatory therapies for PD; however, their therapeutic efficacy remains limited. Thus, exploring alternative pharmacological interventions may represent a promising direction for managing inflammation in PD. Traditional Chinese medicine (TCM) has been found to exert therapeutic effects on PD-related inflammation, suggesting that further development of TCM could be beneficial. Therefore, focusing on the discovery and development of TCM-based treatments is worth pursuing. This review summarizes the major active components that show efficacy against PD inflammation and outlines their underlying mechanisms, with the aim of providing new perspectives for identifying alternative therapeutic strategies.",herbal medicine; inflammatory factors; inflammatory pathways; microglia; neuroinflammation; Parkinson disease; 5300; Research Article; Narrative Review,https://doi.org/10.1097/MD.0000000000044392
https://pmc.ncbi.nlm.nih.gov/articles/PMC12536632/,Dual Stages of Alcohol-Related Cerebral White Matter Degeneration Reviewed: Early-Stage Stress/Neuroinflammation Versus Late-Stage Impaired Insulin/IGF Signaling Through Akt-mTOR–Review,2025,"Abstract: Long-term effects of alcohol-related brain damage (ARBD) include neurocognitive and neurobehavioral dysfunctions with neurodegeneration. White matter (WM) is notably targeted across the lifespan yet relatively little is known about the stages, mechanisms, and consequences of myelin and axonal loss. In alcohol-related liver disease, early pathology is reversible, but with chronic heavy alcohol exposures, disease progresses with degeneration, and ultimately organ failure. Similarly, WM ARBD also develops in two broad stages. The early stages of WM ARBD are likely mediated by vascular dysfunction with tissue swelling, oligodendrocyte dysfunction, myelin loss, neuroinflammation, and oxidative stress. The chronic progressive stage is linked to metabolic dysfunction related to impairments in insulin and insulin-like growth factor signaling through Akt-mechanistic target of rapamycin (mTOR) pathways that mediate oligodendrocyte survival and function, myelin homeostasis, and blood-brain-barrier (BBB) integrity. We hypothesize that early-stage WM ARBD may be largely reversible by abstinence and anti-oxidant/anti-inflammatory measures, whereas late-stage ARBD requires strategies to restore WM/oligodendrocyte metabolic function via insulin sensitizer, antioxidant, anti-inflammatory, and myelin homeostasis/normalization support. Multi-pronged, overlapping but distinct therapeutic strategies are needed to reduce the impact and long-term health consequences of chronic progressive WM ARBD.",Alcohol; white matter; insulin signaling; mTOR; oligodendrocyte; Review Article; Review Article,https://doi.org/10.1080/17590914.2025.2573965
https://pmc.ncbi.nlm.nih.gov/articles/PMC12536836/,Association of non-linear dynamics of heart rate variability with all-cause mortality in patients with sarcoidosis,2025,,prediction; all-cause mortality; sarcoidosis; Original Article,https://doi.org/10.36141/svdld.v42i3.16332
https://pmc.ncbi.nlm.nih.gov/articles/PMC12536890/,Telomere–metabolism–immunity axis in sarcoma: Immune evasion mechanisms and therapeutic strategies,2025,"Abstract: Sarcomas are a heterogeneous group of mesenchymal malignancies with poor prognosis and limited response to standard therapies, including immune checkpoint inhibitors (ICIs). Tumour‐intrinsic factors—such as telomere maintenance mechanisms (TMMs) and metabolic reprogramming—play central roles in driving immune evasion and therapeutic resistance. Telomerase activation and alternative lengthening of telomeres sustain replicative immortality while influencing the tumour immune microenvironment. In parallel, metabolic adaptations, including glutamine dependency and arginine auxotrophy, further suppress antitumour immunity. Together, TMMs and metabolism form an integrated axis that shapes immune modulation and treatment outcomes. Recent advances—ranging from telomerase‐based vaccines and TMM‐targeted immunotherapies to metabolic modulators combined with ICIs—demonstrate the translational promise of targeting this axis. This review synthesises current knowledge on telomere‒metabolism crosstalk in sarcomas, highlights its impact on immunotherapy response, and outlines future directions for biomarker‐driven, combinatorial strategies to overcome resistance and improve patient outcomes.",combinatorial strategy; immune evasion; immunotherapy; metabolic reprogramming; sarcoma; telomere maintenance mechanisms (TMMs); Review; Review,https://doi.org/10.1002/ctm2.70504
https://pmc.ncbi.nlm.nih.gov/articles/PMC12523719/,EPDR1 Links Fibroblast Dysfunction to Disease Severity in Idiopathic Pulmonary Fibrosis,2025,,EPDR1; idiopathic pulmonary fibrosis; lysosome; fibroblasts; autophagy; cellular senescence; Article,https://doi.org/10.3390/cells14191515
https://pmc.ncbi.nlm.nih.gov/articles/PMC12537190/,"Willingness to pay for combined medical and old-age care services: A survey in Chengdu City, China",2025,"To provide a basis for service supply for older persons, we investigated older adults’ willingness to pay for combined medical and old-age care services in Jinjiang District, Chengdu. According to the Anderson model and the opinions of statistical experts, a questionnaire was designed, implemented in Questionnaire Star, and distributed to the residents of the Jinjiang District of Chengdu. Data were entered into Excel, and SPSS 27 was used to obtain descriptive statistics and to conduct single factor and logistic regression analyses. Statistically significant variables associated with older adults’ willingness to pay for combined services (<italic toggle=""yes"">P</italic> < .05) were age, occupation, education level, whether having commercial pension insurance, and whether there were health lectures in the community. There is high willingness to pay for combined medical and old-age care services in Jinjiang District.",Chengdu; Jinjiang District; Willingness to pay; 6600; Research Article; Observational Study,https://doi.org/10.1097/MD.0000000000045206
https://pmc.ncbi.nlm.nih.gov/articles/PMC10835255/,The molecular mechanism of aging and the role in neurodegenerative diseases,2024,"Aging is a complex and inevitable biological process affected by a combination of external environmental and genetic factors. Humans are currently living longer than ever before, accompanied with aging-related alterations such as diminished autophagy, decreased immunological function, mitochondrial malfunction, stem cell failure, accumulation of somatic and mitochondrial DNA mutations, loss of telomere, and altered nutrient metabolism. Aging leads to a decline in body functions and age-related diseases, for example, Alzheimer's disease, which adversely affects human health and longevity. The quality of life of the elderly is greatly diminished by the increase in their life expectancy rather than healthy life expectancy. With the rise in the age of the global population, aging and related diseases have become the focus of attention worldwide. In this review, we discuss several major mechanisms of aging, including DNA damage and repair, free radical oxidation, telomeres and telomerase, mitochondrial damage, inflammation, and their role in neurodegenerative diseases to provide a reference for the prevention of aging and its related diseases.",Aging; DNA damage; Radicals oxidative; Telomere; Energy metabolism; Anti-Aging; Review Article,https://doi.org/10.1016/j.heliyon.2024.e24751
https://pmc.ncbi.nlm.nih.gov/articles/PMC11810056/,Mikhail ‘Misha’ Blagosklonny’s enduring legacy in geroscience: the hyperfunction theory and the therapeutic potential of rapamycin,2025,"The untimely passing of Dr. Mikhail “Misha” Blagosklonny has left a lasting void in geroscience and oncology. This review examines his profound contributions, focusing on his pioneering the Hyperfunction Theory and his advocacy for rapamycin, an mTOR inhibitor, as a therapeutic agent for lifespan extension. Contrary to traditional damage-centric models, the Hyperfunction Theory rejects damage accumulation as the primary driver of aging. Instead, it redefines aging as a quasi-programmed process driven by the persistent, excessive activity of growth-promoting pathways beyond their developmental roles, leading to age-related pathologies. We explore how Blagosklonny’s insights predict rapamycin’s ability to decelerate aging by modulating excessive mTOR signaling, supported by empirical evidence across multiple physiological systems, including immune, cardiovascular, cognitive, and oncologic health. His forward-thinking approach, advocating for the cautious clinical use of rapamycin and suggesting personalized, preventive, and combination therapy strategies, has catalyzed interest in translational geroscience. This review synthesizes Blagosklonny’s legacy, presenting rapamycin as a foundational pharmacological intervention with potential in managing age-related decline and extending healthspan, and underlines his impact in shifting aging research from theoretical frameworks to actionable interventions. Blagosklonny’s work remains an enduring inspiration, paving the way toward treating aging as a modifiable condition.",rapamycin; longevity medicine; healthspan; geroscience; hyperfunction; Priority Review,https://doi.org/10.18632/aging.206189
https://pmc.ncbi.nlm.nih.gov/articles/PMC12537203/,Devil or angel: A review of autophagy in ischemia–reperfusion injury,2025,"Ischemia–reperfusion injury (IRI) is a secondary injury that occurs after recanalization of the blood flow in ischemic tissues or organs. Autophagy is a lysosome-dependent cellular process that eliminates misfolded proteins and functionally impaired organelles to maintain intracellular homeostasis. Autophagy plays a pivotal role in IRI occurrence and development. Autophagy acts as a “double-edged sword” in this context, and its role (positive or negative) in IRI remains controversial, complicating efforts to target autophagy to alleviate IRI. In this review, we explore the role of autophagy in various IRI diseases with the aim of providing insights for research focused on mitigating IRI through autophagy regulation.",autophagy; cell death; ischemia–reperfusion injury; lysosome; oxidative stress; reactive oxygen species; 4700; Research Article; Narrative Review,https://doi.org/10.1097/MD.0000000000045330
https://pmc.ncbi.nlm.nih.gov/articles/PMC12536756/,Matrix Metalloproteinase-9 as a Biomarker for Diagnosis and Monitor Disease Progression in Psoriatic Arthritis,2025,,psoriatic arthritis; matrix metalloproteinases 9 (MMP-9); disease activity; biomarker; diagnosis; Original Paper,https://doi.org/10.31138/mjr.151024.mpr
https://pmc.ncbi.nlm.nih.gov/articles/PMC12537267/,The impact of SULT1E1-mediated sleep characteristics on lung cancer risk: A mediation Mendelian randomization analysis study,2025,"The interplay between sleep characteristics, estrogen sulfotransferase (SULT1E1), and lung cancer may involve complex interactions. While prior research has predominantly examined the association of SULT1E1 with breast cancer and the individual effects of sleep characteristics on lung cancer, the potential multifaceted interactions among these 3 factors remain underexplored. This study employed a two-sample univariable Mendelian randomization framework to systematically examine potential causal associations between 8 distinct sleep-related traits and lung cancer, encompassing its various histological subtypes. Mediation Mendelian randomization (MR) analysis was implemented to assess the putative mediating role of SULT1E1 in these associations. Methodological rigor was ensured through the application of multiple complementary MR approaches. Comprehensive evaluation of heterogeneity and horizontal pleiotropy was conducted utilizing the MR-Egger regression intercept test, Cochran <italic toggle=""yes"">Q</italic> statistic, and leave-one-out sensitivity analysis. Furthermore, the Mendelian Randomization Pleiotropy RESidual Sum and Outlier was systematically applied to identify and adjust for potential horizontal pleiotropic effects. Moreover, we employed the false discovery rate method to correct for multiple hypothesis testing and control the risk of false-positive results. Mediation MR analysis, revealed a causal association between sleep duration and a reduced risk of squamous cell lung cancer (SCC), with 9.3% of the effect mediated by SULT1E1. Dozing off during the day was causally associated with a reduced risk of lung cancer and non-small cell lung cancer. Lack of sleep was causally associated with a reduced risk of small cell lung cancer. A causal association was observed between reduced sleep duration and an elevated risk of SCC. Mediation analysis demonstrated that SULT1E1 mediated 9.3% of the total effect of reduced sleep duration on SCC development.",lung cancer; MR analysis; sleep characteristics; sleep duration; SULT1E1; 5700; Research Article; Observational Study,https://doi.org/10.1097/MD.0000000000045167
https://pmc.ncbi.nlm.nih.gov/articles/PMC12536385/,[Corrigendum] UBE2T silencing suppresses proliferation and induces cell cycle arrest and apoptosis in bladder cancer cells,2025,,Corrigendum,https://doi.org/10.3892/ol.2025.15326
https://pmc.ncbi.nlm.nih.gov/articles/PMC12533538/,Unraveling the role of regulatory cell death in sepsis: an integrated analysis of bulk and single-cell sequencing data,2025,,Sepsis; Regulatory cell death; Machine learning; scRNA; CLP; Bioinformatics; Genomics; Immunology; Infectious Diseases; Translational Medicine,https://doi.org/10.7717/peerj.20167
https://pmc.ncbi.nlm.nih.gov/articles/PMC12537271/,"Epidemiology and Burden of Human Metapneumovirus Among Italian Adults in Outpatient and Inpatient Settings, 2014–2025",2025,ABSTRACT: ,adults; disease burden; human metapneumovirus; older adults; surveillance; Original Article; Original Article,https://doi.org/10.1111/irv.70175
https://pmc.ncbi.nlm.nih.gov/articles/PMC10170830/,Piperlongumine conquers temozolomide chemoradiotherapy resistance to achieve immune cure in refractory glioblastoma via boosting oxidative stress-inflamation-CD8<sup>+</sup>-T cell immunity,2023,,Piperlongumine; Glioma; Tumor microenvironment; ROS generation/elimination; Immunotherapy; PD-1; Research,https://doi.org/10.1186/s13046-023-02686-1
https://pmc.ncbi.nlm.nih.gov/articles/PMC11314175/,Thermally Stable UV-Curable Pressure-Sensitive Adhesives Based on Silicon–Acrylate Telomers and Selected Adhesion Promoters,2024,"A new type of UV-curable pressure-sensitive adhesive containing Si atoms (Si-PSAs) was prepared by a solution-free UV-initiated telomerization process of n-butyl acrylate, acrylic acid, methyl methacrylate, and 4-acrylooxybenzophenone using triethylsilane (TES) as a telogen and an acylphosphine oxide (APO) as a radical photoinitiator. Selected commercial adhesion promoters were tested as additives in the formulation of adhesive compositions, i.e., (i) an organic copolymer with polar groups (carboxyl and hydroxyl); (ii) a hydroxymetal-organic compound; and (iii) a quaternary ammonium salt and (iv) a chlorinated polyolefin. No fillers, crosslinking agents, or photoinitiators were used in the adhesive compositions. NMR techniques confirmed the incorporation of silicon atoms into the polyacrylate structure. The influence of adhesion promoters on the kinetics of the UV-crosslinking process of Si-PSAs was investigated by a photo-DSC technique. The obtained Si-PSAs were characterized by adhesion (to steel, glass, PMMA, and PE), tack, and cohesion at 20 °C. Finally, the wetting angle of Si-PSAs with water was checked and their thermal stability was proved (TGA). Unexpectedly, the quaternary ammonium salt had the most favorable effect on improving the thermal stability of Si-PSAs (302 °C) and adhesion to glass and PMMA. In contrast, Si-PSAs containing the hydroxymetal-organic compound showed excellent adhesion to steel.",photopolymerization; telomerization; adhesion promoter; pressure-sensitive adhesives; silicone; acrylate; Article,https://doi.org/10.3390/polym16152178
https://pmc.ncbi.nlm.nih.gov/articles/PMC12533249/,The variational modulus density theory explains mechanical responses of cell membranes and membrane crosslinkers,2025,"Both classical mechanics and quantum mechanics explain Brownian motion. However, it remains unclear whether they are compatible with each other, as the physical and mathematical identity of the wavefunction in quantum mechanics has been elusive. In this work, a continuum theory using grammars in classical mechanics modeling, but potentially compatible with the quantum wavefunction, is introduced. The theory explains the confined Brownian motion of cell membrane inclusions interacting with extracellular matrices or cytoskeletons via elastic molecular crosslinkers. This crosslinker theory is integrated into the Canham-Helfrich-Evans model for fluid membranes. Calculations, based on a finite element method for the combined theory, reproduced measured data from adhesion molecular machineries and cell membranes. Overall, by providing physical and mathematical interpretations of the quantum wavefunction, the presented theoretical model provides improved capabilities for the realistic simulation of cell membranes and membrane linker proteins.",Membrane-crosslinker interaction; Confined Brownian motion; Quantum wavefunction; Lipid nanodomain; Adhesion molecular machinery; Finite element method; Membrane biophysics; Mechanical engineering; Computational science; Biological physics; Applied physics; Article,https://doi.org/10.1038/s41598-025-17573-2
https://pmc.ncbi.nlm.nih.gov/articles/PMC12473110/,Higher Local Food Consumption Is Associated with Higher Adherence to the Mediterranean Diet and Better Healthy Aging: Results of the DIAPELH Study,2025,"<bold>Background/Objectives</bold>: Sustainable dietary patterns in geriatrics have gained considerable attention. In this cross-sectional study, we investigated whether higher consumption of locally produced foods is associated with higher adherence to the Mediterranean diet and with better healthy aging status among Greek older adults. <bold>Methods</bold>: Sociodemographic, anthropometrical, lifestyle, dietary, cognitive, and mental characteristics assessed through validated questionnaires and procedures, were assessed. Participants (N = 449) were divided into three local food consumption groups/tertiles: “high” (≥45% of total dietary intake), “moderate” (27–44%) and “low” (≤26%). MedDietScore (0–55) was used to assess the level of adherence to the Mediterranean diet and SAI (0–10) to assess healthy aging. <bold>Results</bold>: Older adults of the “high” group showed an increase of 0.817 units in the SAI index compared to older adults of the “low” group. Additionally, high local food consumption was also associated with higher SAI levels (b = 0.493, <italic toggle=""yes"">p</italic> = 0.007) compared to the “moderate” group. Among older individuals whose diet comprises over 45% local foods, an increase of approximately 2.8 and 1.95 units in the MedDietScore was detected when compared to the “low” and “moderate” groups. <bold>Conclusions</bold>: Higher consumption of local foods, and more specifically consuming local foods in more than 45% of the total dietary intake, is associated with greater adherence to the Mediterranean diet and better healthy aging. The results suggest that food locality may play an important role in shaping better dietary habits, health trajectories, and quality of life of older adults.",local foods; Mediterranean diet; healthy aging; successful aging; older adults; Article,https://doi.org/10.3390/nu17182975
https://pmc.ncbi.nlm.nih.gov/articles/PMC12508691/,"Hypertranscription of <styled-content style=""fixed-case"" toggle=""no"">rDNA</styled-content> Responsible for Nucleolar Remodelling is a Doorman for Acquiring Pluripotency",2025,"ABSTRACT: Ribosome biogenesis occurs within the nucleolus, with the initial step being the transcription of ribosomal DNA (rDNA). Although rDNA transcription is limited in somatic cells, it is more active in stem cells. Nevertheless, the mechanisms involved in somatic cell reprogramming remain elusive. Both somatic and stem cell nucleoli exhibit a reticular structure. However, under the electron microscope, we identified an intermediate nucleolar state during reprogramming. This state underwent changes characterised by rDNA hypertranscription, resulting in an enlarged nucleolus, enhanced activity of nucleolus organiser regions (NORs), and a transition from the reticular nucleolar type to an intermediate state of reprogramming, whose three liquid phase boundaries are blurred. Our research revealed that Oct4 was directly targeted to the rDNA enhancer region, promoting its hypertranscription and nucleolar enlargement during reprogramming. Using rDNA transcriptional inhibitors, we proved that nucleolar remodelling and subsequent reprogramming are halted by inhibiting rDNA transcription. But why could rDNA transcriptional activity influence reprogramming? Our findings elucidate that the active nucleoli have the capability to release perinucleolar heterochromatin. By joint analysis of Assay for Transposase‐Accessible Chromatin with high throughput sequencing (ATAC‐seq) and RNA‐seq, we have characterised the perinucleolar chromatin released by the nucleolus in a reprogramming intermediate state. The released chromatin mainly impacted mesenchymal‐to‐epithelial transition (MET)‐related genes. MET is a stage of silencing of mesenchymal genes, accompanied by the activation of epithelial genes. Concurrently, the morphology of mouse embryonic fibroblast cells (MEFs) transitions from elongated spindle‐shaped cells to short roundish forms, exhibiting a propensity to cluster together. MET was considered an early event in reprogramming; our findings suggested that nucleolar remodelling occurred before MET.",chromatin accessibility; iPSC reprogramming; nucleoli; rDNA; Original Article; Original Article,https://doi.org/10.1111/cpr.70052
https://pmc.ncbi.nlm.nih.gov/articles/PMC12528364/,p53 and PD-1/PD-L1 expression contribute to disease progression and are correlated to immune infiltrates in urothelial carcinoma,2025,"The relevance and clinical significance of p53 and PD-1/PD-L1 in urothelial carcinoma (UC) are still unknown. This study was to explore the expression, clinical significance, and correlation of p53, PD-1/PD-L1, as well as their associations with immune cells, immune checkpoints and immunotherapy in UC. The expression of p53 and PD-1/PD-L1 were analyzed by the tumor immune estimation resource (TIMER), SangerBox, Gene Expression Profiling Interactive Analysis (GEPIA) databases and immunohistochemistry. The University of ALabama at Birmingham CANcer data analysis Portal (UALCAN) and Kaplan-Meier plotter databases were used to examine the clinical and prognostic value of p53 and PD-1/PD-L1 in bladder cancer (BLCA). Next, Gene Ontology (GO) and Kyoto Encyclopedia of Genes and Genomes (KEGG) pathway analyses were performed to analyze the potential mechanisms between p53, PD-1/PD-L1, and their co-expression genes and proteins identified through the GeneMANIA, STRING databases, and competitive endogenous RNA (ceRNA) network. The TIMER, GEPIA2, and An integrated repository portal for tumor-immune system interactions (TISIDB) databases were used to analyze the correlation of p53 and PD-1/PD-L1 expression with immune cell infiltration and immune cell gene markers in BLCA. Finally, the association between p53, PD-1/PD-L1 expression and immunotherapy checkpoint inhibitor (ICB), tumor mutation burden (TMB), tumour immune dysfunction and exclusion (TIDE) scores, and immunotherapy in TCGA-BLCA data was analyzed using the “Limma” package. Overall, p53 and PD-L1 expression were found to be significantly different between UC tissues and adjacent normal tissues, whereas no significant difference in PD-1 expression was observed. Pan-cancer survival analysis showed that p53, PD-1/PD-L1 were significantly associated with the prognosis of a variety of pan-cancers, including overall survival (OS) and relapse-free survival (RFS). However, further analysis also confirmed that only low PD-1 expression was associated with poorer OS and RFS in BLCA. In addition, p53 and PD-1/PD-L1 expression are closely related to adverse clinicopathological features. The correlation analysis between p53 and PD-1/PD-L1 showed a significant negative correlation between p53 and PD-1, while PD-1 was significantly positively correlated with PD-L1. Notably, p53 and PD-1/PD-L1 were found to be involved in the regulation of immune responses in GeneMANIA, STRING, ceRNA network, and functional enrichment analysis. Further analysis indicated that p53 and PD-1/PD-L1 were associated with specific immune cells and immune cell gene markers, which may partially affect UC prognosis due to the level of immune cell infiltration. Meanwhile, the correlation analysis of p53, PD-1/PD-L1 with ICB, TMB, TIDE scores and immunotherapy revealed that p53 had a better immunotherapeutic effect in PD-1 negative BLCA patients; Whereas, high PD-1/PD-L1 expression had a better immunotherapeutic effect regardless of CTLA4 and/or PD-1 positivity. As an immune gene or protein associated with PD-1/PD-L1, p53 is significantly negatively correlated with PD-1. High expression of p53 may inhibit PD-1 expression, further inhibiting the PD-1/PD-L1 axis to reduce immunosuppressive status. In addition, p53 may also block the formation of PD-1/PD-L1 resistance by inhibiting the polarization of TAMs and M2 macrophages. This work demonstrates the important role of p53 in PD-1/PD-L1 axis-based immunotherapy for UC patients, and p53 is expected to become a key target for breaking through the current status of immunotherapy.",P53; PD-1/PD-L1; Urothelial carcinoma; Bladder cancer; Immune infiltration; Urological cancer; Cancer microenvironment; Genetic databases; Predictive markers; Urogenital diseases; Article,https://doi.org/10.1038/s41598-025-19897-5
https://pmc.ncbi.nlm.nih.gov/articles/PMC12520475/,Correction to “Fundamentals and Applications of Dual‐Frequency Magnetic Particle Spectroscopy: Review for Biomedicine and Materials Characterization”,2025,,Correction; Correction,https://doi.org/10.1002/advs.202513790
https://pmc.ncbi.nlm.nih.gov/articles/PMC12533209/,Leukemic Cells Hijack Stromal Bioelectricity to Reprogram the Bone Marrow Niche via CaV1.2‐Dependent Mechanisms,2025,"Abstract: Mesenchymal stromal cells (MSCs) are key components of the tumor microenvironment (TME), influencing leukemia progression through poorly understood mechanisms. Here, the bioelectrical properties of MSCs derived from pediatric acute myeloid leukemia (AML) patients (AML‐MSCs) are investigated, identifying a significant depolarization of their resting voltage membrane potential (V<sub>mem</sub>, −14.7 mV) compared to healthy MSCs (h‐MSCs, −28.5 mV), accompanied by downregulation of Calcium channel, voltage‐dependent, L type, alpha 1C subunit1.2 (CaV1.2) L‐type calcium channel expression. AML‐MSCs display increased spontaneous calcium oscillations, suggesting altered ion homeostasis. Notably, h‐MSCs exposed to AML blasts undergo a similar V<sub>mem</sub> depolarization (−11.8 mV) and CaV1.2 downregulation, indicating that leukemic cells actively reprogram MSCs. Functionally, V<sub>mem</sub> depolarization in h‐MSCs promotes a pro‐leukemic phenotype, whereas hyperpolarization of AML‐MSCs restores a normal behavior. CaV1.2 over‐expression by lentiviral vectors in AML‐MSCs shifts the V<sub>mem</sub> toward hyperpolarization and partially reverses their leukemia‐supportive properties, in part through CaV1.2 transfer via tunneling nanotubes. These findings reveal that AML blasts impose a bioelectrical signature on MSCs, modulating ion channel activity to sustain a leukemic niche. Targeting this electrical reprogramming through CaV1.2 restoration represents a potential strategy to re‐establish homeostasis in the bone marrow microenvironment.",acute myeloid leukemia; bioelectricity; mesenchymal stromal cells; tumor microenvironment; voltage membrane potential; Research Article; Research Article,https://doi.org/10.1002/advs.202508940
